input_id,id_employee,prediction_timestamp,features
17975,21348,2025-12-10 20:24:06.169394+00:00,"{""id_employee"": 21348, ""age"": 33, ""genre"": ""F"", ""revenu_mensuel"": 2909, ""statut_marital"": ""Mari\u00e9(e)"", ""departement"": ""Consulting"", ""poste"": ""Assistant de Direction"", ""nombre_experiences_precedentes"": 1, ""nombre_heures_travailless"": 80, ""annee_experience_totale"": 8, ""annees_dans_l_entreprise"": 8, ""annees_dans_le_poste_actuel"": 7, ""nombre_participation_pee"": 0, ""nb_formations_suivies"": 3, ""nombre_employee_sous_responsabilite"": 1, ""distance_domicile_travail"": 3, ""niveau_education"": 4, ""domaine_etude"": ""Infra & Cloud"", ""ayant_enfants"": ""Y"", ""frequence_deplacement"": ""Frequent"", ""annees_depuis_la_derniere_promotion"": 3, ""annes_sous_responsable_actuel"": 0, ""satisfaction_employee_environnement"": 4, ""note_evaluation_precedente"": 3, ""niveau_hierarchique_poste"": 1, ""satisfaction_employee_nature_travail"": 3, ""satisfaction_employee_equipe"": 3, ""satisfaction_employee_equilibre_pro_perso"": 3, ""eval_number"": ""E_21348"", ""note_evaluation_actuelle"": 3, ""heure_supplementaires"": ""Oui"", ""augementation_salaire_precedente"": ""11%""}"
17974,21347,2025-12-10 20:24:06.133506+00:00,"{""id_employee"": 21347, ""age"": 37, ""genre"": ""M"", ""revenu_mensuel"": 2090, ""statut_marital"": ""C\u00e9libataire"", ""departement"": ""Consulting"", ""poste"": ""Consultant"", ""nombre_experiences_precedentes"": 6, ""nombre_heures_travailless"": 80, ""annee_experience_totale"": 7, ""annees_dans_l_entreprise"": 0, ""annees_dans_le_poste_actuel"": 0, ""nombre_participation_pee"": 0, ""nb_formations_suivies"": 3, ""nombre_employee_sous_responsabilite"": 1, ""distance_domicile_travail"": 2, ""niveau_education"": 2, ""domaine_etude"": ""Autre"", ""ayant_enfants"": ""Y"", ""frequence_deplacement"": ""Occasionnel"", ""annees_depuis_la_derniere_promotion"": 0, ""annes_sous_responsable_actuel"": 0, ""satisfaction_employee_environnement"": 4, ""note_evaluation_precedente"": 2, ""niveau_hierarchique_poste"": 1, ""satisfaction_employee_nature_travail"": 3, ""satisfaction_employee_equipe"": 2, ""satisfaction_employee_equilibre_pro_perso"": 3, ""eval_number"": ""E_21347"", ""note_evaluation_actuelle"": 3, ""heure_supplementaires"": ""Oui"", ""augementation_salaire_precedente"": ""15%""}"
17973,21346,2025-12-10 20:24:06.099594+00:00,"{""id_employee"": 21346, ""age"": 49, ""genre"": ""M"", ""revenu_mensuel"": 5130, ""statut_marital"": ""Mari\u00e9(e)"", ""departement"": ""Consulting"", ""poste"": ""Assistant de Direction"", ""nombre_experiences_precedentes"": 1, ""nombre_heures_travailless"": 80, ""annee_experience_totale"": 10, ""annees_dans_l_entreprise"": 10, ""annees_dans_le_poste_actuel"": 7, ""nombre_participation_pee"": 1, ""nb_formations_suivies"": 3, ""nombre_employee_sous_responsabilite"": 1, ""distance_domicile_travail"": 8, ""niveau_education"": 1, ""domaine_etude"": ""Infra & Cloud"", ""ayant_enfants"": ""Y"", ""frequence_deplacement"": ""Frequent"", ""annees_depuis_la_derniere_promotion"": 1, ""annes_sous_responsable_actuel"": 7, ""satisfaction_employee_environnement"": 3, ""note_evaluation_precedente"": 2, ""niveau_hierarchique_poste"": 2, ""satisfaction_employee_nature_travail"": 2, ""satisfaction_employee_equipe"": 4, ""satisfaction_employee_equilibre_pro_perso"": 3, ""eval_number"": ""E_21346"", ""note_evaluation_actuelle"": 4, ""heure_supplementaires"": ""Non"", ""augementation_salaire_precedente"": ""23%""}"
17972,21345,2025-12-10 20:24:06.041002+00:00,"{""id_employee"": 21345, ""age"": 41, ""genre"": ""F"", ""revenu_mensuel"": 5993, ""statut_marital"": ""C\u00e9libataire"", ""departement"": ""Commercial"", ""poste"": ""Cadre Commercial"", ""nombre_experiences_precedentes"": 8, ""nombre_heures_travailless"": 80, ""annee_experience_totale"": 8, ""annees_dans_l_entreprise"": 6, ""annees_dans_le_poste_actuel"": 4, ""nombre_participation_pee"": 0, ""nb_formations_suivies"": 0, ""nombre_employee_sous_responsabilite"": 1, ""distance_domicile_travail"": 1, ""niveau_education"": 2, ""domaine_etude"": ""Infra & Cloud"", ""ayant_enfants"": ""Y"", ""frequence_deplacement"": ""Occasionnel"", ""annees_depuis_la_derniere_promotion"": 0, ""annes_sous_responsable_actuel"": 5, ""satisfaction_employee_environnement"": 2, ""note_evaluation_precedente"": 3, ""niveau_hierarchique_poste"": 2, ""satisfaction_employee_nature_travail"": 4, ""satisfaction_employee_equipe"": 1, ""satisfaction_employee_equilibre_pro_perso"": 1, ""eval_number"": ""E_21345"", ""note_evaluation_actuelle"": 3, ""heure_supplementaires"": ""Oui"", ""augementation_salaire_precedente"": ""11%""}"
17971,21348,2025-12-10 20:24:05.109779+00:00,"{""id_employee"": 21348, ""age"": 33, ""genre"": ""F"", ""revenu_mensuel"": 2909, ""statut_marital"": ""Mari\u00e9(e)"", ""departement"": ""Consulting"", ""poste"": ""Assistant de Direction"", ""nombre_experiences_precedentes"": 1, ""nombre_heures_travailless"": 80, ""annee_experience_totale"": 8, ""annees_dans_l_entreprise"": 8, ""annees_dans_le_poste_actuel"": 7, ""nombre_participation_pee"": 0, ""nb_formations_suivies"": 3, ""nombre_employee_sous_responsabilite"": 1, ""distance_domicile_travail"": 3, ""niveau_education"": 4, ""domaine_etude"": ""Infra & Cloud"", ""ayant_enfants"": ""Y"", ""frequence_deplacement"": ""Frequent"", ""annees_depuis_la_derniere_promotion"": 3, ""annes_sous_responsable_actuel"": 0, ""satisfaction_employee_environnement"": 4, ""note_evaluation_precedente"": 3, ""niveau_hierarchique_poste"": 1, ""satisfaction_employee_nature_travail"": 3, ""satisfaction_employee_equipe"": 3, ""satisfaction_employee_equilibre_pro_perso"": 3, ""eval_number"": ""E_21348"", ""note_evaluation_actuelle"": 3, ""heure_supplementaires"": ""Oui"", ""augementation_salaire_precedente"": ""11%""}"
17970,21347,2025-12-10 20:24:05.083837+00:00,"{""id_employee"": 21347, ""age"": 37, ""genre"": ""M"", ""revenu_mensuel"": 2090, ""statut_marital"": ""C\u00e9libataire"", ""departement"": ""Consulting"", ""poste"": ""Consultant"", ""nombre_experiences_precedentes"": 6, ""nombre_heures_travailless"": 80, ""annee_experience_totale"": 7, ""annees_dans_l_entreprise"": 0, ""annees_dans_le_poste_actuel"": 0, ""nombre_participation_pee"": 0, ""nb_formations_suivies"": 3, ""nombre_employee_sous_responsabilite"": 1, ""distance_domicile_travail"": 2, ""niveau_education"": 2, ""domaine_etude"": ""Autre"", ""ayant_enfants"": ""Y"", ""frequence_deplacement"": ""Occasionnel"", ""annees_depuis_la_derniere_promotion"": 0, ""annes_sous_responsable_actuel"": 0, ""satisfaction_employee_environnement"": 4, ""note_evaluation_precedente"": 2, ""niveau_hierarchique_poste"": 1, ""satisfaction_employee_nature_travail"": 3, ""satisfaction_employee_equipe"": 2, ""satisfaction_employee_equilibre_pro_perso"": 3, ""eval_number"": ""E_21347"", ""note_evaluation_actuelle"": 3, ""heure_supplementaires"": ""Oui"", ""augementation_salaire_precedente"": ""15%""}"
17969,21346,2025-12-10 20:24:05.051117+00:00,"{""id_employee"": 21346, ""age"": 49, ""genre"": ""M"", ""revenu_mensuel"": 5130, ""statut_marital"": ""Mari\u00e9(e)"", ""departement"": ""Consulting"", ""poste"": ""Assistant de Direction"", ""nombre_experiences_precedentes"": 1, ""nombre_heures_travailless"": 80, ""annee_experience_totale"": 10, ""annees_dans_l_entreprise"": 10, ""annees_dans_le_poste_actuel"": 7, ""nombre_participation_pee"": 1, ""nb_formations_suivies"": 3, ""nombre_employee_sous_responsabilite"": 1, ""distance_domicile_travail"": 8, ""niveau_education"": 1, ""domaine_etude"": ""Infra & Cloud"", ""ayant_enfants"": ""Y"", ""frequence_deplacement"": ""Frequent"", ""annees_depuis_la_derniere_promotion"": 1, ""annes_sous_responsable_actuel"": 7, ""satisfaction_employee_environnement"": 3, ""note_evaluation_precedente"": 2, ""niveau_hierarchique_poste"": 2, ""satisfaction_employee_nature_travail"": 2, ""satisfaction_employee_equipe"": 4, ""satisfaction_employee_equilibre_pro_perso"": 3, ""eval_number"": ""E_21346"", ""note_evaluation_actuelle"": 4, ""heure_supplementaires"": ""Non"", ""augementation_salaire_precedente"": ""23%""}"
17968,21345,2025-12-10 20:24:05.013600+00:00,"{""id_employee"": 21345, ""age"": 41, ""genre"": ""F"", ""revenu_mensuel"": 5993, ""statut_marital"": ""C\u00e9libataire"", ""departement"": ""Commercial"", ""poste"": ""Cadre Commercial"", ""nombre_experiences_precedentes"": 8, ""nombre_heures_travailless"": 80, ""annee_experience_totale"": 8, ""annees_dans_l_entreprise"": 6, ""annees_dans_le_poste_actuel"": 4, ""nombre_participation_pee"": 0, ""nb_formations_suivies"": 0, ""nombre_employee_sous_responsabilite"": 1, ""distance_domicile_travail"": 1, ""niveau_education"": 2, ""domaine_etude"": ""Infra & Cloud"", ""ayant_enfants"": ""Y"", ""frequence_deplacement"": ""Occasionnel"", ""annees_depuis_la_derniere_promotion"": 0, ""annes_sous_responsable_actuel"": 5, ""satisfaction_employee_environnement"": 2, ""note_evaluation_precedente"": 3, ""niveau_hierarchique_poste"": 2, ""satisfaction_employee_nature_travail"": 4, ""satisfaction_employee_equipe"": 1, ""satisfaction_employee_equilibre_pro_perso"": 1, ""eval_number"": ""E_21345"", ""note_evaluation_actuelle"": 3, ""heure_supplementaires"": ""Oui"", ""augementation_salaire_precedente"": ""11%""}"
17967,21348,2025-12-10 20:24:04.878604+00:00,"{""id_employee"": 21348, ""age"": 33, ""genre"": ""F"", ""revenu_mensuel"": 2909, ""statut_marital"": ""Mari\u00e9(e)"", ""departement"": ""Consulting"", ""poste"": ""Assistant de Direction"", ""nombre_experiences_precedentes"": 1, ""nombre_heures_travailless"": 80, ""annee_experience_totale"": 8, ""annees_dans_l_entreprise"": 8, ""annees_dans_le_poste_actuel"": 7, ""nombre_participation_pee"": 0, ""nb_formations_suivies"": 3, ""nombre_employee_sous_responsabilite"": 1, ""distance_domicile_travail"": 3, ""niveau_education"": 4, ""domaine_etude"": ""Infra & Cloud"", ""ayant_enfants"": ""Y"", ""frequence_deplacement"": ""Frequent"", ""annees_depuis_la_derniere_promotion"": 3, ""annes_sous_responsable_actuel"": 0, ""satisfaction_employee_environnement"": 4, ""note_evaluation_precedente"": 3, ""niveau_hierarchique_poste"": 1, ""satisfaction_employee_nature_travail"": 3, ""satisfaction_employee_equipe"": 3, ""satisfaction_employee_equilibre_pro_perso"": 3, ""eval_number"": ""E_21348"", ""note_evaluation_actuelle"": 3, ""heure_supplementaires"": ""Oui"", ""augementation_salaire_precedente"": ""11%""}"
17966,21347,2025-12-10 20:24:04.860985+00:00,"{""id_employee"": 21347, ""age"": 37, ""genre"": ""M"", ""revenu_mensuel"": 2090, ""statut_marital"": ""C\u00e9libataire"", ""departement"": ""Consulting"", ""poste"": ""Consultant"", ""nombre_experiences_precedentes"": 6, ""nombre_heures_travailless"": 80, ""annee_experience_totale"": 7, ""annees_dans_l_entreprise"": 0, ""annees_dans_le_poste_actuel"": 0, ""nombre_participation_pee"": 0, ""nb_formations_suivies"": 3, ""nombre_employee_sous_responsabilite"": 1, ""distance_domicile_travail"": 2, ""niveau_education"": 2, ""domaine_etude"": ""Autre"", ""ayant_enfants"": ""Y"", ""frequence_deplacement"": ""Occasionnel"", ""annees_depuis_la_derniere_promotion"": 0, ""annes_sous_responsable_actuel"": 0, ""satisfaction_employee_environnement"": 4, ""note_evaluation_precedente"": 2, ""niveau_hierarchique_poste"": 1, ""satisfaction_employee_nature_travail"": 3, ""satisfaction_employee_equipe"": 2, ""satisfaction_employee_equilibre_pro_perso"": 3, ""eval_number"": ""E_21347"", ""note_evaluation_actuelle"": 3, ""heure_supplementaires"": ""Oui"", ""augementation_salaire_precedente"": ""15%""}"
17965,21346,2025-12-10 20:24:04.846395+00:00,"{""id_employee"": 21346, ""age"": 49, ""genre"": ""M"", ""revenu_mensuel"": 5130, ""statut_marital"": ""Mari\u00e9(e)"", ""departement"": ""Consulting"", ""poste"": ""Assistant de Direction"", ""nombre_experiences_precedentes"": 1, ""nombre_heures_travailless"": 80, ""annee_experience_totale"": 10, ""annees_dans_l_entreprise"": 10, ""annees_dans_le_poste_actuel"": 7, ""nombre_participation_pee"": 1, ""nb_formations_suivies"": 3, ""nombre_employee_sous_responsabilite"": 1, ""distance_domicile_travail"": 8, ""niveau_education"": 1, ""domaine_etude"": ""Infra & Cloud"", ""ayant_enfants"": ""Y"", ""frequence_deplacement"": ""Frequent"", ""annees_depuis_la_derniere_promotion"": 1, ""annes_sous_responsable_actuel"": 7, ""satisfaction_employee_environnement"": 3, ""note_evaluation_precedente"": 2, ""niveau_hierarchique_poste"": 2, ""satisfaction_employee_nature_travail"": 2, ""satisfaction_employee_equipe"": 4, ""satisfaction_employee_equilibre_pro_perso"": 3, ""eval_number"": ""E_21346"", ""note_evaluation_actuelle"": 4, ""heure_supplementaires"": ""Non"", ""augementation_salaire_precedente"": ""23%""}"
17964,21345,2025-12-10 20:24:04.785908+00:00,"{""id_employee"": 21345, ""age"": 41, ""genre"": ""F"", ""revenu_mensuel"": 5993, ""statut_marital"": ""C\u00e9libataire"", ""departement"": ""Commercial"", ""poste"": ""Cadre Commercial"", ""nombre_experiences_precedentes"": 8, ""nombre_heures_travailless"": 80, ""annee_experience_totale"": 8, ""annees_dans_l_entreprise"": 6, ""annees_dans_le_poste_actuel"": 4, ""nombre_participation_pee"": 0, ""nb_formations_suivies"": 0, ""nombre_employee_sous_responsabilite"": 1, ""distance_domicile_travail"": 1, ""niveau_education"": 2, ""domaine_etude"": ""Infra & Cloud"", ""ayant_enfants"": ""Y"", ""frequence_deplacement"": ""Occasionnel"", ""annees_depuis_la_derniere_promotion"": 0, ""annes_sous_responsable_actuel"": 5, ""satisfaction_employee_environnement"": 2, ""note_evaluation_precedente"": 3, ""niveau_hierarchique_poste"": 2, ""satisfaction_employee_nature_travail"": 4, ""satisfaction_employee_equipe"": 1, ""satisfaction_employee_equilibre_pro_perso"": 1, ""eval_number"": ""E_21345"", ""note_evaluation_actuelle"": 3, ""heure_supplementaires"": ""Oui"", ""augementation_salaire_precedente"": ""11%""}"
17963,21348,2025-12-10 17:52:23.988638+00:00,"{""id_employee"": 21348, ""age"": 33, ""genre"": ""F"", ""revenu_mensuel"": 2909, ""statut_marital"": ""Mari\u00e9(e)"", ""departement"": ""Consulting"", ""poste"": ""Assistant de Direction"", ""nombre_experiences_precedentes"": 1, ""nombre_heures_travailless"": 80, ""annee_experience_totale"": 8, ""annees_dans_l_entreprise"": 8, ""annees_dans_le_poste_actuel"": 7, ""nombre_participation_pee"": 0, ""nb_formations_suivies"": 3, ""nombre_employee_sous_responsabilite"": 1, ""distance_domicile_travail"": 3, ""niveau_education"": 4, ""domaine_etude"": ""Infra & Cloud"", ""ayant_enfants"": ""Y"", ""frequence_deplacement"": ""Frequent"", ""annees_depuis_la_derniere_promotion"": 3, ""annes_sous_responsable_actuel"": 0, ""satisfaction_employee_environnement"": 4, ""note_evaluation_precedente"": 3, ""niveau_hierarchique_poste"": 1, ""satisfaction_employee_nature_travail"": 3, ""satisfaction_employee_equipe"": 3, ""satisfaction_employee_equilibre_pro_perso"": 3, ""eval_number"": ""E_21348"", ""note_evaluation_actuelle"": 3, ""heure_supplementaires"": ""Oui"", ""augementation_salaire_precedente"": ""11%""}"
17962,21347,2025-12-10 17:52:23.953464+00:00,"{""id_employee"": 21347, ""age"": 37, ""genre"": ""M"", ""revenu_mensuel"": 2090, ""statut_marital"": ""C\u00e9libataire"", ""departement"": ""Consulting"", ""poste"": ""Consultant"", ""nombre_experiences_precedentes"": 6, ""nombre_heures_travailless"": 80, ""annee_experience_totale"": 7, ""annees_dans_l_entreprise"": 0, ""annees_dans_le_poste_actuel"": 0, ""nombre_participation_pee"": 0, ""nb_formations_suivies"": 3, ""nombre_employee_sous_responsabilite"": 1, ""distance_domicile_travail"": 2, ""niveau_education"": 2, ""domaine_etude"": ""Autre"", ""ayant_enfants"": ""Y"", ""frequence_deplacement"": ""Occasionnel"", ""annees_depuis_la_derniere_promotion"": 0, ""annes_sous_responsable_actuel"": 0, ""satisfaction_employee_environnement"": 4, ""note_evaluation_precedente"": 2, ""niveau_hierarchique_poste"": 1, ""satisfaction_employee_nature_travail"": 3, ""satisfaction_employee_equipe"": 2, ""satisfaction_employee_equilibre_pro_perso"": 3, ""eval_number"": ""E_21347"", ""note_evaluation_actuelle"": 3, ""heure_supplementaires"": ""Oui"", ""augementation_salaire_precedente"": ""15%""}"
17961,21346,2025-12-10 17:52:23.911830+00:00,"{""id_employee"": 21346, ""age"": 49, ""genre"": ""M"", ""revenu_mensuel"": 5130, ""statut_marital"": ""Mari\u00e9(e)"", ""departement"": ""Consulting"", ""poste"": ""Assistant de Direction"", ""nombre_experiences_precedentes"": 1, ""nombre_heures_travailless"": 80, ""annee_experience_totale"": 10, ""annees_dans_l_entreprise"": 10, ""annees_dans_le_poste_actuel"": 7, ""nombre_participation_pee"": 1, ""nb_formations_suivies"": 3, ""nombre_employee_sous_responsabilite"": 1, ""distance_domicile_travail"": 8, ""niveau_education"": 1, ""domaine_etude"": ""Infra & Cloud"", ""ayant_enfants"": ""Y"", ""frequence_deplacement"": ""Frequent"", ""annees_depuis_la_derniere_promotion"": 1, ""annes_sous_responsable_actuel"": 7, ""satisfaction_employee_environnement"": 3, ""note_evaluation_precedente"": 2, ""niveau_hierarchique_poste"": 2, ""satisfaction_employee_nature_travail"": 2, ""satisfaction_employee_equipe"": 4, ""satisfaction_employee_equilibre_pro_perso"": 3, ""eval_number"": ""E_21346"", ""note_evaluation_actuelle"": 4, ""heure_supplementaires"": ""Non"", ""augementation_salaire_precedente"": ""23%""}"
17960,21345,2025-12-10 17:52:23.871625+00:00,"{""id_employee"": 21345, ""age"": 41, ""genre"": ""F"", ""revenu_mensuel"": 5993, ""statut_marital"": ""C\u00e9libataire"", ""departement"": ""Commercial"", ""poste"": ""Cadre Commercial"", ""nombre_experiences_precedentes"": 8, ""nombre_heures_travailless"": 80, ""annee_experience_totale"": 8, ""annees_dans_l_entreprise"": 6, ""annees_dans_le_poste_actuel"": 4, ""nombre_participation_pee"": 0, ""nb_formations_suivies"": 0, ""nombre_employee_sous_responsabilite"": 1, ""distance_domicile_travail"": 1, ""niveau_education"": 2, ""domaine_etude"": ""Infra & Cloud"", ""ayant_enfants"": ""Y"", ""frequence_deplacement"": ""Occasionnel"", ""annees_depuis_la_derniere_promotion"": 0, ""annes_sous_responsable_actuel"": 5, ""satisfaction_employee_environnement"": 2, ""note_evaluation_precedente"": 3, ""niveau_hierarchique_poste"": 2, ""satisfaction_employee_nature_travail"": 4, ""satisfaction_employee_equipe"": 1, ""satisfaction_employee_equilibre_pro_perso"": 1, ""eval_number"": ""E_21345"", ""note_evaluation_actuelle"": 3, ""heure_supplementaires"": ""Oui"", ""augementation_salaire_precedente"": ""11%""}"
17959,21348,2025-12-10 17:52:23.002646+00:00,"{""id_employee"": 21348, ""age"": 33, ""genre"": ""F"", ""revenu_mensuel"": 2909, ""statut_marital"": ""Mari\u00e9(e)"", ""departement"": ""Consulting"", ""poste"": ""Assistant de Direction"", ""nombre_experiences_precedentes"": 1, ""nombre_heures_travailless"": 80, ""annee_experience_totale"": 8, ""annees_dans_l_entreprise"": 8, ""annees_dans_le_poste_actuel"": 7, ""nombre_participation_pee"": 0, ""nb_formations_suivies"": 3, ""nombre_employee_sous_responsabilite"": 1, ""distance_domicile_travail"": 3, ""niveau_education"": 4, ""domaine_etude"": ""Infra & Cloud"", ""ayant_enfants"": ""Y"", ""frequence_deplacement"": ""Frequent"", ""annees_depuis_la_derniere_promotion"": 3, ""annes_sous_responsable_actuel"": 0, ""satisfaction_employee_environnement"": 4, ""note_evaluation_precedente"": 3, ""niveau_hierarchique_poste"": 1, ""satisfaction_employee_nature_travail"": 3, ""satisfaction_employee_equipe"": 3, ""satisfaction_employee_equilibre_pro_perso"": 3, ""eval_number"": ""E_21348"", ""note_evaluation_actuelle"": 3, ""heure_supplementaires"": ""Oui"", ""augementation_salaire_precedente"": ""11%""}"
17958,21347,2025-12-10 17:52:22.974373+00:00,"{""id_employee"": 21347, ""age"": 37, ""genre"": ""M"", ""revenu_mensuel"": 2090, ""statut_marital"": ""C\u00e9libataire"", ""departement"": ""Consulting"", ""poste"": ""Consultant"", ""nombre_experiences_precedentes"": 6, ""nombre_heures_travailless"": 80, ""annee_experience_totale"": 7, ""annees_dans_l_entreprise"": 0, ""annees_dans_le_poste_actuel"": 0, ""nombre_participation_pee"": 0, ""nb_formations_suivies"": 3, ""nombre_employee_sous_responsabilite"": 1, ""distance_domicile_travail"": 2, ""niveau_education"": 2, ""domaine_etude"": ""Autre"", ""ayant_enfants"": ""Y"", ""frequence_deplacement"": ""Occasionnel"", ""annees_depuis_la_derniere_promotion"": 0, ""annes_sous_responsable_actuel"": 0, ""satisfaction_employee_environnement"": 4, ""note_evaluation_precedente"": 2, ""niveau_hierarchique_poste"": 1, ""satisfaction_employee_nature_travail"": 3, ""satisfaction_employee_equipe"": 2, ""satisfaction_employee_equilibre_pro_perso"": 3, ""eval_number"": ""E_21347"", ""note_evaluation_actuelle"": 3, ""heure_supplementaires"": ""Oui"", ""augementation_salaire_precedente"": ""15%""}"
17957,21346,2025-12-10 17:52:22.939346+00:00,"{""id_employee"": 21346, ""age"": 49, ""genre"": ""M"", ""revenu_mensuel"": 5130, ""statut_marital"": ""Mari\u00e9(e)"", ""departement"": ""Consulting"", ""poste"": ""Assistant de Direction"", ""nombre_experiences_precedentes"": 1, ""nombre_heures_travailless"": 80, ""annee_experience_totale"": 10, ""annees_dans_l_entreprise"": 10, ""annees_dans_le_poste_actuel"": 7, ""nombre_participation_pee"": 1, ""nb_formations_suivies"": 3, ""nombre_employee_sous_responsabilite"": 1, ""distance_domicile_travail"": 8, ""niveau_education"": 1, ""domaine_etude"": ""Infra & Cloud"", ""ayant_enfants"": ""Y"", ""frequence_deplacement"": ""Frequent"", ""annees_depuis_la_derniere_promotion"": 1, ""annes_sous_responsable_actuel"": 7, ""satisfaction_employee_environnement"": 3, ""note_evaluation_precedente"": 2, ""niveau_hierarchique_poste"": 2, ""satisfaction_employee_nature_travail"": 2, ""satisfaction_employee_equipe"": 4, ""satisfaction_employee_equilibre_pro_perso"": 3, ""eval_number"": ""E_21346"", ""note_evaluation_actuelle"": 4, ""heure_supplementaires"": ""Non"", ""augementation_salaire_precedente"": ""23%""}"
17956,21345,2025-12-10 17:52:22.883022+00:00,"{""id_employee"": 21345, ""age"": 41, ""genre"": ""F"", ""revenu_mensuel"": 5993, ""statut_marital"": ""C\u00e9libataire"", ""departement"": ""Commercial"", ""poste"": ""Cadre Commercial"", ""nombre_experiences_precedentes"": 8, ""nombre_heures_travailless"": 80, ""annee_experience_totale"": 8, ""annees_dans_l_entreprise"": 6, ""annees_dans_le_poste_actuel"": 4, ""nombre_participation_pee"": 0, ""nb_formations_suivies"": 0, ""nombre_employee_sous_responsabilite"": 1, ""distance_domicile_travail"": 1, ""niveau_education"": 2, ""domaine_etude"": ""Infra & Cloud"", ""ayant_enfants"": ""Y"", ""frequence_deplacement"": ""Occasionnel"", ""annees_depuis_la_derniere_promotion"": 0, ""annes_sous_responsable_actuel"": 5, ""satisfaction_employee_environnement"": 2, ""note_evaluation_precedente"": 3, ""niveau_hierarchique_poste"": 2, ""satisfaction_employee_nature_travail"": 4, ""satisfaction_employee_equipe"": 1, ""satisfaction_employee_equilibre_pro_perso"": 1, ""eval_number"": ""E_21345"", ""note_evaluation_actuelle"": 3, ""heure_supplementaires"": ""Oui"", ""augementation_salaire_precedente"": ""11%""}"
17955,21348,2025-12-10 17:52:22.651543+00:00,"{""id_employee"": 21348, ""age"": 33, ""genre"": ""F"", ""revenu_mensuel"": 2909, ""statut_marital"": ""Mari\u00e9(e)"", ""departement"": ""Consulting"", ""poste"": ""Assistant de Direction"", ""nombre_experiences_precedentes"": 1, ""nombre_heures_travailless"": 80, ""annee_experience_totale"": 8, ""annees_dans_l_entreprise"": 8, ""annees_dans_le_poste_actuel"": 7, ""nombre_participation_pee"": 0, ""nb_formations_suivies"": 3, ""nombre_employee_sous_responsabilite"": 1, ""distance_domicile_travail"": 3, ""niveau_education"": 4, ""domaine_etude"": ""Infra & Cloud"", ""ayant_enfants"": ""Y"", ""frequence_deplacement"": ""Frequent"", ""annees_depuis_la_derniere_promotion"": 3, ""annes_sous_responsable_actuel"": 0, ""satisfaction_employee_environnement"": 4, ""note_evaluation_precedente"": 3, ""niveau_hierarchique_poste"": 1, ""satisfaction_employee_nature_travail"": 3, ""satisfaction_employee_equipe"": 3, ""satisfaction_employee_equilibre_pro_perso"": 3, ""eval_number"": ""E_21348"", ""note_evaluation_actuelle"": 3, ""heure_supplementaires"": ""Oui"", ""augementation_salaire_precedente"": ""11%""}"
17954,21347,2025-12-10 17:52:22.629197+00:00,"{""id_employee"": 21347, ""age"": 37, ""genre"": ""M"", ""revenu_mensuel"": 2090, ""statut_marital"": ""C\u00e9libataire"", ""departement"": ""Consulting"", ""poste"": ""Consultant"", ""nombre_experiences_precedentes"": 6, ""nombre_heures_travailless"": 80, ""annee_experience_totale"": 7, ""annees_dans_l_entreprise"": 0, ""annees_dans_le_poste_actuel"": 0, ""nombre_participation_pee"": 0, ""nb_formations_suivies"": 3, ""nombre_employee_sous_responsabilite"": 1, ""distance_domicile_travail"": 2, ""niveau_education"": 2, ""domaine_etude"": ""Autre"", ""ayant_enfants"": ""Y"", ""frequence_deplacement"": ""Occasionnel"", ""annees_depuis_la_derniere_promotion"": 0, ""annes_sous_responsable_actuel"": 0, ""satisfaction_employee_environnement"": 4, ""note_evaluation_precedente"": 2, ""niveau_hierarchique_poste"": 1, ""satisfaction_employee_nature_travail"": 3, ""satisfaction_employee_equipe"": 2, ""satisfaction_employee_equilibre_pro_perso"": 3, ""eval_number"": ""E_21347"", ""note_evaluation_actuelle"": 3, ""heure_supplementaires"": ""Oui"", ""augementation_salaire_precedente"": ""15%""}"
17953,21346,2025-12-10 17:52:22.605902+00:00,"{""id_employee"": 21346, ""age"": 49, ""genre"": ""M"", ""revenu_mensuel"": 5130, ""statut_marital"": ""Mari\u00e9(e)"", ""departement"": ""Consulting"", ""poste"": ""Assistant de Direction"", ""nombre_experiences_precedentes"": 1, ""nombre_heures_travailless"": 80, ""annee_experience_totale"": 10, ""annees_dans_l_entreprise"": 10, ""annees_dans_le_poste_actuel"": 7, ""nombre_participation_pee"": 1, ""nb_formations_suivies"": 3, ""nombre_employee_sous_responsabilite"": 1, ""distance_domicile_travail"": 8, ""niveau_education"": 1, ""domaine_etude"": ""Infra & Cloud"", ""ayant_enfants"": ""Y"", ""frequence_deplacement"": ""Frequent"", ""annees_depuis_la_derniere_promotion"": 1, ""annes_sous_responsable_actuel"": 7, ""satisfaction_employee_environnement"": 3, ""note_evaluation_precedente"": 2, ""niveau_hierarchique_poste"": 2, ""satisfaction_employee_nature_travail"": 2, ""satisfaction_employee_equipe"": 4, ""satisfaction_employee_equilibre_pro_perso"": 3, ""eval_number"": ""E_21346"", ""note_evaluation_actuelle"": 4, ""heure_supplementaires"": ""Non"", ""augementation_salaire_precedente"": ""23%""}"
17952,21345,2025-12-10 17:52:22.527355+00:00,"{""id_employee"": 21345, ""age"": 41, ""genre"": ""F"", ""revenu_mensuel"": 5993, ""statut_marital"": ""C\u00e9libataire"", ""departement"": ""Commercial"", ""poste"": ""Cadre Commercial"", ""nombre_experiences_precedentes"": 8, ""nombre_heures_travailless"": 80, ""annee_experience_totale"": 8, ""annees_dans_l_entreprise"": 6, ""annees_dans_le_poste_actuel"": 4, ""nombre_participation_pee"": 0, ""nb_formations_suivies"": 0, ""nombre_employee_sous_responsabilite"": 1, ""distance_domicile_travail"": 1, ""niveau_education"": 2, ""domaine_etude"": ""Infra & Cloud"", ""ayant_enfants"": ""Y"", ""frequence_deplacement"": ""Occasionnel"", ""annees_depuis_la_derniere_promotion"": 0, ""annes_sous_responsable_actuel"": 5, ""satisfaction_employee_environnement"": 2, ""note_evaluation_precedente"": 3, ""niveau_hierarchique_poste"": 2, ""satisfaction_employee_nature_travail"": 4, ""satisfaction_employee_equipe"": 1, ""satisfaction_employee_equilibre_pro_perso"": 1, ""eval_number"": ""E_21345"", ""note_evaluation_actuelle"": 3, ""heure_supplementaires"": ""Oui"", ""augementation_salaire_precedente"": ""11%""}"
17951,21348,2025-12-10 15:51:48.955501+00:00,"{""id_employee"": 21348, ""age"": 33, ""genre"": ""F"", ""revenu_mensuel"": 2909, ""statut_marital"": ""Mari\u00e9(e)"", ""departement"": ""Consulting"", ""poste"": ""Assistant de Direction"", ""nombre_experiences_precedentes"": 1, ""nombre_heures_travailless"": 80, ""annee_experience_totale"": 8, ""annees_dans_l_entreprise"": 8, ""annees_dans_le_poste_actuel"": 7, ""nombre_participation_pee"": 0, ""nb_formations_suivies"": 3, ""nombre_employee_sous_responsabilite"": 1, ""distance_domicile_travail"": 3, ""niveau_education"": 4, ""domaine_etude"": ""Infra & Cloud"", ""ayant_enfants"": ""Y"", ""frequence_deplacement"": ""Frequent"", ""annees_depuis_la_derniere_promotion"": 3, ""annes_sous_responsable_actuel"": 0, ""satisfaction_employee_environnement"": 4, ""note_evaluation_precedente"": 3, ""niveau_hierarchique_poste"": 1, ""satisfaction_employee_nature_travail"": 3, ""satisfaction_employee_equipe"": 3, ""satisfaction_employee_equilibre_pro_perso"": 3, ""eval_number"": ""E_21348"", ""note_evaluation_actuelle"": 3, ""heure_supplementaires"": ""Oui"", ""augementation_salaire_precedente"": ""11%""}"
17950,21347,2025-12-10 15:51:48.909297+00:00,"{""id_employee"": 21347, ""age"": 37, ""genre"": ""M"", ""revenu_mensuel"": 2090, ""statut_marital"": ""C\u00e9libataire"", ""departement"": ""Consulting"", ""poste"": ""Consultant"", ""nombre_experiences_precedentes"": 6, ""nombre_heures_travailless"": 80, ""annee_experience_totale"": 7, ""annees_dans_l_entreprise"": 0, ""annees_dans_le_poste_actuel"": 0, ""nombre_participation_pee"": 0, ""nb_formations_suivies"": 3, ""nombre_employee_sous_responsabilite"": 1, ""distance_domicile_travail"": 2, ""niveau_education"": 2, ""domaine_etude"": ""Autre"", ""ayant_enfants"": ""Y"", ""frequence_deplacement"": ""Occasionnel"", ""annees_depuis_la_derniere_promotion"": 0, ""annes_sous_responsable_actuel"": 0, ""satisfaction_employee_environnement"": 4, ""note_evaluation_precedente"": 2, ""niveau_hierarchique_poste"": 1, ""satisfaction_employee_nature_travail"": 3, ""satisfaction_employee_equipe"": 2, ""satisfaction_employee_equilibre_pro_perso"": 3, ""eval_number"": ""E_21347"", ""note_evaluation_actuelle"": 3, ""heure_supplementaires"": ""Oui"", ""augementation_salaire_precedente"": ""15%""}"
17949,21346,2025-12-10 15:51:48.864555+00:00,"{""id_employee"": 21346, ""age"": 49, ""genre"": ""M"", ""revenu_mensuel"": 5130, ""statut_marital"": ""Mari\u00e9(e)"", ""departement"": ""Consulting"", ""poste"": ""Assistant de Direction"", ""nombre_experiences_precedentes"": 1, ""nombre_heures_travailless"": 80, ""annee_experience_totale"": 10, ""annees_dans_l_entreprise"": 10, ""annees_dans_le_poste_actuel"": 7, ""nombre_participation_pee"": 1, ""nb_formations_suivies"": 3, ""nombre_employee_sous_responsabilite"": 1, ""distance_domicile_travail"": 8, ""niveau_education"": 1, ""domaine_etude"": ""Infra & Cloud"", ""ayant_enfants"": ""Y"", ""frequence_deplacement"": ""Frequent"", ""annees_depuis_la_derniere_promotion"": 1, ""annes_sous_responsable_actuel"": 7, ""satisfaction_employee_environnement"": 3, ""note_evaluation_precedente"": 2, ""niveau_hierarchique_poste"": 2, ""satisfaction_employee_nature_travail"": 2, ""satisfaction_employee_equipe"": 4, ""satisfaction_employee_equilibre_pro_perso"": 3, ""eval_number"": ""E_21346"", ""note_evaluation_actuelle"": 4, ""heure_supplementaires"": ""Non"", ""augementation_salaire_precedente"": ""23%""}"
17948,21345,2025-12-10 15:51:48.824034+00:00,"{""id_employee"": 21345, ""age"": 41, ""genre"": ""F"", ""revenu_mensuel"": 5993, ""statut_marital"": ""C\u00e9libataire"", ""departement"": ""Commercial"", ""poste"": ""Cadre Commercial"", ""nombre_experiences_precedentes"": 8, ""nombre_heures_travailless"": 80, ""annee_experience_totale"": 8, ""annees_dans_l_entreprise"": 6, ""annees_dans_le_poste_actuel"": 4, ""nombre_participation_pee"": 0, ""nb_formations_suivies"": 0, ""nombre_employee_sous_responsabilite"": 1, ""distance_domicile_travail"": 1, ""niveau_education"": 2, ""domaine_etude"": ""Infra & Cloud"", ""ayant_enfants"": ""Y"", ""frequence_deplacement"": ""Occasionnel"", ""annees_depuis_la_derniere_promotion"": 0, ""annes_sous_responsable_actuel"": 5, ""satisfaction_employee_environnement"": 2, ""note_evaluation_precedente"": 3, ""niveau_hierarchique_poste"": 2, ""satisfaction_employee_nature_travail"": 4, ""satisfaction_employee_equipe"": 1, ""satisfaction_employee_equilibre_pro_perso"": 1, ""eval_number"": ""E_21345"", ""note_evaluation_actuelle"": 3, ""heure_supplementaires"": ""Oui"", ""augementation_salaire_precedente"": ""11%""}"
17947,21348,2025-12-10 15:51:48.034841+00:00,"{""id_employee"": 21348, ""age"": 33, ""genre"": ""F"", ""revenu_mensuel"": 2909, ""statut_marital"": ""Mari\u00e9(e)"", ""departement"": ""Consulting"", ""poste"": ""Assistant de Direction"", ""nombre_experiences_precedentes"": 1, ""nombre_heures_travailless"": 80, ""annee_experience_totale"": 8, ""annees_dans_l_entreprise"": 8, ""annees_dans_le_poste_actuel"": 7, ""nombre_participation_pee"": 0, ""nb_formations_suivies"": 3, ""nombre_employee_sous_responsabilite"": 1, ""distance_domicile_travail"": 3, ""niveau_education"": 4, ""domaine_etude"": ""Infra & Cloud"", ""ayant_enfants"": ""Y"", ""frequence_deplacement"": ""Frequent"", ""annees_depuis_la_derniere_promotion"": 3, ""annes_sous_responsable_actuel"": 0, ""satisfaction_employee_environnement"": 4, ""note_evaluation_precedente"": 3, ""niveau_hierarchique_poste"": 1, ""satisfaction_employee_nature_travail"": 3, ""satisfaction_employee_equipe"": 3, ""satisfaction_employee_equilibre_pro_perso"": 3, ""eval_number"": ""E_21348"", ""note_evaluation_actuelle"": 3, ""heure_supplementaires"": ""Oui"", ""augementation_salaire_precedente"": ""11%""}"
17946,21347,2025-12-10 15:51:47.992966+00:00,"{""id_employee"": 21347, ""age"": 37, ""genre"": ""M"", ""revenu_mensuel"": 2090, ""statut_marital"": ""C\u00e9libataire"", ""departement"": ""Consulting"", ""poste"": ""Consultant"", ""nombre_experiences_precedentes"": 6, ""nombre_heures_travailless"": 80, ""annee_experience_totale"": 7, ""annees_dans_l_entreprise"": 0, ""annees_dans_le_poste_actuel"": 0, ""nombre_participation_pee"": 0, ""nb_formations_suivies"": 3, ""nombre_employee_sous_responsabilite"": 1, ""distance_domicile_travail"": 2, ""niveau_education"": 2, ""domaine_etude"": ""Autre"", ""ayant_enfants"": ""Y"", ""frequence_deplacement"": ""Occasionnel"", ""annees_depuis_la_derniere_promotion"": 0, ""annes_sous_responsable_actuel"": 0, ""satisfaction_employee_environnement"": 4, ""note_evaluation_precedente"": 2, ""niveau_hierarchique_poste"": 1, ""satisfaction_employee_nature_travail"": 3, ""satisfaction_employee_equipe"": 2, ""satisfaction_employee_equilibre_pro_perso"": 3, ""eval_number"": ""E_21347"", ""note_evaluation_actuelle"": 3, ""heure_supplementaires"": ""Oui"", ""augementation_salaire_precedente"": ""15%""}"
17945,21346,2025-12-10 15:51:47.946855+00:00,"{""id_employee"": 21346, ""age"": 49, ""genre"": ""M"", ""revenu_mensuel"": 5130, ""statut_marital"": ""Mari\u00e9(e)"", ""departement"": ""Consulting"", ""poste"": ""Assistant de Direction"", ""nombre_experiences_precedentes"": 1, ""nombre_heures_travailless"": 80, ""annee_experience_totale"": 10, ""annees_dans_l_entreprise"": 10, ""annees_dans_le_poste_actuel"": 7, ""nombre_participation_pee"": 1, ""nb_formations_suivies"": 3, ""nombre_employee_sous_responsabilite"": 1, ""distance_domicile_travail"": 8, ""niveau_education"": 1, ""domaine_etude"": ""Infra & Cloud"", ""ayant_enfants"": ""Y"", ""frequence_deplacement"": ""Frequent"", ""annees_depuis_la_derniere_promotion"": 1, ""annes_sous_responsable_actuel"": 7, ""satisfaction_employee_environnement"": 3, ""note_evaluation_precedente"": 2, ""niveau_hierarchique_poste"": 2, ""satisfaction_employee_nature_travail"": 2, ""satisfaction_employee_equipe"": 4, ""satisfaction_employee_equilibre_pro_perso"": 3, ""eval_number"": ""E_21346"", ""note_evaluation_actuelle"": 4, ""heure_supplementaires"": ""Non"", ""augementation_salaire_precedente"": ""23%""}"
17944,21345,2025-12-10 15:51:47.878591+00:00,"{""id_employee"": 21345, ""age"": 41, ""genre"": ""F"", ""revenu_mensuel"": 5993, ""statut_marital"": ""C\u00e9libataire"", ""departement"": ""Commercial"", ""poste"": ""Cadre Commercial"", ""nombre_experiences_precedentes"": 8, ""nombre_heures_travailless"": 80, ""annee_experience_totale"": 8, ""annees_dans_l_entreprise"": 6, ""annees_dans_le_poste_actuel"": 4, ""nombre_participation_pee"": 0, ""nb_formations_suivies"": 0, ""nombre_employee_sous_responsabilite"": 1, ""distance_domicile_travail"": 1, ""niveau_education"": 2, ""domaine_etude"": ""Infra & Cloud"", ""ayant_enfants"": ""Y"", ""frequence_deplacement"": ""Occasionnel"", ""annees_depuis_la_derniere_promotion"": 0, ""annes_sous_responsable_actuel"": 5, ""satisfaction_employee_environnement"": 2, ""note_evaluation_precedente"": 3, ""niveau_hierarchique_poste"": 2, ""satisfaction_employee_nature_travail"": 4, ""satisfaction_employee_equipe"": 1, ""satisfaction_employee_equilibre_pro_perso"": 1, ""eval_number"": ""E_21345"", ""note_evaluation_actuelle"": 3, ""heure_supplementaires"": ""Oui"", ""augementation_salaire_precedente"": ""11%""}"
17943,21348,2025-12-10 15:51:47.545060+00:00,"{""id_employee"": 21348, ""age"": 33, ""genre"": ""F"", ""revenu_mensuel"": 2909, ""statut_marital"": ""Mari\u00e9(e)"", ""departement"": ""Consulting"", ""poste"": ""Assistant de Direction"", ""nombre_experiences_precedentes"": 1, ""nombre_heures_travailless"": 80, ""annee_experience_totale"": 8, ""annees_dans_l_entreprise"": 8, ""annees_dans_le_poste_actuel"": 7, ""nombre_participation_pee"": 0, ""nb_formations_suivies"": 3, ""nombre_employee_sous_responsabilite"": 1, ""distance_domicile_travail"": 3, ""niveau_education"": 4, ""domaine_etude"": ""Infra & Cloud"", ""ayant_enfants"": ""Y"", ""frequence_deplacement"": ""Frequent"", ""annees_depuis_la_derniere_promotion"": 3, ""annes_sous_responsable_actuel"": 0, ""satisfaction_employee_environnement"": 4, ""note_evaluation_precedente"": 3, ""niveau_hierarchique_poste"": 1, ""satisfaction_employee_nature_travail"": 3, ""satisfaction_employee_equipe"": 3, ""satisfaction_employee_equilibre_pro_perso"": 3, ""eval_number"": ""E_21348"", ""note_evaluation_actuelle"": 3, ""heure_supplementaires"": ""Oui"", ""augementation_salaire_precedente"": ""11%""}"
17942,21347,2025-12-10 15:51:47.513508+00:00,"{""id_employee"": 21347, ""age"": 37, ""genre"": ""M"", ""revenu_mensuel"": 2090, ""statut_marital"": ""C\u00e9libataire"", ""departement"": ""Consulting"", ""poste"": ""Consultant"", ""nombre_experiences_precedentes"": 6, ""nombre_heures_travailless"": 80, ""annee_experience_totale"": 7, ""annees_dans_l_entreprise"": 0, ""annees_dans_le_poste_actuel"": 0, ""nombre_participation_pee"": 0, ""nb_formations_suivies"": 3, ""nombre_employee_sous_responsabilite"": 1, ""distance_domicile_travail"": 2, ""niveau_education"": 2, ""domaine_etude"": ""Autre"", ""ayant_enfants"": ""Y"", ""frequence_deplacement"": ""Occasionnel"", ""annees_depuis_la_derniere_promotion"": 0, ""annes_sous_responsable_actuel"": 0, ""satisfaction_employee_environnement"": 4, ""note_evaluation_precedente"": 2, ""niveau_hierarchique_poste"": 1, ""satisfaction_employee_nature_travail"": 3, ""satisfaction_employee_equipe"": 2, ""satisfaction_employee_equilibre_pro_perso"": 3, ""eval_number"": ""E_21347"", ""note_evaluation_actuelle"": 3, ""heure_supplementaires"": ""Oui"", ""augementation_salaire_precedente"": ""15%""}"
17941,21346,2025-12-10 15:51:47.483127+00:00,"{""id_employee"": 21346, ""age"": 49, ""genre"": ""M"", ""revenu_mensuel"": 5130, ""statut_marital"": ""Mari\u00e9(e)"", ""departement"": ""Consulting"", ""poste"": ""Assistant de Direction"", ""nombre_experiences_precedentes"": 1, ""nombre_heures_travailless"": 80, ""annee_experience_totale"": 10, ""annees_dans_l_entreprise"": 10, ""annees_dans_le_poste_actuel"": 7, ""nombre_participation_pee"": 1, ""nb_formations_suivies"": 3, ""nombre_employee_sous_responsabilite"": 1, ""distance_domicile_travail"": 8, ""niveau_education"": 1, ""domaine_etude"": ""Infra & Cloud"", ""ayant_enfants"": ""Y"", ""frequence_deplacement"": ""Frequent"", ""annees_depuis_la_derniere_promotion"": 1, ""annes_sous_responsable_actuel"": 7, ""satisfaction_employee_environnement"": 3, ""note_evaluation_precedente"": 2, ""niveau_hierarchique_poste"": 2, ""satisfaction_employee_nature_travail"": 2, ""satisfaction_employee_equipe"": 4, ""satisfaction_employee_equilibre_pro_perso"": 3, ""eval_number"": ""E_21346"", ""note_evaluation_actuelle"": 4, ""heure_supplementaires"": ""Non"", ""augementation_salaire_precedente"": ""23%""}"
17940,21345,2025-12-10 15:51:47.311919+00:00,"{""id_employee"": 21345, ""age"": 41, ""genre"": ""F"", ""revenu_mensuel"": 5993, ""statut_marital"": ""C\u00e9libataire"", ""departement"": ""Commercial"", ""poste"": ""Cadre Commercial"", ""nombre_experiences_precedentes"": 8, ""nombre_heures_travailless"": 80, ""annee_experience_totale"": 8, ""annees_dans_l_entreprise"": 6, ""annees_dans_le_poste_actuel"": 4, ""nombre_participation_pee"": 0, ""nb_formations_suivies"": 0, ""nombre_employee_sous_responsabilite"": 1, ""distance_domicile_travail"": 1, ""niveau_education"": 2, ""domaine_etude"": ""Infra & Cloud"", ""ayant_enfants"": ""Y"", ""frequence_deplacement"": ""Occasionnel"", ""annees_depuis_la_derniere_promotion"": 0, ""annes_sous_responsable_actuel"": 5, ""satisfaction_employee_environnement"": 2, ""note_evaluation_precedente"": 3, ""niveau_hierarchique_poste"": 2, ""satisfaction_employee_nature_travail"": 4, ""satisfaction_employee_equipe"": 1, ""satisfaction_employee_equilibre_pro_perso"": 1, ""eval_number"": ""E_21345"", ""note_evaluation_actuelle"": 3, ""heure_supplementaires"": ""Oui"", ""augementation_salaire_precedente"": ""11%""}"
17939,21348,2025-12-10 15:11:16.354110+00:00,"{""id_employee"": 21348, ""age"": 33, ""genre"": ""F"", ""revenu_mensuel"": 2909, ""statut_marital"": ""Mari\u00e9(e)"", ""departement"": ""Consulting"", ""poste"": ""Assistant de Direction"", ""nombre_experiences_precedentes"": 1, ""nombre_heures_travailless"": 80, ""annee_experience_totale"": 8, ""annees_dans_l_entreprise"": 8, ""annees_dans_le_poste_actuel"": 7, ""nombre_participation_pee"": 0, ""nb_formations_suivies"": 3, ""nombre_employee_sous_responsabilite"": 1, ""distance_domicile_travail"": 3, ""niveau_education"": 4, ""domaine_etude"": ""Infra & Cloud"", ""ayant_enfants"": ""Y"", ""frequence_deplacement"": ""Frequent"", ""annees_depuis_la_derniere_promotion"": 3, ""annes_sous_responsable_actuel"": 0, ""satisfaction_employee_environnement"": 4, ""note_evaluation_precedente"": 3, ""niveau_hierarchique_poste"": 1, ""satisfaction_employee_nature_travail"": 3, ""satisfaction_employee_equipe"": 3, ""satisfaction_employee_equilibre_pro_perso"": 3, ""eval_number"": ""E_21348"", ""note_evaluation_actuelle"": 3, ""heure_supplementaires"": ""Oui"", ""augementation_salaire_precedente"": ""11%""}"
17938,21347,2025-12-10 15:11:16.325123+00:00,"{""id_employee"": 21347, ""age"": 37, ""genre"": ""M"", ""revenu_mensuel"": 2090, ""statut_marital"": ""C\u00e9libataire"", ""departement"": ""Consulting"", ""poste"": ""Consultant"", ""nombre_experiences_precedentes"": 6, ""nombre_heures_travailless"": 80, ""annee_experience_totale"": 7, ""annees_dans_l_entreprise"": 0, ""annees_dans_le_poste_actuel"": 0, ""nombre_participation_pee"": 0, ""nb_formations_suivies"": 3, ""nombre_employee_sous_responsabilite"": 1, ""distance_domicile_travail"": 2, ""niveau_education"": 2, ""domaine_etude"": ""Autre"", ""ayant_enfants"": ""Y"", ""frequence_deplacement"": ""Occasionnel"", ""annees_depuis_la_derniere_promotion"": 0, ""annes_sous_responsable_actuel"": 0, ""satisfaction_employee_environnement"": 4, ""note_evaluation_precedente"": 2, ""niveau_hierarchique_poste"": 1, ""satisfaction_employee_nature_travail"": 3, ""satisfaction_employee_equipe"": 2, ""satisfaction_employee_equilibre_pro_perso"": 3, ""eval_number"": ""E_21347"", ""note_evaluation_actuelle"": 3, ""heure_supplementaires"": ""Oui"", ""augementation_salaire_precedente"": ""15%""}"
17937,21346,2025-12-10 15:11:16.297539+00:00,"{""id_employee"": 21346, ""age"": 49, ""genre"": ""M"", ""revenu_mensuel"": 5130, ""statut_marital"": ""Mari\u00e9(e)"", ""departement"": ""Consulting"", ""poste"": ""Assistant de Direction"", ""nombre_experiences_precedentes"": 1, ""nombre_heures_travailless"": 80, ""annee_experience_totale"": 10, ""annees_dans_l_entreprise"": 10, ""annees_dans_le_poste_actuel"": 7, ""nombre_participation_pee"": 1, ""nb_formations_suivies"": 3, ""nombre_employee_sous_responsabilite"": 1, ""distance_domicile_travail"": 8, ""niveau_education"": 1, ""domaine_etude"": ""Infra & Cloud"", ""ayant_enfants"": ""Y"", ""frequence_deplacement"": ""Frequent"", ""annees_depuis_la_derniere_promotion"": 1, ""annes_sous_responsable_actuel"": 7, ""satisfaction_employee_environnement"": 3, ""note_evaluation_precedente"": 2, ""niveau_hierarchique_poste"": 2, ""satisfaction_employee_nature_travail"": 2, ""satisfaction_employee_equipe"": 4, ""satisfaction_employee_equilibre_pro_perso"": 3, ""eval_number"": ""E_21346"", ""note_evaluation_actuelle"": 4, ""heure_supplementaires"": ""Non"", ""augementation_salaire_precedente"": ""23%""}"
17936,21345,2025-12-10 15:11:16.265113+00:00,"{""id_employee"": 21345, ""age"": 41, ""genre"": ""F"", ""revenu_mensuel"": 5993, ""statut_marital"": ""C\u00e9libataire"", ""departement"": ""Commercial"", ""poste"": ""Cadre Commercial"", ""nombre_experiences_precedentes"": 8, ""nombre_heures_travailless"": 80, ""annee_experience_totale"": 8, ""annees_dans_l_entreprise"": 6, ""annees_dans_le_poste_actuel"": 4, ""nombre_participation_pee"": 0, ""nb_formations_suivies"": 0, ""nombre_employee_sous_responsabilite"": 1, ""distance_domicile_travail"": 1, ""niveau_education"": 2, ""domaine_etude"": ""Infra & Cloud"", ""ayant_enfants"": ""Y"", ""frequence_deplacement"": ""Occasionnel"", ""annees_depuis_la_derniere_promotion"": 0, ""annes_sous_responsable_actuel"": 5, ""satisfaction_employee_environnement"": 2, ""note_evaluation_precedente"": 3, ""niveau_hierarchique_poste"": 2, ""satisfaction_employee_nature_travail"": 4, ""satisfaction_employee_equipe"": 1, ""satisfaction_employee_equilibre_pro_perso"": 1, ""eval_number"": ""E_21345"", ""note_evaluation_actuelle"": 3, ""heure_supplementaires"": ""Oui"", ""augementation_salaire_precedente"": ""11%""}"
17935,21348,2025-12-10 15:11:15.269227+00:00,"{""id_employee"": 21348, ""age"": 33, ""genre"": ""F"", ""revenu_mensuel"": 2909, ""statut_marital"": ""Mari\u00e9(e)"", ""departement"": ""Consulting"", ""poste"": ""Assistant de Direction"", ""nombre_experiences_precedentes"": 1, ""nombre_heures_travailless"": 80, ""annee_experience_totale"": 8, ""annees_dans_l_entreprise"": 8, ""annees_dans_le_poste_actuel"": 7, ""nombre_participation_pee"": 0, ""nb_formations_suivies"": 3, ""nombre_employee_sous_responsabilite"": 1, ""distance_domicile_travail"": 3, ""niveau_education"": 4, ""domaine_etude"": ""Infra & Cloud"", ""ayant_enfants"": ""Y"", ""frequence_deplacement"": ""Frequent"", ""annees_depuis_la_derniere_promotion"": 3, ""annes_sous_responsable_actuel"": 0, ""satisfaction_employee_environnement"": 4, ""note_evaluation_precedente"": 3, ""niveau_hierarchique_poste"": 1, ""satisfaction_employee_nature_travail"": 3, ""satisfaction_employee_equipe"": 3, ""satisfaction_employee_equilibre_pro_perso"": 3, ""eval_number"": ""E_21348"", ""note_evaluation_actuelle"": 3, ""heure_supplementaires"": ""Oui"", ""augementation_salaire_precedente"": ""11%""}"
17934,21347,2025-12-10 15:11:15.221331+00:00,"{""id_employee"": 21347, ""age"": 37, ""genre"": ""M"", ""revenu_mensuel"": 2090, ""statut_marital"": ""C\u00e9libataire"", ""departement"": ""Consulting"", ""poste"": ""Consultant"", ""nombre_experiences_precedentes"": 6, ""nombre_heures_travailless"": 80, ""annee_experience_totale"": 7, ""annees_dans_l_entreprise"": 0, ""annees_dans_le_poste_actuel"": 0, ""nombre_participation_pee"": 0, ""nb_formations_suivies"": 3, ""nombre_employee_sous_responsabilite"": 1, ""distance_domicile_travail"": 2, ""niveau_education"": 2, ""domaine_etude"": ""Autre"", ""ayant_enfants"": ""Y"", ""frequence_deplacement"": ""Occasionnel"", ""annees_depuis_la_derniere_promotion"": 0, ""annes_sous_responsable_actuel"": 0, ""satisfaction_employee_environnement"": 4, ""note_evaluation_precedente"": 2, ""niveau_hierarchique_poste"": 1, ""satisfaction_employee_nature_travail"": 3, ""satisfaction_employee_equipe"": 2, ""satisfaction_employee_equilibre_pro_perso"": 3, ""eval_number"": ""E_21347"", ""note_evaluation_actuelle"": 3, ""heure_supplementaires"": ""Oui"", ""augementation_salaire_precedente"": ""15%""}"
17933,21346,2025-12-10 15:11:15.175686+00:00,"{""id_employee"": 21346, ""age"": 49, ""genre"": ""M"", ""revenu_mensuel"": 5130, ""statut_marital"": ""Mari\u00e9(e)"", ""departement"": ""Consulting"", ""poste"": ""Assistant de Direction"", ""nombre_experiences_precedentes"": 1, ""nombre_heures_travailless"": 80, ""annee_experience_totale"": 10, ""annees_dans_l_entreprise"": 10, ""annees_dans_le_poste_actuel"": 7, ""nombre_participation_pee"": 1, ""nb_formations_suivies"": 3, ""nombre_employee_sous_responsabilite"": 1, ""distance_domicile_travail"": 8, ""niveau_education"": 1, ""domaine_etude"": ""Infra & Cloud"", ""ayant_enfants"": ""Y"", ""frequence_deplacement"": ""Frequent"", ""annees_depuis_la_derniere_promotion"": 1, ""annes_sous_responsable_actuel"": 7, ""satisfaction_employee_environnement"": 3, ""note_evaluation_precedente"": 2, ""niveau_hierarchique_poste"": 2, ""satisfaction_employee_nature_travail"": 2, ""satisfaction_employee_equipe"": 4, ""satisfaction_employee_equilibre_pro_perso"": 3, ""eval_number"": ""E_21346"", ""note_evaluation_actuelle"": 4, ""heure_supplementaires"": ""Non"", ""augementation_salaire_precedente"": ""23%""}"
17932,21345,2025-12-10 15:11:15.106262+00:00,"{""id_employee"": 21345, ""age"": 41, ""genre"": ""F"", ""revenu_mensuel"": 5993, ""statut_marital"": ""C\u00e9libataire"", ""departement"": ""Commercial"", ""poste"": ""Cadre Commercial"", ""nombre_experiences_precedentes"": 8, ""nombre_heures_travailless"": 80, ""annee_experience_totale"": 8, ""annees_dans_l_entreprise"": 6, ""annees_dans_le_poste_actuel"": 4, ""nombre_participation_pee"": 0, ""nb_formations_suivies"": 0, ""nombre_employee_sous_responsabilite"": 1, ""distance_domicile_travail"": 1, ""niveau_education"": 2, ""domaine_etude"": ""Infra & Cloud"", ""ayant_enfants"": ""Y"", ""frequence_deplacement"": ""Occasionnel"", ""annees_depuis_la_derniere_promotion"": 0, ""annes_sous_responsable_actuel"": 5, ""satisfaction_employee_environnement"": 2, ""note_evaluation_precedente"": 3, ""niveau_hierarchique_poste"": 2, ""satisfaction_employee_nature_travail"": 4, ""satisfaction_employee_equipe"": 1, ""satisfaction_employee_equilibre_pro_perso"": 1, ""eval_number"": ""E_21345"", ""note_evaluation_actuelle"": 3, ""heure_supplementaires"": ""Oui"", ""augementation_salaire_precedente"": ""11%""}"
17931,21348,2025-12-10 15:11:14.775303+00:00,"{""id_employee"": 21348, ""age"": 33, ""genre"": ""F"", ""revenu_mensuel"": 2909, ""statut_marital"": ""Mari\u00e9(e)"", ""departement"": ""Consulting"", ""poste"": ""Assistant de Direction"", ""nombre_experiences_precedentes"": 1, ""nombre_heures_travailless"": 80, ""annee_experience_totale"": 8, ""annees_dans_l_entreprise"": 8, ""annees_dans_le_poste_actuel"": 7, ""nombre_participation_pee"": 0, ""nb_formations_suivies"": 3, ""nombre_employee_sous_responsabilite"": 1, ""distance_domicile_travail"": 3, ""niveau_education"": 4, ""domaine_etude"": ""Infra & Cloud"", ""ayant_enfants"": ""Y"", ""frequence_deplacement"": ""Frequent"", ""annees_depuis_la_derniere_promotion"": 3, ""annes_sous_responsable_actuel"": 0, ""satisfaction_employee_environnement"": 4, ""note_evaluation_precedente"": 3, ""niveau_hierarchique_poste"": 1, ""satisfaction_employee_nature_travail"": 3, ""satisfaction_employee_equipe"": 3, ""satisfaction_employee_equilibre_pro_perso"": 3, ""eval_number"": ""E_21348"", ""note_evaluation_actuelle"": 3, ""heure_supplementaires"": ""Oui"", ""augementation_salaire_precedente"": ""11%""}"
17930,21347,2025-12-10 15:11:14.705152+00:00,"{""id_employee"": 21347, ""age"": 37, ""genre"": ""M"", ""revenu_mensuel"": 2090, ""statut_marital"": ""C\u00e9libataire"", ""departement"": ""Consulting"", ""poste"": ""Consultant"", ""nombre_experiences_precedentes"": 6, ""nombre_heures_travailless"": 80, ""annee_experience_totale"": 7, ""annees_dans_l_entreprise"": 0, ""annees_dans_le_poste_actuel"": 0, ""nombre_participation_pee"": 0, ""nb_formations_suivies"": 3, ""nombre_employee_sous_responsabilite"": 1, ""distance_domicile_travail"": 2, ""niveau_education"": 2, ""domaine_etude"": ""Autre"", ""ayant_enfants"": ""Y"", ""frequence_deplacement"": ""Occasionnel"", ""annees_depuis_la_derniere_promotion"": 0, ""annes_sous_responsable_actuel"": 0, ""satisfaction_employee_environnement"": 4, ""note_evaluation_precedente"": 2, ""niveau_hierarchique_poste"": 1, ""satisfaction_employee_nature_travail"": 3, ""satisfaction_employee_equipe"": 2, ""satisfaction_employee_equilibre_pro_perso"": 3, ""eval_number"": ""E_21347"", ""note_evaluation_actuelle"": 3, ""heure_supplementaires"": ""Oui"", ""augementation_salaire_precedente"": ""15%""}"
17929,21346,2025-12-10 15:11:14.635923+00:00,"{""id_employee"": 21346, ""age"": 49, ""genre"": ""M"", ""revenu_mensuel"": 5130, ""statut_marital"": ""Mari\u00e9(e)"", ""departement"": ""Consulting"", ""poste"": ""Assistant de Direction"", ""nombre_experiences_precedentes"": 1, ""nombre_heures_travailless"": 80, ""annee_experience_totale"": 10, ""annees_dans_l_entreprise"": 10, ""annees_dans_le_poste_actuel"": 7, ""nombre_participation_pee"": 1, ""nb_formations_suivies"": 3, ""nombre_employee_sous_responsabilite"": 1, ""distance_domicile_travail"": 8, ""niveau_education"": 1, ""domaine_etude"": ""Infra & Cloud"", ""ayant_enfants"": ""Y"", ""frequence_deplacement"": ""Frequent"", ""annees_depuis_la_derniere_promotion"": 1, ""annes_sous_responsable_actuel"": 7, ""satisfaction_employee_environnement"": 3, ""note_evaluation_precedente"": 2, ""niveau_hierarchique_poste"": 2, ""satisfaction_employee_nature_travail"": 2, ""satisfaction_employee_equipe"": 4, ""satisfaction_employee_equilibre_pro_perso"": 3, ""eval_number"": ""E_21346"", ""note_evaluation_actuelle"": 4, ""heure_supplementaires"": ""Non"", ""augementation_salaire_precedente"": ""23%""}"
17928,21345,2025-12-10 15:11:14.461849+00:00,"{""id_employee"": 21345, ""age"": 41, ""genre"": ""F"", ""revenu_mensuel"": 5993, ""statut_marital"": ""C\u00e9libataire"", ""departement"": ""Commercial"", ""poste"": ""Cadre Commercial"", ""nombre_experiences_precedentes"": 8, ""nombre_heures_travailless"": 80, ""annee_experience_totale"": 8, ""annees_dans_l_entreprise"": 6, ""annees_dans_le_poste_actuel"": 4, ""nombre_participation_pee"": 0, ""nb_formations_suivies"": 0, ""nombre_employee_sous_responsabilite"": 1, ""distance_domicile_travail"": 1, ""niveau_education"": 2, ""domaine_etude"": ""Infra & Cloud"", ""ayant_enfants"": ""Y"", ""frequence_deplacement"": ""Occasionnel"", ""annees_depuis_la_derniere_promotion"": 0, ""annes_sous_responsable_actuel"": 5, ""satisfaction_employee_environnement"": 2, ""note_evaluation_precedente"": 3, ""niveau_hierarchique_poste"": 2, ""satisfaction_employee_nature_travail"": 4, ""satisfaction_employee_equipe"": 1, ""satisfaction_employee_equilibre_pro_perso"": 1, ""eval_number"": ""E_21345"", ""note_evaluation_actuelle"": 3, ""heure_supplementaires"": ""Oui"", ""augementation_salaire_precedente"": ""11%""}"
17927,21348,2025-12-10 14:22:34.602609+00:00,"{""id_employee"": 21348, ""age"": 33, ""genre"": ""F"", ""revenu_mensuel"": 2909, ""statut_marital"": ""Mari\u00e9(e)"", ""departement"": ""Consulting"", ""poste"": ""Assistant de Direction"", ""nombre_experiences_precedentes"": 1, ""nombre_heures_travailless"": 80, ""annee_experience_totale"": 8, ""annees_dans_l_entreprise"": 8, ""annees_dans_le_poste_actuel"": 7, ""nombre_participation_pee"": 0, ""nb_formations_suivies"": 3, ""nombre_employee_sous_responsabilite"": 1, ""distance_domicile_travail"": 3, ""niveau_education"": 4, ""domaine_etude"": ""Infra & Cloud"", ""ayant_enfants"": ""Y"", ""frequence_deplacement"": ""Frequent"", ""annees_depuis_la_derniere_promotion"": 3, ""annes_sous_responsable_actuel"": 0, ""satisfaction_employee_environnement"": 4, ""note_evaluation_precedente"": 3, ""niveau_hierarchique_poste"": 1, ""satisfaction_employee_nature_travail"": 3, ""satisfaction_employee_equipe"": 3, ""satisfaction_employee_equilibre_pro_perso"": 3, ""eval_number"": ""E_21348"", ""note_evaluation_actuelle"": 3, ""heure_supplementaires"": ""Oui"", ""augementation_salaire_precedente"": ""11%""}"
17926,21347,2025-12-10 14:22:34.565022+00:00,"{""id_employee"": 21347, ""age"": 37, ""genre"": ""M"", ""revenu_mensuel"": 2090, ""statut_marital"": ""C\u00e9libataire"", ""departement"": ""Consulting"", ""poste"": ""Consultant"", ""nombre_experiences_precedentes"": 6, ""nombre_heures_travailless"": 80, ""annee_experience_totale"": 7, ""annees_dans_l_entreprise"": 0, ""annees_dans_le_poste_actuel"": 0, ""nombre_participation_pee"": 0, ""nb_formations_suivies"": 3, ""nombre_employee_sous_responsabilite"": 1, ""distance_domicile_travail"": 2, ""niveau_education"": 2, ""domaine_etude"": ""Autre"", ""ayant_enfants"": ""Y"", ""frequence_deplacement"": ""Occasionnel"", ""annees_depuis_la_derniere_promotion"": 0, ""annes_sous_responsable_actuel"": 0, ""satisfaction_employee_environnement"": 4, ""note_evaluation_precedente"": 2, ""niveau_hierarchique_poste"": 1, ""satisfaction_employee_nature_travail"": 3, ""satisfaction_employee_equipe"": 2, ""satisfaction_employee_equilibre_pro_perso"": 3, ""eval_number"": ""E_21347"", ""note_evaluation_actuelle"": 3, ""heure_supplementaires"": ""Oui"", ""augementation_salaire_precedente"": ""15%""}"
17925,21346,2025-12-10 14:22:34.519449+00:00,"{""id_employee"": 21346, ""age"": 49, ""genre"": ""M"", ""revenu_mensuel"": 5130, ""statut_marital"": ""Mari\u00e9(e)"", ""departement"": ""Consulting"", ""poste"": ""Assistant de Direction"", ""nombre_experiences_precedentes"": 1, ""nombre_heures_travailless"": 80, ""annee_experience_totale"": 10, ""annees_dans_l_entreprise"": 10, ""annees_dans_le_poste_actuel"": 7, ""nombre_participation_pee"": 1, ""nb_formations_suivies"": 3, ""nombre_employee_sous_responsabilite"": 1, ""distance_domicile_travail"": 8, ""niveau_education"": 1, ""domaine_etude"": ""Infra & Cloud"", ""ayant_enfants"": ""Y"", ""frequence_deplacement"": ""Frequent"", ""annees_depuis_la_derniere_promotion"": 1, ""annes_sous_responsable_actuel"": 7, ""satisfaction_employee_environnement"": 3, ""note_evaluation_precedente"": 2, ""niveau_hierarchique_poste"": 2, ""satisfaction_employee_nature_travail"": 2, ""satisfaction_employee_equipe"": 4, ""satisfaction_employee_equilibre_pro_perso"": 3, ""eval_number"": ""E_21346"", ""note_evaluation_actuelle"": 4, ""heure_supplementaires"": ""Non"", ""augementation_salaire_precedente"": ""23%""}"
17924,21345,2025-12-10 14:22:34.482978+00:00,"{""id_employee"": 21345, ""age"": 41, ""genre"": ""F"", ""revenu_mensuel"": 5993, ""statut_marital"": ""C\u00e9libataire"", ""departement"": ""Commercial"", ""poste"": ""Cadre Commercial"", ""nombre_experiences_precedentes"": 8, ""nombre_heures_travailless"": 80, ""annee_experience_totale"": 8, ""annees_dans_l_entreprise"": 6, ""annees_dans_le_poste_actuel"": 4, ""nombre_participation_pee"": 0, ""nb_formations_suivies"": 0, ""nombre_employee_sous_responsabilite"": 1, ""distance_domicile_travail"": 1, ""niveau_education"": 2, ""domaine_etude"": ""Infra & Cloud"", ""ayant_enfants"": ""Y"", ""frequence_deplacement"": ""Occasionnel"", ""annees_depuis_la_derniere_promotion"": 0, ""annes_sous_responsable_actuel"": 5, ""satisfaction_employee_environnement"": 2, ""note_evaluation_precedente"": 3, ""niveau_hierarchique_poste"": 2, ""satisfaction_employee_nature_travail"": 4, ""satisfaction_employee_equipe"": 1, ""satisfaction_employee_equilibre_pro_perso"": 1, ""eval_number"": ""E_21345"", ""note_evaluation_actuelle"": 3, ""heure_supplementaires"": ""Oui"", ""augementation_salaire_precedente"": ""11%""}"
17923,21348,2025-12-10 14:22:33.037103+00:00,"{""id_employee"": 21348, ""age"": 33, ""genre"": ""F"", ""revenu_mensuel"": 2909, ""statut_marital"": ""Mari\u00e9(e)"", ""departement"": ""Consulting"", ""poste"": ""Assistant de Direction"", ""nombre_experiences_precedentes"": 1, ""nombre_heures_travailless"": 80, ""annee_experience_totale"": 8, ""annees_dans_l_entreprise"": 8, ""annees_dans_le_poste_actuel"": 7, ""nombre_participation_pee"": 0, ""nb_formations_suivies"": 3, ""nombre_employee_sous_responsabilite"": 1, ""distance_domicile_travail"": 3, ""niveau_education"": 4, ""domaine_etude"": ""Infra & Cloud"", ""ayant_enfants"": ""Y"", ""frequence_deplacement"": ""Frequent"", ""annees_depuis_la_derniere_promotion"": 3, ""annes_sous_responsable_actuel"": 0, ""satisfaction_employee_environnement"": 4, ""note_evaluation_precedente"": 3, ""niveau_hierarchique_poste"": 1, ""satisfaction_employee_nature_travail"": 3, ""satisfaction_employee_equipe"": 3, ""satisfaction_employee_equilibre_pro_perso"": 3, ""eval_number"": ""E_21348"", ""note_evaluation_actuelle"": 3, ""heure_supplementaires"": ""Oui"", ""augementation_salaire_precedente"": ""11%""}"
17922,21347,2025-12-10 14:22:32.993209+00:00,"{""id_employee"": 21347, ""age"": 37, ""genre"": ""M"", ""revenu_mensuel"": 2090, ""statut_marital"": ""C\u00e9libataire"", ""departement"": ""Consulting"", ""poste"": ""Consultant"", ""nombre_experiences_precedentes"": 6, ""nombre_heures_travailless"": 80, ""annee_experience_totale"": 7, ""annees_dans_l_entreprise"": 0, ""annees_dans_le_poste_actuel"": 0, ""nombre_participation_pee"": 0, ""nb_formations_suivies"": 3, ""nombre_employee_sous_responsabilite"": 1, ""distance_domicile_travail"": 2, ""niveau_education"": 2, ""domaine_etude"": ""Autre"", ""ayant_enfants"": ""Y"", ""frequence_deplacement"": ""Occasionnel"", ""annees_depuis_la_derniere_promotion"": 0, ""annes_sous_responsable_actuel"": 0, ""satisfaction_employee_environnement"": 4, ""note_evaluation_precedente"": 2, ""niveau_hierarchique_poste"": 1, ""satisfaction_employee_nature_travail"": 3, ""satisfaction_employee_equipe"": 2, ""satisfaction_employee_equilibre_pro_perso"": 3, ""eval_number"": ""E_21347"", ""note_evaluation_actuelle"": 3, ""heure_supplementaires"": ""Oui"", ""augementation_salaire_precedente"": ""15%""}"
17921,21346,2025-12-10 14:22:32.954197+00:00,"{""id_employee"": 21346, ""age"": 49, ""genre"": ""M"", ""revenu_mensuel"": 5130, ""statut_marital"": ""Mari\u00e9(e)"", ""departement"": ""Consulting"", ""poste"": ""Assistant de Direction"", ""nombre_experiences_precedentes"": 1, ""nombre_heures_travailless"": 80, ""annee_experience_totale"": 10, ""annees_dans_l_entreprise"": 10, ""annees_dans_le_poste_actuel"": 7, ""nombre_participation_pee"": 1, ""nb_formations_suivies"": 3, ""nombre_employee_sous_responsabilite"": 1, ""distance_domicile_travail"": 8, ""niveau_education"": 1, ""domaine_etude"": ""Infra & Cloud"", ""ayant_enfants"": ""Y"", ""frequence_deplacement"": ""Frequent"", ""annees_depuis_la_derniere_promotion"": 1, ""annes_sous_responsable_actuel"": 7, ""satisfaction_employee_environnement"": 3, ""note_evaluation_precedente"": 2, ""niveau_hierarchique_poste"": 2, ""satisfaction_employee_nature_travail"": 2, ""satisfaction_employee_equipe"": 4, ""satisfaction_employee_equilibre_pro_perso"": 3, ""eval_number"": ""E_21346"", ""note_evaluation_actuelle"": 4, ""heure_supplementaires"": ""Non"", ""augementation_salaire_precedente"": ""23%""}"
17920,21345,2025-12-10 14:22:32.872857+00:00,"{""id_employee"": 21345, ""age"": 41, ""genre"": ""F"", ""revenu_mensuel"": 5993, ""statut_marital"": ""C\u00e9libataire"", ""departement"": ""Commercial"", ""poste"": ""Cadre Commercial"", ""nombre_experiences_precedentes"": 8, ""nombre_heures_travailless"": 80, ""annee_experience_totale"": 8, ""annees_dans_l_entreprise"": 6, ""annees_dans_le_poste_actuel"": 4, ""nombre_participation_pee"": 0, ""nb_formations_suivies"": 0, ""nombre_employee_sous_responsabilite"": 1, ""distance_domicile_travail"": 1, ""niveau_education"": 2, ""domaine_etude"": ""Infra & Cloud"", ""ayant_enfants"": ""Y"", ""frequence_deplacement"": ""Occasionnel"", ""annees_depuis_la_derniere_promotion"": 0, ""annes_sous_responsable_actuel"": 5, ""satisfaction_employee_environnement"": 2, ""note_evaluation_precedente"": 3, ""niveau_hierarchique_poste"": 2, ""satisfaction_employee_nature_travail"": 4, ""satisfaction_employee_equipe"": 1, ""satisfaction_employee_equilibre_pro_perso"": 1, ""eval_number"": ""E_21345"", ""note_evaluation_actuelle"": 3, ""heure_supplementaires"": ""Oui"", ""augementation_salaire_precedente"": ""11%""}"
17919,21348,2025-12-10 14:22:32.466021+00:00,"{""id_employee"": 21348, ""age"": 33, ""genre"": ""F"", ""revenu_mensuel"": 2909, ""statut_marital"": ""Mari\u00e9(e)"", ""departement"": ""Consulting"", ""poste"": ""Assistant de Direction"", ""nombre_experiences_precedentes"": 1, ""nombre_heures_travailless"": 80, ""annee_experience_totale"": 8, ""annees_dans_l_entreprise"": 8, ""annees_dans_le_poste_actuel"": 7, ""nombre_participation_pee"": 0, ""nb_formations_suivies"": 3, ""nombre_employee_sous_responsabilite"": 1, ""distance_domicile_travail"": 3, ""niveau_education"": 4, ""domaine_etude"": ""Infra & Cloud"", ""ayant_enfants"": ""Y"", ""frequence_deplacement"": ""Frequent"", ""annees_depuis_la_derniere_promotion"": 3, ""annes_sous_responsable_actuel"": 0, ""satisfaction_employee_environnement"": 4, ""note_evaluation_precedente"": 3, ""niveau_hierarchique_poste"": 1, ""satisfaction_employee_nature_travail"": 3, ""satisfaction_employee_equipe"": 3, ""satisfaction_employee_equilibre_pro_perso"": 3, ""eval_number"": ""E_21348"", ""note_evaluation_actuelle"": 3, ""heure_supplementaires"": ""Oui"", ""augementation_salaire_precedente"": ""11%""}"
17918,21347,2025-12-10 14:22:32.441133+00:00,"{""id_employee"": 21347, ""age"": 37, ""genre"": ""M"", ""revenu_mensuel"": 2090, ""statut_marital"": ""C\u00e9libataire"", ""departement"": ""Consulting"", ""poste"": ""Consultant"", ""nombre_experiences_precedentes"": 6, ""nombre_heures_travailless"": 80, ""annee_experience_totale"": 7, ""annees_dans_l_entreprise"": 0, ""annees_dans_le_poste_actuel"": 0, ""nombre_participation_pee"": 0, ""nb_formations_suivies"": 3, ""nombre_employee_sous_responsabilite"": 1, ""distance_domicile_travail"": 2, ""niveau_education"": 2, ""domaine_etude"": ""Autre"", ""ayant_enfants"": ""Y"", ""frequence_deplacement"": ""Occasionnel"", ""annees_depuis_la_derniere_promotion"": 0, ""annes_sous_responsable_actuel"": 0, ""satisfaction_employee_environnement"": 4, ""note_evaluation_precedente"": 2, ""niveau_hierarchique_poste"": 1, ""satisfaction_employee_nature_travail"": 3, ""satisfaction_employee_equipe"": 2, ""satisfaction_employee_equilibre_pro_perso"": 3, ""eval_number"": ""E_21347"", ""note_evaluation_actuelle"": 3, ""heure_supplementaires"": ""Oui"", ""augementation_salaire_precedente"": ""15%""}"
17917,21346,2025-12-10 14:22:32.416227+00:00,"{""id_employee"": 21346, ""age"": 49, ""genre"": ""M"", ""revenu_mensuel"": 5130, ""statut_marital"": ""Mari\u00e9(e)"", ""departement"": ""Consulting"", ""poste"": ""Assistant de Direction"", ""nombre_experiences_precedentes"": 1, ""nombre_heures_travailless"": 80, ""annee_experience_totale"": 10, ""annees_dans_l_entreprise"": 10, ""annees_dans_le_poste_actuel"": 7, ""nombre_participation_pee"": 1, ""nb_formations_suivies"": 3, ""nombre_employee_sous_responsabilite"": 1, ""distance_domicile_travail"": 8, ""niveau_education"": 1, ""domaine_etude"": ""Infra & Cloud"", ""ayant_enfants"": ""Y"", ""frequence_deplacement"": ""Frequent"", ""annees_depuis_la_derniere_promotion"": 1, ""annes_sous_responsable_actuel"": 7, ""satisfaction_employee_environnement"": 3, ""note_evaluation_precedente"": 2, ""niveau_hierarchique_poste"": 2, ""satisfaction_employee_nature_travail"": 2, ""satisfaction_employee_equipe"": 4, ""satisfaction_employee_equilibre_pro_perso"": 3, ""eval_number"": ""E_21346"", ""note_evaluation_actuelle"": 4, ""heure_supplementaires"": ""Non"", ""augementation_salaire_precedente"": ""23%""}"
17916,21345,2025-12-10 14:22:32.325767+00:00,"{""id_employee"": 21345, ""age"": 41, ""genre"": ""F"", ""revenu_mensuel"": 5993, ""statut_marital"": ""C\u00e9libataire"", ""departement"": ""Commercial"", ""poste"": ""Cadre Commercial"", ""nombre_experiences_precedentes"": 8, ""nombre_heures_travailless"": 80, ""annee_experience_totale"": 8, ""annees_dans_l_entreprise"": 6, ""annees_dans_le_poste_actuel"": 4, ""nombre_participation_pee"": 0, ""nb_formations_suivies"": 0, ""nombre_employee_sous_responsabilite"": 1, ""distance_domicile_travail"": 1, ""niveau_education"": 2, ""domaine_etude"": ""Infra & Cloud"", ""ayant_enfants"": ""Y"", ""frequence_deplacement"": ""Occasionnel"", ""annees_depuis_la_derniere_promotion"": 0, ""annes_sous_responsable_actuel"": 5, ""satisfaction_employee_environnement"": 2, ""note_evaluation_precedente"": 3, ""niveau_hierarchique_poste"": 2, ""satisfaction_employee_nature_travail"": 4, ""satisfaction_employee_equipe"": 1, ""satisfaction_employee_equilibre_pro_perso"": 1, ""eval_number"": ""E_21345"", ""note_evaluation_actuelle"": 3, ""heure_supplementaires"": ""Oui"", ""augementation_salaire_precedente"": ""11%""}"
17915,21348,2025-12-05 21:13:35.368485+00:00,"{""id_employee"": 21348, ""age"": 33, ""genre"": ""F"", ""revenu_mensuel"": 2909, ""statut_marital"": ""Mari\u00e9(e)"", ""departement"": ""Consulting"", ""poste"": ""Assistant de Direction"", ""nombre_experiences_precedentes"": 1, ""nombre_heures_travailless"": 80, ""annee_experience_totale"": 8, ""annees_dans_l_entreprise"": 8, ""annees_dans_le_poste_actuel"": 7, ""nombre_participation_pee"": 0, ""nb_formations_suivies"": 3, ""nombre_employee_sous_responsabilite"": 1, ""distance_domicile_travail"": 3, ""niveau_education"": 4, ""domaine_etude"": ""Infra & Cloud"", ""ayant_enfants"": ""Y"", ""frequence_deplacement"": ""Frequent"", ""annees_depuis_la_derniere_promotion"": 3, ""annes_sous_responsable_actuel"": 0, ""satisfaction_employee_environnement"": 4, ""note_evaluation_precedente"": 3, ""niveau_hierarchique_poste"": 1, ""satisfaction_employee_nature_travail"": 3, ""satisfaction_employee_equipe"": 3, ""satisfaction_employee_equilibre_pro_perso"": 3, ""eval_number"": ""E_21348"", ""note_evaluation_actuelle"": 3, ""heure_supplementaires"": ""Oui"", ""augementation_salaire_precedente"": ""11%""}"
17914,21347,2025-12-05 21:13:35.329603+00:00,"{""id_employee"": 21347, ""age"": 37, ""genre"": ""M"", ""revenu_mensuel"": 2090, ""statut_marital"": ""C\u00e9libataire"", ""departement"": ""Consulting"", ""poste"": ""Consultant"", ""nombre_experiences_precedentes"": 6, ""nombre_heures_travailless"": 80, ""annee_experience_totale"": 7, ""annees_dans_l_entreprise"": 0, ""annees_dans_le_poste_actuel"": 0, ""nombre_participation_pee"": 0, ""nb_formations_suivies"": 3, ""nombre_employee_sous_responsabilite"": 1, ""distance_domicile_travail"": 2, ""niveau_education"": 2, ""domaine_etude"": ""Autre"", ""ayant_enfants"": ""Y"", ""frequence_deplacement"": ""Occasionnel"", ""annees_depuis_la_derniere_promotion"": 0, ""annes_sous_responsable_actuel"": 0, ""satisfaction_employee_environnement"": 4, ""note_evaluation_precedente"": 2, ""niveau_hierarchique_poste"": 1, ""satisfaction_employee_nature_travail"": 3, ""satisfaction_employee_equipe"": 2, ""satisfaction_employee_equilibre_pro_perso"": 3, ""eval_number"": ""E_21347"", ""note_evaluation_actuelle"": 3, ""heure_supplementaires"": ""Oui"", ""augementation_salaire_precedente"": ""15%""}"
17913,21346,2025-12-05 21:13:35.290059+00:00,"{""id_employee"": 21346, ""age"": 49, ""genre"": ""M"", ""revenu_mensuel"": 5130, ""statut_marital"": ""Mari\u00e9(e)"", ""departement"": ""Consulting"", ""poste"": ""Assistant de Direction"", ""nombre_experiences_precedentes"": 1, ""nombre_heures_travailless"": 80, ""annee_experience_totale"": 10, ""annees_dans_l_entreprise"": 10, ""annees_dans_le_poste_actuel"": 7, ""nombre_participation_pee"": 1, ""nb_formations_suivies"": 3, ""nombre_employee_sous_responsabilite"": 1, ""distance_domicile_travail"": 8, ""niveau_education"": 1, ""domaine_etude"": ""Infra & Cloud"", ""ayant_enfants"": ""Y"", ""frequence_deplacement"": ""Frequent"", ""annees_depuis_la_derniere_promotion"": 1, ""annes_sous_responsable_actuel"": 7, ""satisfaction_employee_environnement"": 3, ""note_evaluation_precedente"": 2, ""niveau_hierarchique_poste"": 2, ""satisfaction_employee_nature_travail"": 2, ""satisfaction_employee_equipe"": 4, ""satisfaction_employee_equilibre_pro_perso"": 3, ""eval_number"": ""E_21346"", ""note_evaluation_actuelle"": 4, ""heure_supplementaires"": ""Non"", ""augementation_salaire_precedente"": ""23%""}"
17912,21345,2025-12-05 21:13:35.246649+00:00,"{""id_employee"": 21345, ""age"": 41, ""genre"": ""F"", ""revenu_mensuel"": 5993, ""statut_marital"": ""C\u00e9libataire"", ""departement"": ""Commercial"", ""poste"": ""Cadre Commercial"", ""nombre_experiences_precedentes"": 8, ""nombre_heures_travailless"": 80, ""annee_experience_totale"": 8, ""annees_dans_l_entreprise"": 6, ""annees_dans_le_poste_actuel"": 4, ""nombre_participation_pee"": 0, ""nb_formations_suivies"": 0, ""nombre_employee_sous_responsabilite"": 1, ""distance_domicile_travail"": 1, ""niveau_education"": 2, ""domaine_etude"": ""Infra & Cloud"", ""ayant_enfants"": ""Y"", ""frequence_deplacement"": ""Occasionnel"", ""annees_depuis_la_derniere_promotion"": 0, ""annes_sous_responsable_actuel"": 5, ""satisfaction_employee_environnement"": 2, ""note_evaluation_precedente"": 3, ""niveau_hierarchique_poste"": 2, ""satisfaction_employee_nature_travail"": 4, ""satisfaction_employee_equipe"": 1, ""satisfaction_employee_equilibre_pro_perso"": 1, ""eval_number"": ""E_21345"", ""note_evaluation_actuelle"": 3, ""heure_supplementaires"": ""Oui"", ""augementation_salaire_precedente"": ""11%""}"
17911,21348,2025-12-05 21:13:33.952620+00:00,"{""id_employee"": 21348, ""age"": 33, ""genre"": ""F"", ""revenu_mensuel"": 2909, ""statut_marital"": ""Mari\u00e9(e)"", ""departement"": ""Consulting"", ""poste"": ""Assistant de Direction"", ""nombre_experiences_precedentes"": 1, ""nombre_heures_travailless"": 80, ""annee_experience_totale"": 8, ""annees_dans_l_entreprise"": 8, ""annees_dans_le_poste_actuel"": 7, ""nombre_participation_pee"": 0, ""nb_formations_suivies"": 3, ""nombre_employee_sous_responsabilite"": 1, ""distance_domicile_travail"": 3, ""niveau_education"": 4, ""domaine_etude"": ""Infra & Cloud"", ""ayant_enfants"": ""Y"", ""frequence_deplacement"": ""Frequent"", ""annees_depuis_la_derniere_promotion"": 3, ""annes_sous_responsable_actuel"": 0, ""satisfaction_employee_environnement"": 4, ""note_evaluation_precedente"": 3, ""niveau_hierarchique_poste"": 1, ""satisfaction_employee_nature_travail"": 3, ""satisfaction_employee_equipe"": 3, ""satisfaction_employee_equilibre_pro_perso"": 3, ""eval_number"": ""E_21348"", ""note_evaluation_actuelle"": 3, ""heure_supplementaires"": ""Oui"", ""augementation_salaire_precedente"": ""11%""}"
17910,21347,2025-12-05 21:13:33.900164+00:00,"{""id_employee"": 21347, ""age"": 37, ""genre"": ""M"", ""revenu_mensuel"": 2090, ""statut_marital"": ""C\u00e9libataire"", ""departement"": ""Consulting"", ""poste"": ""Consultant"", ""nombre_experiences_precedentes"": 6, ""nombre_heures_travailless"": 80, ""annee_experience_totale"": 7, ""annees_dans_l_entreprise"": 0, ""annees_dans_le_poste_actuel"": 0, ""nombre_participation_pee"": 0, ""nb_formations_suivies"": 3, ""nombre_employee_sous_responsabilite"": 1, ""distance_domicile_travail"": 2, ""niveau_education"": 2, ""domaine_etude"": ""Autre"", ""ayant_enfants"": ""Y"", ""frequence_deplacement"": ""Occasionnel"", ""annees_depuis_la_derniere_promotion"": 0, ""annes_sous_responsable_actuel"": 0, ""satisfaction_employee_environnement"": 4, ""note_evaluation_precedente"": 2, ""niveau_hierarchique_poste"": 1, ""satisfaction_employee_nature_travail"": 3, ""satisfaction_employee_equipe"": 2, ""satisfaction_employee_equilibre_pro_perso"": 3, ""eval_number"": ""E_21347"", ""note_evaluation_actuelle"": 3, ""heure_supplementaires"": ""Oui"", ""augementation_salaire_precedente"": ""15%""}"
17909,21346,2025-12-05 21:13:33.853621+00:00,"{""id_employee"": 21346, ""age"": 49, ""genre"": ""M"", ""revenu_mensuel"": 5130, ""statut_marital"": ""Mari\u00e9(e)"", ""departement"": ""Consulting"", ""poste"": ""Assistant de Direction"", ""nombre_experiences_precedentes"": 1, ""nombre_heures_travailless"": 80, ""annee_experience_totale"": 10, ""annees_dans_l_entreprise"": 10, ""annees_dans_le_poste_actuel"": 7, ""nombre_participation_pee"": 1, ""nb_formations_suivies"": 3, ""nombre_employee_sous_responsabilite"": 1, ""distance_domicile_travail"": 8, ""niveau_education"": 1, ""domaine_etude"": ""Infra & Cloud"", ""ayant_enfants"": ""Y"", ""frequence_deplacement"": ""Frequent"", ""annees_depuis_la_derniere_promotion"": 1, ""annes_sous_responsable_actuel"": 7, ""satisfaction_employee_environnement"": 3, ""note_evaluation_precedente"": 2, ""niveau_hierarchique_poste"": 2, ""satisfaction_employee_nature_travail"": 2, ""satisfaction_employee_equipe"": 4, ""satisfaction_employee_equilibre_pro_perso"": 3, ""eval_number"": ""E_21346"", ""note_evaluation_actuelle"": 4, ""heure_supplementaires"": ""Non"", ""augementation_salaire_precedente"": ""23%""}"
17908,21345,2025-12-05 21:13:33.766559+00:00,"{""id_employee"": 21345, ""age"": 41, ""genre"": ""F"", ""revenu_mensuel"": 5993, ""statut_marital"": ""C\u00e9libataire"", ""departement"": ""Commercial"", ""poste"": ""Cadre Commercial"", ""nombre_experiences_precedentes"": 8, ""nombre_heures_travailless"": 80, ""annee_experience_totale"": 8, ""annees_dans_l_entreprise"": 6, ""annees_dans_le_poste_actuel"": 4, ""nombre_participation_pee"": 0, ""nb_formations_suivies"": 0, ""nombre_employee_sous_responsabilite"": 1, ""distance_domicile_travail"": 1, ""niveau_education"": 2, ""domaine_etude"": ""Infra & Cloud"", ""ayant_enfants"": ""Y"", ""frequence_deplacement"": ""Occasionnel"", ""annees_depuis_la_derniere_promotion"": 0, ""annes_sous_responsable_actuel"": 5, ""satisfaction_employee_environnement"": 2, ""note_evaluation_precedente"": 3, ""niveau_hierarchique_poste"": 2, ""satisfaction_employee_nature_travail"": 4, ""satisfaction_employee_equipe"": 1, ""satisfaction_employee_equilibre_pro_perso"": 1, ""eval_number"": ""E_21345"", ""note_evaluation_actuelle"": 3, ""heure_supplementaires"": ""Oui"", ""augementation_salaire_precedente"": ""11%""}"
17907,21348,2025-12-05 21:13:33.393269+00:00,"{""id_employee"": 21348, ""age"": 33, ""genre"": ""F"", ""revenu_mensuel"": 2909, ""statut_marital"": ""Mari\u00e9(e)"", ""departement"": ""Consulting"", ""poste"": ""Assistant de Direction"", ""nombre_experiences_precedentes"": 1, ""nombre_heures_travailless"": 80, ""annee_experience_totale"": 8, ""annees_dans_l_entreprise"": 8, ""annees_dans_le_poste_actuel"": 7, ""nombre_participation_pee"": 0, ""nb_formations_suivies"": 3, ""nombre_employee_sous_responsabilite"": 1, ""distance_domicile_travail"": 3, ""niveau_education"": 4, ""domaine_etude"": ""Infra & Cloud"", ""ayant_enfants"": ""Y"", ""frequence_deplacement"": ""Frequent"", ""annees_depuis_la_derniere_promotion"": 3, ""annes_sous_responsable_actuel"": 0, ""satisfaction_employee_environnement"": 4, ""note_evaluation_precedente"": 3, ""niveau_hierarchique_poste"": 1, ""satisfaction_employee_nature_travail"": 3, ""satisfaction_employee_equipe"": 3, ""satisfaction_employee_equilibre_pro_perso"": 3, ""eval_number"": ""E_21348"", ""note_evaluation_actuelle"": 3, ""heure_supplementaires"": ""Oui"", ""augementation_salaire_precedente"": ""11%""}"
17906,21347,2025-12-05 21:13:33.358917+00:00,"{""id_employee"": 21347, ""age"": 37, ""genre"": ""M"", ""revenu_mensuel"": 2090, ""statut_marital"": ""C\u00e9libataire"", ""departement"": ""Consulting"", ""poste"": ""Consultant"", ""nombre_experiences_precedentes"": 6, ""nombre_heures_travailless"": 80, ""annee_experience_totale"": 7, ""annees_dans_l_entreprise"": 0, ""annees_dans_le_poste_actuel"": 0, ""nombre_participation_pee"": 0, ""nb_formations_suivies"": 3, ""nombre_employee_sous_responsabilite"": 1, ""distance_domicile_travail"": 2, ""niveau_education"": 2, ""domaine_etude"": ""Autre"", ""ayant_enfants"": ""Y"", ""frequence_deplacement"": ""Occasionnel"", ""annees_depuis_la_derniere_promotion"": 0, ""annes_sous_responsable_actuel"": 0, ""satisfaction_employee_environnement"": 4, ""note_evaluation_precedente"": 2, ""niveau_hierarchique_poste"": 1, ""satisfaction_employee_nature_travail"": 3, ""satisfaction_employee_equipe"": 2, ""satisfaction_employee_equilibre_pro_perso"": 3, ""eval_number"": ""E_21347"", ""note_evaluation_actuelle"": 3, ""heure_supplementaires"": ""Oui"", ""augementation_salaire_precedente"": ""15%""}"
17905,21346,2025-12-05 21:13:33.328041+00:00,"{""id_employee"": 21346, ""age"": 49, ""genre"": ""M"", ""revenu_mensuel"": 5130, ""statut_marital"": ""Mari\u00e9(e)"", ""departement"": ""Consulting"", ""poste"": ""Assistant de Direction"", ""nombre_experiences_precedentes"": 1, ""nombre_heures_travailless"": 80, ""annee_experience_totale"": 10, ""annees_dans_l_entreprise"": 10, ""annees_dans_le_poste_actuel"": 7, ""nombre_participation_pee"": 1, ""nb_formations_suivies"": 3, ""nombre_employee_sous_responsabilite"": 1, ""distance_domicile_travail"": 8, ""niveau_education"": 1, ""domaine_etude"": ""Infra & Cloud"", ""ayant_enfants"": ""Y"", ""frequence_deplacement"": ""Frequent"", ""annees_depuis_la_derniere_promotion"": 1, ""annes_sous_responsable_actuel"": 7, ""satisfaction_employee_environnement"": 3, ""note_evaluation_precedente"": 2, ""niveau_hierarchique_poste"": 2, ""satisfaction_employee_nature_travail"": 2, ""satisfaction_employee_equipe"": 4, ""satisfaction_employee_equilibre_pro_perso"": 3, ""eval_number"": ""E_21346"", ""note_evaluation_actuelle"": 4, ""heure_supplementaires"": ""Non"", ""augementation_salaire_precedente"": ""23%""}"
17904,21345,2025-12-05 21:13:33.259274+00:00,"{""id_employee"": 21345, ""age"": 41, ""genre"": ""F"", ""revenu_mensuel"": 5993, ""statut_marital"": ""C\u00e9libataire"", ""departement"": ""Commercial"", ""poste"": ""Cadre Commercial"", ""nombre_experiences_precedentes"": 8, ""nombre_heures_travailless"": 80, ""annee_experience_totale"": 8, ""annees_dans_l_entreprise"": 6, ""annees_dans_le_poste_actuel"": 4, ""nombre_participation_pee"": 0, ""nb_formations_suivies"": 0, ""nombre_employee_sous_responsabilite"": 1, ""distance_domicile_travail"": 1, ""niveau_education"": 2, ""domaine_etude"": ""Infra & Cloud"", ""ayant_enfants"": ""Y"", ""frequence_deplacement"": ""Occasionnel"", ""annees_depuis_la_derniere_promotion"": 0, ""annes_sous_responsable_actuel"": 5, ""satisfaction_employee_environnement"": 2, ""note_evaluation_precedente"": 3, ""niveau_hierarchique_poste"": 2, ""satisfaction_employee_nature_travail"": 4, ""satisfaction_employee_equipe"": 1, ""satisfaction_employee_equilibre_pro_perso"": 1, ""eval_number"": ""E_21345"", ""note_evaluation_actuelle"": 3, ""heure_supplementaires"": ""Oui"", ""augementation_salaire_precedente"": ""11%""}"
17903,21348,2025-12-05 20:55:40.098556+00:00,"{""id_employee"": 21348, ""age"": 33, ""genre"": ""F"", ""revenu_mensuel"": 2909, ""statut_marital"": ""Mari\u00e9(e)"", ""departement"": ""Consulting"", ""poste"": ""Assistant de Direction"", ""nombre_experiences_precedentes"": 1, ""nombre_heures_travailless"": 80, ""annee_experience_totale"": 8, ""annees_dans_l_entreprise"": 8, ""annees_dans_le_poste_actuel"": 7, ""nombre_participation_pee"": 0, ""nb_formations_suivies"": 3, ""nombre_employee_sous_responsabilite"": 1, ""distance_domicile_travail"": 3, ""niveau_education"": 4, ""domaine_etude"": ""Infra & Cloud"", ""ayant_enfants"": ""Y"", ""frequence_deplacement"": ""Frequent"", ""annees_depuis_la_derniere_promotion"": 3, ""annes_sous_responsable_actuel"": 0, ""satisfaction_employee_environnement"": 4, ""note_evaluation_precedente"": 3, ""niveau_hierarchique_poste"": 1, ""satisfaction_employee_nature_travail"": 3, ""satisfaction_employee_equipe"": 3, ""satisfaction_employee_equilibre_pro_perso"": 3, ""eval_number"": ""E_21348"", ""note_evaluation_actuelle"": 3, ""heure_supplementaires"": ""Oui"", ""augementation_salaire_precedente"": ""11%""}"
17902,21347,2025-12-05 20:55:40.071064+00:00,"{""id_employee"": 21347, ""age"": 37, ""genre"": ""M"", ""revenu_mensuel"": 2090, ""statut_marital"": ""C\u00e9libataire"", ""departement"": ""Consulting"", ""poste"": ""Consultant"", ""nombre_experiences_precedentes"": 6, ""nombre_heures_travailless"": 80, ""annee_experience_totale"": 7, ""annees_dans_l_entreprise"": 0, ""annees_dans_le_poste_actuel"": 0, ""nombre_participation_pee"": 0, ""nb_formations_suivies"": 3, ""nombre_employee_sous_responsabilite"": 1, ""distance_domicile_travail"": 2, ""niveau_education"": 2, ""domaine_etude"": ""Autre"", ""ayant_enfants"": ""Y"", ""frequence_deplacement"": ""Occasionnel"", ""annees_depuis_la_derniere_promotion"": 0, ""annes_sous_responsable_actuel"": 0, ""satisfaction_employee_environnement"": 4, ""note_evaluation_precedente"": 2, ""niveau_hierarchique_poste"": 1, ""satisfaction_employee_nature_travail"": 3, ""satisfaction_employee_equipe"": 2, ""satisfaction_employee_equilibre_pro_perso"": 3, ""eval_number"": ""E_21347"", ""note_evaluation_actuelle"": 3, ""heure_supplementaires"": ""Oui"", ""augementation_salaire_precedente"": ""15%""}"
17901,21346,2025-12-05 20:55:40.046102+00:00,"{""id_employee"": 21346, ""age"": 49, ""genre"": ""M"", ""revenu_mensuel"": 5130, ""statut_marital"": ""Mari\u00e9(e)"", ""departement"": ""Consulting"", ""poste"": ""Assistant de Direction"", ""nombre_experiences_precedentes"": 1, ""nombre_heures_travailless"": 80, ""annee_experience_totale"": 10, ""annees_dans_l_entreprise"": 10, ""annees_dans_le_poste_actuel"": 7, ""nombre_participation_pee"": 1, ""nb_formations_suivies"": 3, ""nombre_employee_sous_responsabilite"": 1, ""distance_domicile_travail"": 8, ""niveau_education"": 1, ""domaine_etude"": ""Infra & Cloud"", ""ayant_enfants"": ""Y"", ""frequence_deplacement"": ""Frequent"", ""annees_depuis_la_derniere_promotion"": 1, ""annes_sous_responsable_actuel"": 7, ""satisfaction_employee_environnement"": 3, ""note_evaluation_precedente"": 2, ""niveau_hierarchique_poste"": 2, ""satisfaction_employee_nature_travail"": 2, ""satisfaction_employee_equipe"": 4, ""satisfaction_employee_equilibre_pro_perso"": 3, ""eval_number"": ""E_21346"", ""note_evaluation_actuelle"": 4, ""heure_supplementaires"": ""Non"", ""augementation_salaire_precedente"": ""23%""}"
17900,21345,2025-12-05 20:55:40.025249+00:00,"{""id_employee"": 21345, ""age"": 41, ""genre"": ""F"", ""revenu_mensuel"": 5993, ""statut_marital"": ""C\u00e9libataire"", ""departement"": ""Commercial"", ""poste"": ""Cadre Commercial"", ""nombre_experiences_precedentes"": 8, ""nombre_heures_travailless"": 80, ""annee_experience_totale"": 8, ""annees_dans_l_entreprise"": 6, ""annees_dans_le_poste_actuel"": 4, ""nombre_participation_pee"": 0, ""nb_formations_suivies"": 0, ""nombre_employee_sous_responsabilite"": 1, ""distance_domicile_travail"": 1, ""niveau_education"": 2, ""domaine_etude"": ""Infra & Cloud"", ""ayant_enfants"": ""Y"", ""frequence_deplacement"": ""Occasionnel"", ""annees_depuis_la_derniere_promotion"": 0, ""annes_sous_responsable_actuel"": 5, ""satisfaction_employee_environnement"": 2, ""note_evaluation_precedente"": 3, ""niveau_hierarchique_poste"": 2, ""satisfaction_employee_nature_travail"": 4, ""satisfaction_employee_equipe"": 1, ""satisfaction_employee_equilibre_pro_perso"": 1, ""eval_number"": ""E_21345"", ""note_evaluation_actuelle"": 3, ""heure_supplementaires"": ""Oui"", ""augementation_salaire_precedente"": ""11%""}"
17899,21348,2025-12-05 20:55:39.301583+00:00,"{""id_employee"": 21348, ""age"": 33, ""genre"": ""F"", ""revenu_mensuel"": 2909, ""statut_marital"": ""Mari\u00e9(e)"", ""departement"": ""Consulting"", ""poste"": ""Assistant de Direction"", ""nombre_experiences_precedentes"": 1, ""nombre_heures_travailless"": 80, ""annee_experience_totale"": 8, ""annees_dans_l_entreprise"": 8, ""annees_dans_le_poste_actuel"": 7, ""nombre_participation_pee"": 0, ""nb_formations_suivies"": 3, ""nombre_employee_sous_responsabilite"": 1, ""distance_domicile_travail"": 3, ""niveau_education"": 4, ""domaine_etude"": ""Infra & Cloud"", ""ayant_enfants"": ""Y"", ""frequence_deplacement"": ""Frequent"", ""annees_depuis_la_derniere_promotion"": 3, ""annes_sous_responsable_actuel"": 0, ""satisfaction_employee_environnement"": 4, ""note_evaluation_precedente"": 3, ""niveau_hierarchique_poste"": 1, ""satisfaction_employee_nature_travail"": 3, ""satisfaction_employee_equipe"": 3, ""satisfaction_employee_equilibre_pro_perso"": 3, ""eval_number"": ""E_21348"", ""note_evaluation_actuelle"": 3, ""heure_supplementaires"": ""Oui"", ""augementation_salaire_precedente"": ""11%""}"
17898,21347,2025-12-05 20:55:39.275280+00:00,"{""id_employee"": 21347, ""age"": 37, ""genre"": ""M"", ""revenu_mensuel"": 2090, ""statut_marital"": ""C\u00e9libataire"", ""departement"": ""Consulting"", ""poste"": ""Consultant"", ""nombre_experiences_precedentes"": 6, ""nombre_heures_travailless"": 80, ""annee_experience_totale"": 7, ""annees_dans_l_entreprise"": 0, ""annees_dans_le_poste_actuel"": 0, ""nombre_participation_pee"": 0, ""nb_formations_suivies"": 3, ""nombre_employee_sous_responsabilite"": 1, ""distance_domicile_travail"": 2, ""niveau_education"": 2, ""domaine_etude"": ""Autre"", ""ayant_enfants"": ""Y"", ""frequence_deplacement"": ""Occasionnel"", ""annees_depuis_la_derniere_promotion"": 0, ""annes_sous_responsable_actuel"": 0, ""satisfaction_employee_environnement"": 4, ""note_evaluation_precedente"": 2, ""niveau_hierarchique_poste"": 1, ""satisfaction_employee_nature_travail"": 3, ""satisfaction_employee_equipe"": 2, ""satisfaction_employee_equilibre_pro_perso"": 3, ""eval_number"": ""E_21347"", ""note_evaluation_actuelle"": 3, ""heure_supplementaires"": ""Oui"", ""augementation_salaire_precedente"": ""15%""}"
17897,21346,2025-12-05 20:55:39.252138+00:00,"{""id_employee"": 21346, ""age"": 49, ""genre"": ""M"", ""revenu_mensuel"": 5130, ""statut_marital"": ""Mari\u00e9(e)"", ""departement"": ""Consulting"", ""poste"": ""Assistant de Direction"", ""nombre_experiences_precedentes"": 1, ""nombre_heures_travailless"": 80, ""annee_experience_totale"": 10, ""annees_dans_l_entreprise"": 10, ""annees_dans_le_poste_actuel"": 7, ""nombre_participation_pee"": 1, ""nb_formations_suivies"": 3, ""nombre_employee_sous_responsabilite"": 1, ""distance_domicile_travail"": 8, ""niveau_education"": 1, ""domaine_etude"": ""Infra & Cloud"", ""ayant_enfants"": ""Y"", ""frequence_deplacement"": ""Frequent"", ""annees_depuis_la_derniere_promotion"": 1, ""annes_sous_responsable_actuel"": 7, ""satisfaction_employee_environnement"": 3, ""note_evaluation_precedente"": 2, ""niveau_hierarchique_poste"": 2, ""satisfaction_employee_nature_travail"": 2, ""satisfaction_employee_equipe"": 4, ""satisfaction_employee_equilibre_pro_perso"": 3, ""eval_number"": ""E_21346"", ""note_evaluation_actuelle"": 4, ""heure_supplementaires"": ""Non"", ""augementation_salaire_precedente"": ""23%""}"
17896,21345,2025-12-05 20:55:39.202092+00:00,"{""id_employee"": 21345, ""age"": 41, ""genre"": ""F"", ""revenu_mensuel"": 5993, ""statut_marital"": ""C\u00e9libataire"", ""departement"": ""Commercial"", ""poste"": ""Cadre Commercial"", ""nombre_experiences_precedentes"": 8, ""nombre_heures_travailless"": 80, ""annee_experience_totale"": 8, ""annees_dans_l_entreprise"": 6, ""annees_dans_le_poste_actuel"": 4, ""nombre_participation_pee"": 0, ""nb_formations_suivies"": 0, ""nombre_employee_sous_responsabilite"": 1, ""distance_domicile_travail"": 1, ""niveau_education"": 2, ""domaine_etude"": ""Infra & Cloud"", ""ayant_enfants"": ""Y"", ""frequence_deplacement"": ""Occasionnel"", ""annees_depuis_la_derniere_promotion"": 0, ""annes_sous_responsable_actuel"": 5, ""satisfaction_employee_environnement"": 2, ""note_evaluation_precedente"": 3, ""niveau_hierarchique_poste"": 2, ""satisfaction_employee_nature_travail"": 4, ""satisfaction_employee_equipe"": 1, ""satisfaction_employee_equilibre_pro_perso"": 1, ""eval_number"": ""E_21345"", ""note_evaluation_actuelle"": 3, ""heure_supplementaires"": ""Oui"", ""augementation_salaire_precedente"": ""11%""}"
17895,21348,2025-12-05 20:55:39.058718+00:00,"{""id_employee"": 21348, ""age"": 33, ""genre"": ""F"", ""revenu_mensuel"": 2909, ""statut_marital"": ""Mari\u00e9(e)"", ""departement"": ""Consulting"", ""poste"": ""Assistant de Direction"", ""nombre_experiences_precedentes"": 1, ""nombre_heures_travailless"": 80, ""annee_experience_totale"": 8, ""annees_dans_l_entreprise"": 8, ""annees_dans_le_poste_actuel"": 7, ""nombre_participation_pee"": 0, ""nb_formations_suivies"": 3, ""nombre_employee_sous_responsabilite"": 1, ""distance_domicile_travail"": 3, ""niveau_education"": 4, ""domaine_etude"": ""Infra & Cloud"", ""ayant_enfants"": ""Y"", ""frequence_deplacement"": ""Frequent"", ""annees_depuis_la_derniere_promotion"": 3, ""annes_sous_responsable_actuel"": 0, ""satisfaction_employee_environnement"": 4, ""note_evaluation_precedente"": 3, ""niveau_hierarchique_poste"": 1, ""satisfaction_employee_nature_travail"": 3, ""satisfaction_employee_equipe"": 3, ""satisfaction_employee_equilibre_pro_perso"": 3, ""eval_number"": ""E_21348"", ""note_evaluation_actuelle"": 3, ""heure_supplementaires"": ""Oui"", ""augementation_salaire_precedente"": ""11%""}"
17894,21347,2025-12-05 20:55:39.043178+00:00,"{""id_employee"": 21347, ""age"": 37, ""genre"": ""M"", ""revenu_mensuel"": 2090, ""statut_marital"": ""C\u00e9libataire"", ""departement"": ""Consulting"", ""poste"": ""Consultant"", ""nombre_experiences_precedentes"": 6, ""nombre_heures_travailless"": 80, ""annee_experience_totale"": 7, ""annees_dans_l_entreprise"": 0, ""annees_dans_le_poste_actuel"": 0, ""nombre_participation_pee"": 0, ""nb_formations_suivies"": 3, ""nombre_employee_sous_responsabilite"": 1, ""distance_domicile_travail"": 2, ""niveau_education"": 2, ""domaine_etude"": ""Autre"", ""ayant_enfants"": ""Y"", ""frequence_deplacement"": ""Occasionnel"", ""annees_depuis_la_derniere_promotion"": 0, ""annes_sous_responsable_actuel"": 0, ""satisfaction_employee_environnement"": 4, ""note_evaluation_precedente"": 2, ""niveau_hierarchique_poste"": 1, ""satisfaction_employee_nature_travail"": 3, ""satisfaction_employee_equipe"": 2, ""satisfaction_employee_equilibre_pro_perso"": 3, ""eval_number"": ""E_21347"", ""note_evaluation_actuelle"": 3, ""heure_supplementaires"": ""Oui"", ""augementation_salaire_precedente"": ""15%""}"
17893,21346,2025-12-05 20:55:39.027115+00:00,"{""id_employee"": 21346, ""age"": 49, ""genre"": ""M"", ""revenu_mensuel"": 5130, ""statut_marital"": ""Mari\u00e9(e)"", ""departement"": ""Consulting"", ""poste"": ""Assistant de Direction"", ""nombre_experiences_precedentes"": 1, ""nombre_heures_travailless"": 80, ""annee_experience_totale"": 10, ""annees_dans_l_entreprise"": 10, ""annees_dans_le_poste_actuel"": 7, ""nombre_participation_pee"": 1, ""nb_formations_suivies"": 3, ""nombre_employee_sous_responsabilite"": 1, ""distance_domicile_travail"": 8, ""niveau_education"": 1, ""domaine_etude"": ""Infra & Cloud"", ""ayant_enfants"": ""Y"", ""frequence_deplacement"": ""Frequent"", ""annees_depuis_la_derniere_promotion"": 1, ""annes_sous_responsable_actuel"": 7, ""satisfaction_employee_environnement"": 3, ""note_evaluation_precedente"": 2, ""niveau_hierarchique_poste"": 2, ""satisfaction_employee_nature_travail"": 2, ""satisfaction_employee_equipe"": 4, ""satisfaction_employee_equilibre_pro_perso"": 3, ""eval_number"": ""E_21346"", ""note_evaluation_actuelle"": 4, ""heure_supplementaires"": ""Non"", ""augementation_salaire_precedente"": ""23%""}"
17892,21345,2025-12-05 20:55:38.970005+00:00,"{""id_employee"": 21345, ""age"": 41, ""genre"": ""F"", ""revenu_mensuel"": 5993, ""statut_marital"": ""C\u00e9libataire"", ""departement"": ""Commercial"", ""poste"": ""Cadre Commercial"", ""nombre_experiences_precedentes"": 8, ""nombre_heures_travailless"": 80, ""annee_experience_totale"": 8, ""annees_dans_l_entreprise"": 6, ""annees_dans_le_poste_actuel"": 4, ""nombre_participation_pee"": 0, ""nb_formations_suivies"": 0, ""nombre_employee_sous_responsabilite"": 1, ""distance_domicile_travail"": 1, ""niveau_education"": 2, ""domaine_etude"": ""Infra & Cloud"", ""ayant_enfants"": ""Y"", ""frequence_deplacement"": ""Occasionnel"", ""annees_depuis_la_derniere_promotion"": 0, ""annes_sous_responsable_actuel"": 5, ""satisfaction_employee_environnement"": 2, ""note_evaluation_precedente"": 3, ""niveau_hierarchique_poste"": 2, ""satisfaction_employee_nature_travail"": 4, ""satisfaction_employee_equipe"": 1, ""satisfaction_employee_equilibre_pro_perso"": 1, ""eval_number"": ""E_21345"", ""note_evaluation_actuelle"": 3, ""heure_supplementaires"": ""Oui"", ""augementation_salaire_precedente"": ""11%""}"
17891,99001,2025-12-05 18:46:37.616895+00:00,"{""id_employee"": 99001, ""age"": 35, ""genre"": ""M"", ""revenu_mensuel"": 6000, ""statut_marital"": ""Mari\u00e9"", ""departement"": ""R&D"", ""poste"": ""D\u00e9veloppeur"", ""nombre_experiences_precedentes"": 2, ""nombre_heures_travailless"": 150, ""annee_experience_totale"": 10, ""annees_dans_l_entreprise"": 5, ""annees_dans_le_poste_actuel"": 3, ""nombre_participation_pee"": 1, ""nb_formations_suivies"": 2, ""nombre_employee_sous_responsabilite"": 0, ""distance_domicile_travail"": 15, ""niveau_education"": 3, ""domaine_etude"": ""Informatique"", ""ayant_enfants"": ""Oui"", ""frequence_deplacement"": ""Rarement"", ""annees_depuis_la_derniere_promotion"": 2, ""annes_sous_responsable_actuel"": 2, ""satisfaction_employee_environnement"": 3, ""note_evaluation_precedente"": 3, ""niveau_hierarchique_poste"": 2, ""satisfaction_employee_nature_travail"": 4, ""satisfaction_employee_equipe"": 3, ""satisfaction_employee_equilibre_pro_perso"": 3, ""eval_number"": ""E_99001"", ""note_evaluation_actuelle"": 4, ""heure_supplementaires"": ""Non"", ""augementation_salaire_precedente"": ""7 %""}"
17890,99001,2025-12-05 18:46:37.608995+00:00,"{""id_employee"": 99001, ""age"": 35, ""genre"": ""M"", ""revenu_mensuel"": 6000, ""statut_marital"": ""Mari\u00e9"", ""departement"": ""R&D"", ""poste"": ""D\u00e9veloppeur"", ""nombre_experiences_precedentes"": 2, ""nombre_heures_travailless"": 150, ""annee_experience_totale"": 10, ""annees_dans_l_entreprise"": 5, ""annees_dans_le_poste_actuel"": 3, ""nombre_participation_pee"": 1, ""nb_formations_suivies"": 2, ""nombre_employee_sous_responsabilite"": 0, ""distance_domicile_travail"": 15, ""niveau_education"": 3, ""domaine_etude"": ""Informatique"", ""ayant_enfants"": ""Oui"", ""frequence_deplacement"": ""Rarement"", ""annees_depuis_la_derniere_promotion"": 2, ""annes_sous_responsable_actuel"": 2, ""satisfaction_employee_environnement"": 3, ""note_evaluation_precedente"": 3, ""niveau_hierarchique_poste"": 2, ""satisfaction_employee_nature_travail"": 4, ""satisfaction_employee_equipe"": 3, ""satisfaction_employee_equilibre_pro_perso"": 3, ""eval_number"": ""E_99001"", ""note_evaluation_actuelle"": 4, ""heure_supplementaires"": ""Non"", ""augementation_salaire_precedente"": ""7 %""}"
17889,99001,2025-12-05 18:46:37.596799+00:00,"{""id_employee"": 99001, ""age"": 35, ""genre"": ""M"", ""revenu_mensuel"": 6000, ""statut_marital"": ""Mari\u00e9"", ""departement"": ""R&D"", ""poste"": ""D\u00e9veloppeur"", ""nombre_experiences_precedentes"": 2, ""nombre_heures_travailless"": 150, ""annee_experience_totale"": 10, ""annees_dans_l_entreprise"": 5, ""annees_dans_le_poste_actuel"": 3, ""nombre_participation_pee"": 1, ""nb_formations_suivies"": 2, ""nombre_employee_sous_responsabilite"": 0, ""distance_domicile_travail"": 15, ""niveau_education"": 3, ""domaine_etude"": ""Informatique"", ""ayant_enfants"": ""Oui"", ""frequence_deplacement"": ""Rarement"", ""annees_depuis_la_derniere_promotion"": 2, ""annes_sous_responsable_actuel"": 2, ""satisfaction_employee_environnement"": 3, ""note_evaluation_precedente"": 3, ""niveau_hierarchique_poste"": 2, ""satisfaction_employee_nature_travail"": 4, ""satisfaction_employee_equipe"": 3, ""satisfaction_employee_equilibre_pro_perso"": 3, ""eval_number"": ""E_99001"", ""note_evaluation_actuelle"": 4, ""heure_supplementaires"": ""Non"", ""augementation_salaire_precedente"": ""7 %""}"
17888,99999,2025-12-05 18:46:37.433952+00:00,"{""id_employee"": 99999, ""age"": 35, ""genre"": ""M"", ""revenu_mensuel"": 6000, ""statut_marital"": ""Mari\u00e9"", ""departement"": ""R&D"", ""poste"": ""D\u00e9veloppeur"", ""nombre_experiences_precedentes"": 2, ""nombre_heures_travailless"": 150, ""annee_experience_totale"": 10, ""annees_dans_l_entreprise"": 5, ""annees_dans_le_poste_actuel"": 3, ""nombre_participation_pee"": 1, ""nb_formations_suivies"": 2, ""nombre_employee_sous_responsabilite"": 0, ""distance_domicile_travail"": 15, ""niveau_education"": 3, ""domaine_etude"": ""Informatique"", ""ayant_enfants"": ""Oui"", ""frequence_deplacement"": ""Rarement"", ""annees_depuis_la_derniere_promotion"": 2, ""annes_sous_responsable_actuel"": 2, ""satisfaction_employee_environnement"": 3, ""note_evaluation_precedente"": 3, ""niveau_hierarchique_poste"": 2, ""satisfaction_employee_nature_travail"": 4, ""satisfaction_employee_equipe"": 3, ""satisfaction_employee_equilibre_pro_perso"": 3, ""eval_number"": ""E_99999"", ""note_evaluation_actuelle"": 4, ""heure_supplementaires"": ""Non"", ""augementation_salaire_precedente"": ""7 %""}"
17887,99001,2025-12-05 18:46:36.781999+00:00,"{""id_employee"": 99001, ""age"": 35, ""genre"": ""M"", ""revenu_mensuel"": 6000, ""statut_marital"": ""Mari\u00e9"", ""departement"": ""R&D"", ""poste"": ""D\u00e9veloppeur"", ""nombre_experiences_precedentes"": 2, ""nombre_heures_travailless"": 150, ""annee_experience_totale"": 10, ""annees_dans_l_entreprise"": 5, ""annees_dans_le_poste_actuel"": 3, ""nombre_participation_pee"": 1, ""nb_formations_suivies"": 2, ""nombre_employee_sous_responsabilite"": 0, ""distance_domicile_travail"": 15, ""niveau_education"": 3, ""domaine_etude"": ""Informatique"", ""ayant_enfants"": ""Oui"", ""frequence_deplacement"": ""Rarement"", ""annees_depuis_la_derniere_promotion"": 2, ""annes_sous_responsable_actuel"": 2, ""satisfaction_employee_environnement"": 3, ""note_evaluation_precedente"": 3, ""niveau_hierarchique_poste"": 2, ""satisfaction_employee_nature_travail"": 4, ""satisfaction_employee_equipe"": 3, ""satisfaction_employee_equilibre_pro_perso"": 3, ""eval_number"": ""E_99001"", ""note_evaluation_actuelle"": 4, ""heure_supplementaires"": ""Non"", ""augementation_salaire_precedente"": ""7 %""}"
17886,99001,2025-12-05 18:46:36.126326+00:00,"{""id_employee"": 99001, ""age"": 35, ""genre"": ""M"", ""revenu_mensuel"": 6000, ""statut_marital"": ""Mari\u00e9"", ""departement"": ""R&D"", ""poste"": ""D\u00e9veloppeur"", ""nombre_experiences_precedentes"": 2, ""nombre_heures_travailless"": 150, ""annee_experience_totale"": 10, ""annees_dans_l_entreprise"": 5, ""annees_dans_le_poste_actuel"": 3, ""nombre_participation_pee"": 1, ""nb_formations_suivies"": 2, ""nombre_employee_sous_responsabilite"": 0, ""distance_domicile_travail"": 15, ""niveau_education"": 3, ""domaine_etude"": ""Informatique"", ""ayant_enfants"": ""Oui"", ""frequence_deplacement"": ""Rarement"", ""annees_depuis_la_derniere_promotion"": 2, ""annes_sous_responsable_actuel"": 2, ""satisfaction_employee_environnement"": 3, ""note_evaluation_precedente"": 3, ""niveau_hierarchique_poste"": 2, ""satisfaction_employee_nature_travail"": 4, ""satisfaction_employee_equipe"": 3, ""satisfaction_employee_equilibre_pro_perso"": 3, ""eval_number"": ""E_99001"", ""note_evaluation_actuelle"": 4, ""heure_supplementaires"": ""Non"", ""augementation_salaire_precedente"": ""7 %""}"
17885,99003,2025-12-05 18:46:35.929659+00:00,"{""id_employee"": 99003, ""age"": 35, ""genre"": ""M"", ""revenu_mensuel"": 6000, ""statut_marital"": ""Mari\u00e9"", ""departement"": ""R&D"", ""poste"": ""D\u00e9veloppeur"", ""nombre_experiences_precedentes"": 2, ""nombre_heures_travailless"": 150, ""annee_experience_totale"": 10, ""annees_dans_l_entreprise"": 5, ""annees_dans_le_poste_actuel"": 3, ""nombre_participation_pee"": 1, ""nb_formations_suivies"": 2, ""nombre_employee_sous_responsabilite"": 0, ""distance_domicile_travail"": 15, ""niveau_education"": 3, ""domaine_etude"": ""Informatique"", ""ayant_enfants"": ""Oui"", ""frequence_deplacement"": ""Rarement"", ""annees_depuis_la_derniere_promotion"": 2, ""annes_sous_responsable_actuel"": 2, ""satisfaction_employee_environnement"": 3, ""note_evaluation_precedente"": 3, ""niveau_hierarchique_poste"": 2, ""satisfaction_employee_nature_travail"": 4, ""satisfaction_employee_equipe"": 3, ""satisfaction_employee_equilibre_pro_perso"": 3, ""eval_number"": ""E_99003"", ""note_evaluation_actuelle"": 4, ""heure_supplementaires"": ""Non"", ""augementation_salaire_precedente"": ""7 %""}"
17884,99002,2025-12-05 18:46:35.906855+00:00,"{""id_employee"": 99002, ""age"": 35, ""genre"": ""M"", ""revenu_mensuel"": 6000, ""statut_marital"": ""Mari\u00e9"", ""departement"": ""R&D"", ""poste"": ""D\u00e9veloppeur"", ""nombre_experiences_precedentes"": 2, ""nombre_heures_travailless"": 150, ""annee_experience_totale"": 10, ""annees_dans_l_entreprise"": 5, ""annees_dans_le_poste_actuel"": 3, ""nombre_participation_pee"": 1, ""nb_formations_suivies"": 2, ""nombre_employee_sous_responsabilite"": 0, ""distance_domicile_travail"": 15, ""niveau_education"": 3, ""domaine_etude"": ""Informatique"", ""ayant_enfants"": ""Oui"", ""frequence_deplacement"": ""Rarement"", ""annees_depuis_la_derniere_promotion"": 2, ""annes_sous_responsable_actuel"": 2, ""satisfaction_employee_environnement"": 3, ""note_evaluation_precedente"": 3, ""niveau_hierarchique_poste"": 2, ""satisfaction_employee_nature_travail"": 4, ""satisfaction_employee_equipe"": 3, ""satisfaction_employee_equilibre_pro_perso"": 3, ""eval_number"": ""E_99002"", ""note_evaluation_actuelle"": 4, ""heure_supplementaires"": ""Non"", ""augementation_salaire_precedente"": ""7 %""}"
17883,99001,2025-12-05 18:46:35.882479+00:00,"{""id_employee"": 99001, ""age"": 35, ""genre"": ""M"", ""revenu_mensuel"": 6000, ""statut_marital"": ""Mari\u00e9"", ""departement"": ""R&D"", ""poste"": ""D\u00e9veloppeur"", ""nombre_experiences_precedentes"": 2, ""nombre_heures_travailless"": 150, ""annee_experience_totale"": 10, ""annees_dans_l_entreprise"": 5, ""annees_dans_le_poste_actuel"": 3, ""nombre_participation_pee"": 1, ""nb_formations_suivies"": 2, ""nombre_employee_sous_responsabilite"": 0, ""distance_domicile_travail"": 15, ""niveau_education"": 3, ""domaine_etude"": ""Informatique"", ""ayant_enfants"": ""Oui"", ""frequence_deplacement"": ""Rarement"", ""annees_depuis_la_derniere_promotion"": 2, ""annes_sous_responsable_actuel"": 2, ""satisfaction_employee_environnement"": 3, ""note_evaluation_precedente"": 3, ""niveau_hierarchique_poste"": 2, ""satisfaction_employee_nature_travail"": 4, ""satisfaction_employee_equipe"": 3, ""satisfaction_employee_equilibre_pro_perso"": 3, ""eval_number"": ""E_99001"", ""note_evaluation_actuelle"": 4, ""heure_supplementaires"": ""Non"", ""augementation_salaire_precedente"": ""7 %""}"
17882,99001,2025-12-05 18:46:35.715511+00:00,"{""id_employee"": 99001, ""age"": 35, ""genre"": ""M"", ""revenu_mensuel"": 6000, ""statut_marital"": ""Mari\u00e9"", ""departement"": ""R&D"", ""poste"": ""D\u00e9veloppeur"", ""nombre_experiences_precedentes"": 2, ""nombre_heures_travailless"": 150, ""annee_experience_totale"": 10, ""annees_dans_l_entreprise"": 5, ""annees_dans_le_poste_actuel"": 3, ""nombre_participation_pee"": 1, ""nb_formations_suivies"": 2, ""nombre_employee_sous_responsabilite"": 0, ""distance_domicile_travail"": 15, ""niveau_education"": 3, ""domaine_etude"": ""Informatique"", ""ayant_enfants"": ""Oui"", ""frequence_deplacement"": ""Rarement"", ""annees_depuis_la_derniere_promotion"": 2, ""annes_sous_responsable_actuel"": 2, ""satisfaction_employee_environnement"": 3, ""note_evaluation_precedente"": 3, ""niveau_hierarchique_poste"": 2, ""satisfaction_employee_nature_travail"": 4, ""satisfaction_employee_equipe"": 3, ""satisfaction_employee_equilibre_pro_perso"": 3, ""eval_number"": ""E_99001"", ""note_evaluation_actuelle"": 4, ""heure_supplementaires"": ""Non"", ""augementation_salaire_precedente"": ""7 %""}"
17881,99004,2025-12-05 18:46:34.328567+00:00,"{""id_employee"": 99004, ""age"": 35, ""genre"": ""M"", ""revenu_mensuel"": 6000, ""statut_marital"": ""Mari\u00e9"", ""departement"": ""R&D"", ""poste"": ""D\u00e9veloppeur"", ""nombre_experiences_precedentes"": 2, ""nombre_heures_travailless"": 150, ""annee_experience_totale"": 10, ""annees_dans_l_entreprise"": 5, ""annees_dans_le_poste_actuel"": 3, ""nombre_participation_pee"": 1, ""nb_formations_suivies"": 2, ""nombre_employee_sous_responsabilite"": 0, ""distance_domicile_travail"": 15, ""niveau_education"": 3, ""domaine_etude"": ""Informatique"", ""ayant_enfants"": ""Oui"", ""frequence_deplacement"": ""Rarement"", ""annees_depuis_la_derniere_promotion"": 2, ""annes_sous_responsable_actuel"": 2, ""satisfaction_employee_environnement"": 3, ""note_evaluation_precedente"": 3, ""niveau_hierarchique_poste"": 2, ""satisfaction_employee_nature_travail"": 4, ""satisfaction_employee_equipe"": 3, ""satisfaction_employee_equilibre_pro_perso"": 3, ""eval_number"": ""E_99004"", ""note_evaluation_actuelle"": 4, ""heure_supplementaires"": ""Non"", ""augementation_salaire_precedente"": ""7 %""}"
17880,99003,2025-12-05 18:46:34.307716+00:00,"{""id_employee"": 99003, ""age"": 35, ""genre"": ""M"", ""revenu_mensuel"": 6000, ""statut_marital"": ""Mari\u00e9"", ""departement"": ""R&D"", ""poste"": ""D\u00e9veloppeur"", ""nombre_experiences_precedentes"": 2, ""nombre_heures_travailless"": 150, ""annee_experience_totale"": 10, ""annees_dans_l_entreprise"": 5, ""annees_dans_le_poste_actuel"": 3, ""nombre_participation_pee"": 1, ""nb_formations_suivies"": 2, ""nombre_employee_sous_responsabilite"": 0, ""distance_domicile_travail"": 15, ""niveau_education"": 3, ""domaine_etude"": ""Informatique"", ""ayant_enfants"": ""Oui"", ""frequence_deplacement"": ""Rarement"", ""annees_depuis_la_derniere_promotion"": 2, ""annes_sous_responsable_actuel"": 2, ""satisfaction_employee_environnement"": 3, ""note_evaluation_precedente"": 3, ""niveau_hierarchique_poste"": 2, ""satisfaction_employee_nature_travail"": 4, ""satisfaction_employee_equipe"": 3, ""satisfaction_employee_equilibre_pro_perso"": 3, ""eval_number"": ""E_99003"", ""note_evaluation_actuelle"": 4, ""heure_supplementaires"": ""Non"", ""augementation_salaire_precedente"": ""7 %""}"
17879,99002,2025-12-05 18:46:34.282716+00:00,"{""id_employee"": 99002, ""age"": 35, ""genre"": ""M"", ""revenu_mensuel"": 6000, ""statut_marital"": ""Mari\u00e9"", ""departement"": ""R&D"", ""poste"": ""D\u00e9veloppeur"", ""nombre_experiences_precedentes"": 2, ""nombre_heures_travailless"": 150, ""annee_experience_totale"": 10, ""annees_dans_l_entreprise"": 5, ""annees_dans_le_poste_actuel"": 3, ""nombre_participation_pee"": 1, ""nb_formations_suivies"": 2, ""nombre_employee_sous_responsabilite"": 0, ""distance_domicile_travail"": 15, ""niveau_education"": 3, ""domaine_etude"": ""Informatique"", ""ayant_enfants"": ""Oui"", ""frequence_deplacement"": ""Rarement"", ""annees_depuis_la_derniere_promotion"": 2, ""annes_sous_responsable_actuel"": 2, ""satisfaction_employee_environnement"": 3, ""note_evaluation_precedente"": 3, ""niveau_hierarchique_poste"": 2, ""satisfaction_employee_nature_travail"": 4, ""satisfaction_employee_equipe"": 3, ""satisfaction_employee_equilibre_pro_perso"": 3, ""eval_number"": ""E_99002"", ""note_evaluation_actuelle"": 4, ""heure_supplementaires"": ""Non"", ""augementation_salaire_precedente"": ""7 %""}"
17878,99001,2025-12-05 18:46:34.247631+00:00,"{""id_employee"": 99001, ""age"": 35, ""genre"": ""M"", ""revenu_mensuel"": 6000, ""statut_marital"": ""Mari\u00e9"", ""departement"": ""R&D"", ""poste"": ""D\u00e9veloppeur"", ""nombre_experiences_precedentes"": 2, ""nombre_heures_travailless"": 150, ""annee_experience_totale"": 10, ""annees_dans_l_entreprise"": 5, ""annees_dans_le_poste_actuel"": 3, ""nombre_participation_pee"": 1, ""nb_formations_suivies"": 2, ""nombre_employee_sous_responsabilite"": 0, ""distance_domicile_travail"": 15, ""niveau_education"": 3, ""domaine_etude"": ""Informatique"", ""ayant_enfants"": ""Oui"", ""frequence_deplacement"": ""Rarement"", ""annees_depuis_la_derniere_promotion"": 2, ""annes_sous_responsable_actuel"": 2, ""satisfaction_employee_environnement"": 3, ""note_evaluation_precedente"": 3, ""niveau_hierarchique_poste"": 2, ""satisfaction_employee_nature_travail"": 4, ""satisfaction_employee_equipe"": 3, ""satisfaction_employee_equilibre_pro_perso"": 3, ""eval_number"": ""E_99001"", ""note_evaluation_actuelle"": 4, ""heure_supplementaires"": ""Non"", ""augementation_salaire_precedente"": ""7 %""}"
17877,99001,2025-12-05 18:46:33.732306+00:00,"{""id_employee"": 99001, ""age"": 35, ""genre"": ""M"", ""revenu_mensuel"": 6000, ""statut_marital"": ""Mari\u00e9"", ""departement"": ""R&D"", ""poste"": ""D\u00e9veloppeur"", ""nombre_experiences_precedentes"": 2, ""nombre_heures_travailless"": 150, ""annee_experience_totale"": 10, ""annees_dans_l_entreprise"": 5, ""annees_dans_le_poste_actuel"": 3, ""nombre_participation_pee"": 1, ""nb_formations_suivies"": 2, ""nombre_employee_sous_responsabilite"": 0, ""distance_domicile_travail"": 15, ""niveau_education"": 3, ""domaine_etude"": ""Informatique"", ""ayant_enfants"": ""Oui"", ""frequence_deplacement"": ""Rarement"", ""annees_depuis_la_derniere_promotion"": 2, ""annes_sous_responsable_actuel"": 2, ""satisfaction_employee_environnement"": 3, ""note_evaluation_precedente"": 3, ""niveau_hierarchique_poste"": 2, ""satisfaction_employee_nature_travail"": 4, ""satisfaction_employee_equipe"": 3, ""satisfaction_employee_equilibre_pro_perso"": 3, ""eval_number"": ""E_99001"", ""note_evaluation_actuelle"": 4, ""heure_supplementaires"": ""Non"", ""augementation_salaire_precedente"": ""7 %""}"
17876,99001,2025-12-05 18:46:33.231607+00:00,"{""id_employee"": 99001, ""age"": 35, ""genre"": ""M"", ""revenu_mensuel"": 6000, ""statut_marital"": ""Mari\u00e9"", ""departement"": ""R&D"", ""poste"": ""D\u00e9veloppeur"", ""nombre_experiences_precedentes"": 2, ""nombre_heures_travailless"": 150, ""annee_experience_totale"": 10, ""annees_dans_l_entreprise"": 5, ""annees_dans_le_poste_actuel"": 3, ""nombre_participation_pee"": 1, ""nb_formations_suivies"": 2, ""nombre_employee_sous_responsabilite"": 0, ""distance_domicile_travail"": 15, ""niveau_education"": 3, ""domaine_etude"": ""Informatique"", ""ayant_enfants"": ""Oui"", ""frequence_deplacement"": ""Rarement"", ""annees_depuis_la_derniere_promotion"": 2, ""annes_sous_responsable_actuel"": 2, ""satisfaction_employee_environnement"": 3, ""note_evaluation_precedente"": 3, ""niveau_hierarchique_poste"": 2, ""satisfaction_employee_nature_travail"": 4, ""satisfaction_employee_equipe"": 3, ""satisfaction_employee_equilibre_pro_perso"": 3, ""eval_number"": ""E_99001"", ""note_evaluation_actuelle"": 4, ""heure_supplementaires"": ""Non"", ""augementation_salaire_precedente"": ""7 %""}"
