shap_id,trace_id,shap_values,base_value,feature_names,created_at
176,17975,"[-0.44576084915442454, -0.10371139177328444, 0.030188487172967134, -0.0645049147906438, -0.08313356667656446, -0.019036080566459973, 0.034853791033081394, 1.0601648358647122, 0.6817696999863478, 0.14456611301950875, -0.11432420049478308, 0.12621049841500306, -0.2531092329279686, 0.22306594353281373, -0.012546872559293305, 0.0, 0.27769647389174396, -0.009147847749797194, 0.0, -0.14636807075206001, 0.0, 0.12186393821810786, 0.34663878107860374, -0.016151157079632463, -0.029378498047569944, -0.24346921509629996, -0.00686203179120519, -0.0, -0.0, 0.023954424573350914, -0.0, -0.0, -0.0, -0.0, 0.004853875970295928, 0.002946598898926316, -0.0, -0.00017803260482038435, 0.0, 0.0, -0.0, -0.10743518189069683, 0.017179526218022052, -0.008281598097105963, -0.06258185761554942, -0.08268524921513001, -0.0, -0.254045329739609, -0.0, -0.08902040178278302, 0.0015197767288302603, 0.011817125862619706, -0.008106719730306845, -0.0, -0.0, -0.0, 0.0018875036456319117, -0.002936690411928771, -0.005371194389195322, -0.011406420463949761, -0.0, -0.0, -0.0, 0.035596535260333184, -0.11351152551480784, -0.0]",-1.0379683952352932,"['num__satisfaction_employee_environnement', 'num__note_evaluation_precedente', 'num__niveau_hierarchique_poste', 'num__satisfaction_employee_nature_travail', 'num__satisfaction_employee_equipe', 'num__satisfaction_employee_equilibre_pro_perso', 'num__note_evaluation_actuelle', 'num__heures_supplementaires', 'num__id_employee', 'num__age', 'num__genre', 'num__revenu_mensuel', 'num__nombre_experiences_precedentes', 'num__annee_experience_totale', 'num__annees_dans_l_entreprise', 'num__annees_dans_le_poste_actuel', 'num__nombre_participation_pee', 'num__nb_formations_suivies', 'num__nombre_employee_sous_responsabilite', 'num__distance_domicile_travail', 'num__niveau_education', 'num__annees_depuis_la_derniere_promotion', 'num__annes_sous_responsable_actuel', 'num__improvement_evaluation', 'num__total_satisfaction', 'num__work_mobility', 'cat__augementation_salaire_precedente_11 %', 'cat__augementation_salaire_precedente_12 %', 'cat__augementation_salaire_precedente_13 %', 'cat__augementation_salaire_precedente_14 %', 'cat__augementation_salaire_precedente_15 %', 'cat__augementation_salaire_precedente_16 %', 'cat__augementation_salaire_precedente_17 %', 'cat__augementation_salaire_precedente_18 %', 'cat__augementation_salaire_precedente_19 %', 'cat__augementation_salaire_precedente_20 %', 'cat__augementation_salaire_precedente_21 %', 'cat__augementation_salaire_precedente_22 %', 'cat__augementation_salaire_precedente_23 %', 'cat__augementation_salaire_precedente_24 %', 'cat__augementation_salaire_precedente_25 %', 'cat__statut_marital_Célibataire', 'cat__statut_marital_Divorcé(e)', 'cat__statut_marital_Marié(e)', 'cat__departement_Commercial', 'cat__departement_Consulting', 'cat__departement_Ressources Humaines', 'cat__poste_Assistant de Direction', 'cat__poste_Cadre Commercial', 'cat__poste_Consultant', 'cat__poste_Directeur Technique', 'cat__poste_Manager', 'cat__poste_Représentant Commercial', 'cat__poste_Ressources Humaines', 'cat__poste_Senior Manager', 'cat__poste_Tech Lead', 'cat__domaine_etude_Autre', 'cat__domaine_etude_Entrepreunariat', 'cat__domaine_etude_Infra & Cloud', 'cat__domaine_etude_Marketing', 'cat__domaine_etude_Ressources Humaines', 'cat__domaine_etude_Transformation Digitale', 'cat__ayant_enfants_Y', 'cat__frequence_deplacement_Aucun', 'cat__frequence_deplacement_Frequent', 'cat__frequence_deplacement_Occasionnel']",2025-12-10 20:24:06.173511+00:00
175,17974,"[-0.44576084915442454, 0.2804048740536949, 0.030188487172967134, -0.0645049147906438, 0.11480349683906524, -0.019036080566459973, 0.034853791033081394, 1.0601648358647122, 0.6817361944968654, 0.015489226394947365, 0.10138183817461895, 0.15534880609656707, 0.5378571199719331, 0.27330602090506906, 0.15200227575930736, -0.0, 0.27769647389174396, -0.009147847749797194, 0.0, -0.17288402559844768, -0.0, -0.26706352418010876, 0.34663878107860374, 0.02140967333811745, 0.020793510003308518, 0.49038009653752795, -0.00686203179120519, -0.0, -0.0, 0.023954424573350914, -0.0, -0.0, -0.0, -0.0, 0.004853875970295928, 0.002946598898926316, -0.0, -0.00017803260482038435, 0.0, 0.0, -0.0, 0.27626189629036324, 0.017179526218022052, 0.007344058689886419, -0.06258185761554942, -0.08268524921513001, -0.0, 0.07165381095219742, -0.0, 0.3348862733733266, 0.0015197767288302603, 0.011817125862619706, -0.008106719730306845, -0.0, -0.0, -0.0, -0.06102928454209847, -0.002936690411928771, 0.0037325249145255617, -0.011406420463949761, -0.0, -0.0, -0.0, 0.035596535260333184, -0.11351152551480784, -0.0]",-1.0379683952352932,"['num__satisfaction_employee_environnement', 'num__note_evaluation_precedente', 'num__niveau_hierarchique_poste', 'num__satisfaction_employee_nature_travail', 'num__satisfaction_employee_equipe', 'num__satisfaction_employee_equilibre_pro_perso', 'num__note_evaluation_actuelle', 'num__heures_supplementaires', 'num__id_employee', 'num__age', 'num__genre', 'num__revenu_mensuel', 'num__nombre_experiences_precedentes', 'num__annee_experience_totale', 'num__annees_dans_l_entreprise', 'num__annees_dans_le_poste_actuel', 'num__nombre_participation_pee', 'num__nb_formations_suivies', 'num__nombre_employee_sous_responsabilite', 'num__distance_domicile_travail', 'num__niveau_education', 'num__annees_depuis_la_derniere_promotion', 'num__annes_sous_responsable_actuel', 'num__improvement_evaluation', 'num__total_satisfaction', 'num__work_mobility', 'cat__augementation_salaire_precedente_11 %', 'cat__augementation_salaire_precedente_12 %', 'cat__augementation_salaire_precedente_13 %', 'cat__augementation_salaire_precedente_14 %', 'cat__augementation_salaire_precedente_15 %', 'cat__augementation_salaire_precedente_16 %', 'cat__augementation_salaire_precedente_17 %', 'cat__augementation_salaire_precedente_18 %', 'cat__augementation_salaire_precedente_19 %', 'cat__augementation_salaire_precedente_20 %', 'cat__augementation_salaire_precedente_21 %', 'cat__augementation_salaire_precedente_22 %', 'cat__augementation_salaire_precedente_23 %', 'cat__augementation_salaire_precedente_24 %', 'cat__augementation_salaire_precedente_25 %', 'cat__statut_marital_Célibataire', 'cat__statut_marital_Divorcé(e)', 'cat__statut_marital_Marié(e)', 'cat__departement_Commercial', 'cat__departement_Consulting', 'cat__departement_Ressources Humaines', 'cat__poste_Assistant de Direction', 'cat__poste_Cadre Commercial', 'cat__poste_Consultant', 'cat__poste_Directeur Technique', 'cat__poste_Manager', 'cat__poste_Représentant Commercial', 'cat__poste_Ressources Humaines', 'cat__poste_Senior Manager', 'cat__poste_Tech Lead', 'cat__domaine_etude_Autre', 'cat__domaine_etude_Entrepreunariat', 'cat__domaine_etude_Infra & Cloud', 'cat__domaine_etude_Marketing', 'cat__domaine_etude_Ressources Humaines', 'cat__domaine_etude_Transformation Digitale', 'cat__ayant_enfants_Y', 'cat__frequence_deplacement_Aucun', 'cat__frequence_deplacement_Frequent', 'cat__frequence_deplacement_Occasionnel']",2025-12-10 20:24:06.139101+00:00
174,17973,"[-0.11799551889381826, 0.2804048740536949, 0.0029916518820057563, 0.21595123647302497, -0.2810706301921942, -0.019036080566459973, -0.1829824029236773, -0.4543563582277338, 0.6817026890073832, -0.3717414334787367, 0.10138183817461895, 0.04719196195498631, -0.2531092329279686, 0.12258578878830305, -0.05368415963894347, 0.0, -0.0452064027265629, -0.009147847749797194, 0.0, -0.013788296520121607, -0.0, -0.13742103671403652, -0.17743712983937163, 0.05897050375586737, -0.012654495363943792, -0.09669935276953433, -0.00686203179120519, -0.0, -0.0, 0.023954424573350914, -0.0, -0.0, -0.0, -0.0, 0.004853875970295928, 0.002946598898926316, -0.0, -0.00017803260482038435, 0.0, 0.0, -0.0, -0.10743518189069683, 0.017179526218022052, -0.008281598097105963, -0.06258185761554942, -0.08268524921513001, -0.0, -0.254045329739609, -0.0, -0.08902040178278302, 0.0015197767288302603, 0.011817125862619706, -0.008106719730306845, -0.0, -0.0, -0.0, 0.0018875036456319117, -0.002936690411928771, -0.005371194389195322, -0.011406420463949761, -0.0, -0.0, -0.0, 0.035596535260333184, -0.11351152551480784, -0.0]",-1.0379683952352932,"['num__satisfaction_employee_environnement', 'num__note_evaluation_precedente', 'num__niveau_hierarchique_poste', 'num__satisfaction_employee_nature_travail', 'num__satisfaction_employee_equipe', 'num__satisfaction_employee_equilibre_pro_perso', 'num__note_evaluation_actuelle', 'num__heures_supplementaires', 'num__id_employee', 'num__age', 'num__genre', 'num__revenu_mensuel', 'num__nombre_experiences_precedentes', 'num__annee_experience_totale', 'num__annees_dans_l_entreprise', 'num__annees_dans_le_poste_actuel', 'num__nombre_participation_pee', 'num__nb_formations_suivies', 'num__nombre_employee_sous_responsabilite', 'num__distance_domicile_travail', 'num__niveau_education', 'num__annees_depuis_la_derniere_promotion', 'num__annes_sous_responsable_actuel', 'num__improvement_evaluation', 'num__total_satisfaction', 'num__work_mobility', 'cat__augementation_salaire_precedente_11 %', 'cat__augementation_salaire_precedente_12 %', 'cat__augementation_salaire_precedente_13 %', 'cat__augementation_salaire_precedente_14 %', 'cat__augementation_salaire_precedente_15 %', 'cat__augementation_salaire_precedente_16 %', 'cat__augementation_salaire_precedente_17 %', 'cat__augementation_salaire_precedente_18 %', 'cat__augementation_salaire_precedente_19 %', 'cat__augementation_salaire_precedente_20 %', 'cat__augementation_salaire_precedente_21 %', 'cat__augementation_salaire_precedente_22 %', 'cat__augementation_salaire_precedente_23 %', 'cat__augementation_salaire_precedente_24 %', 'cat__augementation_salaire_precedente_25 %', 'cat__statut_marital_Célibataire', 'cat__statut_marital_Divorcé(e)', 'cat__statut_marital_Marié(e)', 'cat__departement_Commercial', 'cat__departement_Consulting', 'cat__departement_Ressources Humaines', 'cat__poste_Assistant de Direction', 'cat__poste_Cadre Commercial', 'cat__poste_Consultant', 'cat__poste_Directeur Technique', 'cat__poste_Manager', 'cat__poste_Représentant Commercial', 'cat__poste_Ressources Humaines', 'cat__poste_Senior Manager', 'cat__poste_Tech Lead', 'cat__domaine_etude_Autre', 'cat__domaine_etude_Entrepreunariat', 'cat__domaine_etude_Infra & Cloud', 'cat__domaine_etude_Marketing', 'cat__domaine_etude_Ressources Humaines', 'cat__domaine_etude_Transformation Digitale', 'cat__ayant_enfants_Y', 'cat__frequence_deplacement_Aucun', 'cat__frequence_deplacement_Frequent', 'cat__frequence_deplacement_Occasionnel']",2025-12-10 20:24:06.105870+00:00
173,17972,"[0.20976981136678796, -0.10371139177328444, 0.0029916518820057563, -0.3449610660543126, 0.31274056035469494, 0.3270744751873578, 0.034853791033081394, 1.0601648358647122, 0.6816691835179007, -0.113587660229614, -0.11432420049478308, 0.016488226266109934, 0.854243661131894, 0.22306594353281373, 0.028590414520356867, -0.0, 0.27769647389174396, 0.3829027700986546, 0.0, -0.19939998044483537, -0.0, -0.26706352418010876, -0.027701155291378683, -0.016151157079632463, 0.09883885586023057, -0.06874318851681709, -0.00686203179120519, -0.0, -0.0, 0.023954424573350914, -0.0, -0.0, -0.0, -0.0, 0.004853875970295928, 0.002946598898926316, -0.0, -0.00017803260482038435, 0.0, 0.0, -0.0, 0.27626189629036324, 0.017179526218022052, 0.007344058689886419, 0.19817588244923984, 0.24805574764539004, -0.0, 0.07165381095219742, 0.0, -0.08902040178278302, 0.0015197767288302603, 0.011817125862619706, -0.008106719730306845, -0.0, -0.0, -0.0, 0.0018875036456319117, -0.002936690411928771, -0.005371194389195322, -0.011406420463949761, -0.0, -0.0, -0.0, 0.035596535260333184, -0.11351152551480784, -0.0]",-1.0379683952352932,"['num__satisfaction_employee_environnement', 'num__note_evaluation_precedente', 'num__niveau_hierarchique_poste', 'num__satisfaction_employee_nature_travail', 'num__satisfaction_employee_equipe', 'num__satisfaction_employee_equilibre_pro_perso', 'num__note_evaluation_actuelle', 'num__heures_supplementaires', 'num__id_employee', 'num__age', 'num__genre', 'num__revenu_mensuel', 'num__nombre_experiences_precedentes', 'num__annee_experience_totale', 'num__annees_dans_l_entreprise', 'num__annees_dans_le_poste_actuel', 'num__nombre_participation_pee', 'num__nb_formations_suivies', 'num__nombre_employee_sous_responsabilite', 'num__distance_domicile_travail', 'num__niveau_education', 'num__annees_depuis_la_derniere_promotion', 'num__annes_sous_responsable_actuel', 'num__improvement_evaluation', 'num__total_satisfaction', 'num__work_mobility', 'cat__augementation_salaire_precedente_11 %', 'cat__augementation_salaire_precedente_12 %', 'cat__augementation_salaire_precedente_13 %', 'cat__augementation_salaire_precedente_14 %', 'cat__augementation_salaire_precedente_15 %', 'cat__augementation_salaire_precedente_16 %', 'cat__augementation_salaire_precedente_17 %', 'cat__augementation_salaire_precedente_18 %', 'cat__augementation_salaire_precedente_19 %', 'cat__augementation_salaire_precedente_20 %', 'cat__augementation_salaire_precedente_21 %', 'cat__augementation_salaire_precedente_22 %', 'cat__augementation_salaire_precedente_23 %', 'cat__augementation_salaire_precedente_24 %', 'cat__augementation_salaire_precedente_25 %', 'cat__statut_marital_Célibataire', 'cat__statut_marital_Divorcé(e)', 'cat__statut_marital_Marié(e)', 'cat__departement_Commercial', 'cat__departement_Consulting', 'cat__departement_Ressources Humaines', 'cat__poste_Assistant de Direction', 'cat__poste_Cadre Commercial', 'cat__poste_Consultant', 'cat__poste_Directeur Technique', 'cat__poste_Manager', 'cat__poste_Représentant Commercial', 'cat__poste_Ressources Humaines', 'cat__poste_Senior Manager', 'cat__poste_Tech Lead', 'cat__domaine_etude_Autre', 'cat__domaine_etude_Entrepreunariat', 'cat__domaine_etude_Infra & Cloud', 'cat__domaine_etude_Marketing', 'cat__domaine_etude_Ressources Humaines', 'cat__domaine_etude_Transformation Digitale', 'cat__ayant_enfants_Y', 'cat__frequence_deplacement_Aucun', 'cat__frequence_deplacement_Frequent', 'cat__frequence_deplacement_Occasionnel']",2025-12-10 20:24:06.056459+00:00
172,17971,"[-0.44576084915442454, -0.10371139177328444, 0.030188487172967134, -0.0645049147906438, -0.08313356667656446, -0.019036080566459973, 0.034853791033081394, 1.0601648358647122, 0.6817696999863478, 0.14456611301950875, -0.11432420049478308, 0.12621049841500306, -0.2531092329279686, 0.22306594353281373, -0.012546872559293305, 0.0, 0.27769647389174396, -0.009147847749797194, 0.0, -0.14636807075206001, 0.0, 0.12186393821810786, 0.34663878107860374, -0.016151157079632463, -0.029378498047569944, -0.24346921509629996, -0.00686203179120519, -0.0, -0.0, 0.023954424573350914, -0.0, -0.0, -0.0, -0.0, 0.004853875970295928, 0.002946598898926316, -0.0, -0.00017803260482038435, 0.0, 0.0, -0.0, -0.10743518189069683, 0.017179526218022052, -0.008281598097105963, -0.06258185761554942, -0.08268524921513001, -0.0, -0.254045329739609, -0.0, -0.08902040178278302, 0.0015197767288302603, 0.011817125862619706, -0.008106719730306845, -0.0, -0.0, -0.0, 0.0018875036456319117, -0.002936690411928771, -0.005371194389195322, -0.011406420463949761, -0.0, -0.0, -0.0, 0.035596535260333184, -0.11351152551480784, -0.0]",-1.0379683952352932,"['num__satisfaction_employee_environnement', 'num__note_evaluation_precedente', 'num__niveau_hierarchique_poste', 'num__satisfaction_employee_nature_travail', 'num__satisfaction_employee_equipe', 'num__satisfaction_employee_equilibre_pro_perso', 'num__note_evaluation_actuelle', 'num__heures_supplementaires', 'num__id_employee', 'num__age', 'num__genre', 'num__revenu_mensuel', 'num__nombre_experiences_precedentes', 'num__annee_experience_totale', 'num__annees_dans_l_entreprise', 'num__annees_dans_le_poste_actuel', 'num__nombre_participation_pee', 'num__nb_formations_suivies', 'num__nombre_employee_sous_responsabilite', 'num__distance_domicile_travail', 'num__niveau_education', 'num__annees_depuis_la_derniere_promotion', 'num__annes_sous_responsable_actuel', 'num__improvement_evaluation', 'num__total_satisfaction', 'num__work_mobility', 'cat__augementation_salaire_precedente_11 %', 'cat__augementation_salaire_precedente_12 %', 'cat__augementation_salaire_precedente_13 %', 'cat__augementation_salaire_precedente_14 %', 'cat__augementation_salaire_precedente_15 %', 'cat__augementation_salaire_precedente_16 %', 'cat__augementation_salaire_precedente_17 %', 'cat__augementation_salaire_precedente_18 %', 'cat__augementation_salaire_precedente_19 %', 'cat__augementation_salaire_precedente_20 %', 'cat__augementation_salaire_precedente_21 %', 'cat__augementation_salaire_precedente_22 %', 'cat__augementation_salaire_precedente_23 %', 'cat__augementation_salaire_precedente_24 %', 'cat__augementation_salaire_precedente_25 %', 'cat__statut_marital_Célibataire', 'cat__statut_marital_Divorcé(e)', 'cat__statut_marital_Marié(e)', 'cat__departement_Commercial', 'cat__departement_Consulting', 'cat__departement_Ressources Humaines', 'cat__poste_Assistant de Direction', 'cat__poste_Cadre Commercial', 'cat__poste_Consultant', 'cat__poste_Directeur Technique', 'cat__poste_Manager', 'cat__poste_Représentant Commercial', 'cat__poste_Ressources Humaines', 'cat__poste_Senior Manager', 'cat__poste_Tech Lead', 'cat__domaine_etude_Autre', 'cat__domaine_etude_Entrepreunariat', 'cat__domaine_etude_Infra & Cloud', 'cat__domaine_etude_Marketing', 'cat__domaine_etude_Ressources Humaines', 'cat__domaine_etude_Transformation Digitale', 'cat__ayant_enfants_Y', 'cat__frequence_deplacement_Aucun', 'cat__frequence_deplacement_Frequent', 'cat__frequence_deplacement_Occasionnel']",2025-12-10 20:24:05.114531+00:00
171,17970,"[-0.44576084915442454, 0.2804048740536949, 0.030188487172967134, -0.0645049147906438, 0.11480349683906524, -0.019036080566459973, 0.034853791033081394, 1.0601648358647122, 0.6817361944968654, 0.015489226394947365, 0.10138183817461895, 0.15534880609656707, 0.5378571199719331, 0.27330602090506906, 0.15200227575930736, -0.0, 0.27769647389174396, -0.009147847749797194, 0.0, -0.17288402559844768, -0.0, -0.26706352418010876, 0.34663878107860374, 0.02140967333811745, 0.020793510003308518, 0.49038009653752795, -0.00686203179120519, -0.0, -0.0, 0.023954424573350914, -0.0, -0.0, -0.0, -0.0, 0.004853875970295928, 0.002946598898926316, -0.0, -0.00017803260482038435, 0.0, 0.0, -0.0, 0.27626189629036324, 0.017179526218022052, 0.007344058689886419, -0.06258185761554942, -0.08268524921513001, -0.0, 0.07165381095219742, -0.0, 0.3348862733733266, 0.0015197767288302603, 0.011817125862619706, -0.008106719730306845, -0.0, -0.0, -0.0, -0.06102928454209847, -0.002936690411928771, 0.0037325249145255617, -0.011406420463949761, -0.0, -0.0, -0.0, 0.035596535260333184, -0.11351152551480784, -0.0]",-1.0379683952352932,"['num__satisfaction_employee_environnement', 'num__note_evaluation_precedente', 'num__niveau_hierarchique_poste', 'num__satisfaction_employee_nature_travail', 'num__satisfaction_employee_equipe', 'num__satisfaction_employee_equilibre_pro_perso', 'num__note_evaluation_actuelle', 'num__heures_supplementaires', 'num__id_employee', 'num__age', 'num__genre', 'num__revenu_mensuel', 'num__nombre_experiences_precedentes', 'num__annee_experience_totale', 'num__annees_dans_l_entreprise', 'num__annees_dans_le_poste_actuel', 'num__nombre_participation_pee', 'num__nb_formations_suivies', 'num__nombre_employee_sous_responsabilite', 'num__distance_domicile_travail', 'num__niveau_education', 'num__annees_depuis_la_derniere_promotion', 'num__annes_sous_responsable_actuel', 'num__improvement_evaluation', 'num__total_satisfaction', 'num__work_mobility', 'cat__augementation_salaire_precedente_11 %', 'cat__augementation_salaire_precedente_12 %', 'cat__augementation_salaire_precedente_13 %', 'cat__augementation_salaire_precedente_14 %', 'cat__augementation_salaire_precedente_15 %', 'cat__augementation_salaire_precedente_16 %', 'cat__augementation_salaire_precedente_17 %', 'cat__augementation_salaire_precedente_18 %', 'cat__augementation_salaire_precedente_19 %', 'cat__augementation_salaire_precedente_20 %', 'cat__augementation_salaire_precedente_21 %', 'cat__augementation_salaire_precedente_22 %', 'cat__augementation_salaire_precedente_23 %', 'cat__augementation_salaire_precedente_24 %', 'cat__augementation_salaire_precedente_25 %', 'cat__statut_marital_Célibataire', 'cat__statut_marital_Divorcé(e)', 'cat__statut_marital_Marié(e)', 'cat__departement_Commercial', 'cat__departement_Consulting', 'cat__departement_Ressources Humaines', 'cat__poste_Assistant de Direction', 'cat__poste_Cadre Commercial', 'cat__poste_Consultant', 'cat__poste_Directeur Technique', 'cat__poste_Manager', 'cat__poste_Représentant Commercial', 'cat__poste_Ressources Humaines', 'cat__poste_Senior Manager', 'cat__poste_Tech Lead', 'cat__domaine_etude_Autre', 'cat__domaine_etude_Entrepreunariat', 'cat__domaine_etude_Infra & Cloud', 'cat__domaine_etude_Marketing', 'cat__domaine_etude_Ressources Humaines', 'cat__domaine_etude_Transformation Digitale', 'cat__ayant_enfants_Y', 'cat__frequence_deplacement_Aucun', 'cat__frequence_deplacement_Frequent', 'cat__frequence_deplacement_Occasionnel']",2025-12-10 20:24:05.088679+00:00
170,17969,"[-0.11799551889381826, 0.2804048740536949, 0.0029916518820057563, 0.21595123647302497, -0.2810706301921942, -0.019036080566459973, -0.1829824029236773, -0.4543563582277338, 0.6817026890073832, -0.3717414334787367, 0.10138183817461895, 0.04719196195498631, -0.2531092329279686, 0.12258578878830305, -0.05368415963894347, 0.0, -0.0452064027265629, -0.009147847749797194, 0.0, -0.013788296520121607, -0.0, -0.13742103671403652, -0.17743712983937163, 0.05897050375586737, -0.012654495363943792, -0.09669935276953433, -0.00686203179120519, -0.0, -0.0, 0.023954424573350914, -0.0, -0.0, -0.0, -0.0, 0.004853875970295928, 0.002946598898926316, -0.0, -0.00017803260482038435, 0.0, 0.0, -0.0, -0.10743518189069683, 0.017179526218022052, -0.008281598097105963, -0.06258185761554942, -0.08268524921513001, -0.0, -0.254045329739609, -0.0, -0.08902040178278302, 0.0015197767288302603, 0.011817125862619706, -0.008106719730306845, -0.0, -0.0, -0.0, 0.0018875036456319117, -0.002936690411928771, -0.005371194389195322, -0.011406420463949761, -0.0, -0.0, -0.0, 0.035596535260333184, -0.11351152551480784, -0.0]",-1.0379683952352932,"['num__satisfaction_employee_environnement', 'num__note_evaluation_precedente', 'num__niveau_hierarchique_poste', 'num__satisfaction_employee_nature_travail', 'num__satisfaction_employee_equipe', 'num__satisfaction_employee_equilibre_pro_perso', 'num__note_evaluation_actuelle', 'num__heures_supplementaires', 'num__id_employee', 'num__age', 'num__genre', 'num__revenu_mensuel', 'num__nombre_experiences_precedentes', 'num__annee_experience_totale', 'num__annees_dans_l_entreprise', 'num__annees_dans_le_poste_actuel', 'num__nombre_participation_pee', 'num__nb_formations_suivies', 'num__nombre_employee_sous_responsabilite', 'num__distance_domicile_travail', 'num__niveau_education', 'num__annees_depuis_la_derniere_promotion', 'num__annes_sous_responsable_actuel', 'num__improvement_evaluation', 'num__total_satisfaction', 'num__work_mobility', 'cat__augementation_salaire_precedente_11 %', 'cat__augementation_salaire_precedente_12 %', 'cat__augementation_salaire_precedente_13 %', 'cat__augementation_salaire_precedente_14 %', 'cat__augementation_salaire_precedente_15 %', 'cat__augementation_salaire_precedente_16 %', 'cat__augementation_salaire_precedente_17 %', 'cat__augementation_salaire_precedente_18 %', 'cat__augementation_salaire_precedente_19 %', 'cat__augementation_salaire_precedente_20 %', 'cat__augementation_salaire_precedente_21 %', 'cat__augementation_salaire_precedente_22 %', 'cat__augementation_salaire_precedente_23 %', 'cat__augementation_salaire_precedente_24 %', 'cat__augementation_salaire_precedente_25 %', 'cat__statut_marital_Célibataire', 'cat__statut_marital_Divorcé(e)', 'cat__statut_marital_Marié(e)', 'cat__departement_Commercial', 'cat__departement_Consulting', 'cat__departement_Ressources Humaines', 'cat__poste_Assistant de Direction', 'cat__poste_Cadre Commercial', 'cat__poste_Consultant', 'cat__poste_Directeur Technique', 'cat__poste_Manager', 'cat__poste_Représentant Commercial', 'cat__poste_Ressources Humaines', 'cat__poste_Senior Manager', 'cat__poste_Tech Lead', 'cat__domaine_etude_Autre', 'cat__domaine_etude_Entrepreunariat', 'cat__domaine_etude_Infra & Cloud', 'cat__domaine_etude_Marketing', 'cat__domaine_etude_Ressources Humaines', 'cat__domaine_etude_Transformation Digitale', 'cat__ayant_enfants_Y', 'cat__frequence_deplacement_Aucun', 'cat__frequence_deplacement_Frequent', 'cat__frequence_deplacement_Occasionnel']",2025-12-10 20:24:05.056860+00:00
169,17968,"[0.20976981136678796, -0.10371139177328444, 0.0029916518820057563, -0.3449610660543126, 0.31274056035469494, 0.3270744751873578, 0.034853791033081394, 1.0601648358647122, 0.6816691835179007, -0.113587660229614, -0.11432420049478308, 0.016488226266109934, 0.854243661131894, 0.22306594353281373, 0.028590414520356867, -0.0, 0.27769647389174396, 0.3829027700986546, 0.0, -0.19939998044483537, -0.0, -0.26706352418010876, -0.027701155291378683, -0.016151157079632463, 0.09883885586023057, -0.06874318851681709, -0.00686203179120519, -0.0, -0.0, 0.023954424573350914, -0.0, -0.0, -0.0, -0.0, 0.004853875970295928, 0.002946598898926316, -0.0, -0.00017803260482038435, 0.0, 0.0, -0.0, 0.27626189629036324, 0.017179526218022052, 0.007344058689886419, 0.19817588244923984, 0.24805574764539004, -0.0, 0.07165381095219742, 0.0, -0.08902040178278302, 0.0015197767288302603, 0.011817125862619706, -0.008106719730306845, -0.0, -0.0, -0.0, 0.0018875036456319117, -0.002936690411928771, -0.005371194389195322, -0.011406420463949761, -0.0, -0.0, -0.0, 0.035596535260333184, -0.11351152551480784, -0.0]",-1.0379683952352932,"['num__satisfaction_employee_environnement', 'num__note_evaluation_precedente', 'num__niveau_hierarchique_poste', 'num__satisfaction_employee_nature_travail', 'num__satisfaction_employee_equipe', 'num__satisfaction_employee_equilibre_pro_perso', 'num__note_evaluation_actuelle', 'num__heures_supplementaires', 'num__id_employee', 'num__age', 'num__genre', 'num__revenu_mensuel', 'num__nombre_experiences_precedentes', 'num__annee_experience_totale', 'num__annees_dans_l_entreprise', 'num__annees_dans_le_poste_actuel', 'num__nombre_participation_pee', 'num__nb_formations_suivies', 'num__nombre_employee_sous_responsabilite', 'num__distance_domicile_travail', 'num__niveau_education', 'num__annees_depuis_la_derniere_promotion', 'num__annes_sous_responsable_actuel', 'num__improvement_evaluation', 'num__total_satisfaction', 'num__work_mobility', 'cat__augementation_salaire_precedente_11 %', 'cat__augementation_salaire_precedente_12 %', 'cat__augementation_salaire_precedente_13 %', 'cat__augementation_salaire_precedente_14 %', 'cat__augementation_salaire_precedente_15 %', 'cat__augementation_salaire_precedente_16 %', 'cat__augementation_salaire_precedente_17 %', 'cat__augementation_salaire_precedente_18 %', 'cat__augementation_salaire_precedente_19 %', 'cat__augementation_salaire_precedente_20 %', 'cat__augementation_salaire_precedente_21 %', 'cat__augementation_salaire_precedente_22 %', 'cat__augementation_salaire_precedente_23 %', 'cat__augementation_salaire_precedente_24 %', 'cat__augementation_salaire_precedente_25 %', 'cat__statut_marital_Célibataire', 'cat__statut_marital_Divorcé(e)', 'cat__statut_marital_Marié(e)', 'cat__departement_Commercial', 'cat__departement_Consulting', 'cat__departement_Ressources Humaines', 'cat__poste_Assistant de Direction', 'cat__poste_Cadre Commercial', 'cat__poste_Consultant', 'cat__poste_Directeur Technique', 'cat__poste_Manager', 'cat__poste_Représentant Commercial', 'cat__poste_Ressources Humaines', 'cat__poste_Senior Manager', 'cat__poste_Tech Lead', 'cat__domaine_etude_Autre', 'cat__domaine_etude_Entrepreunariat', 'cat__domaine_etude_Infra & Cloud', 'cat__domaine_etude_Marketing', 'cat__domaine_etude_Ressources Humaines', 'cat__domaine_etude_Transformation Digitale', 'cat__ayant_enfants_Y', 'cat__frequence_deplacement_Aucun', 'cat__frequence_deplacement_Frequent', 'cat__frequence_deplacement_Occasionnel']",2025-12-10 20:24:05.017083+00:00
168,17963,"[-0.44576084915442454, -0.10371139177328444, 0.030188487172967134, -0.0645049147906438, -0.08313356667656446, -0.019036080566459973, 0.034853791033081394, 1.0601648358647122, 0.6817696999863478, 0.14456611301950875, -0.11432420049478308, 0.12621049841500306, -0.2531092329279686, 0.22306594353281373, -0.012546872559293305, 0.0, 0.27769647389174396, -0.009147847749797194, 0.0, -0.14636807075206001, 0.0, 0.12186393821810786, 0.34663878107860374, -0.016151157079632463, -0.029378498047569944, -0.24346921509629996, -0.00686203179120519, -0.0, -0.0, 0.023954424573350914, -0.0, -0.0, -0.0, -0.0, 0.004853875970295928, 0.002946598898926316, -0.0, -0.00017803260482038435, 0.0, 0.0, -0.0, -0.10743518189069683, 0.017179526218022052, -0.008281598097105963, -0.06258185761554942, -0.08268524921513001, -0.0, -0.254045329739609, -0.0, -0.08902040178278302, 0.0015197767288302603, 0.011817125862619706, -0.008106719730306845, -0.0, -0.0, -0.0, 0.0018875036456319117, -0.002936690411928771, -0.005371194389195322, -0.011406420463949761, -0.0, -0.0, -0.0, 0.035596535260333184, -0.11351152551480784, -0.0]",-1.0379683952352932,"['num__satisfaction_employee_environnement', 'num__note_evaluation_precedente', 'num__niveau_hierarchique_poste', 'num__satisfaction_employee_nature_travail', 'num__satisfaction_employee_equipe', 'num__satisfaction_employee_equilibre_pro_perso', 'num__note_evaluation_actuelle', 'num__heures_supplementaires', 'num__id_employee', 'num__age', 'num__genre', 'num__revenu_mensuel', 'num__nombre_experiences_precedentes', 'num__annee_experience_totale', 'num__annees_dans_l_entreprise', 'num__annees_dans_le_poste_actuel', 'num__nombre_participation_pee', 'num__nb_formations_suivies', 'num__nombre_employee_sous_responsabilite', 'num__distance_domicile_travail', 'num__niveau_education', 'num__annees_depuis_la_derniere_promotion', 'num__annes_sous_responsable_actuel', 'num__improvement_evaluation', 'num__total_satisfaction', 'num__work_mobility', 'cat__augementation_salaire_precedente_11 %', 'cat__augementation_salaire_precedente_12 %', 'cat__augementation_salaire_precedente_13 %', 'cat__augementation_salaire_precedente_14 %', 'cat__augementation_salaire_precedente_15 %', 'cat__augementation_salaire_precedente_16 %', 'cat__augementation_salaire_precedente_17 %', 'cat__augementation_salaire_precedente_18 %', 'cat__augementation_salaire_precedente_19 %', 'cat__augementation_salaire_precedente_20 %', 'cat__augementation_salaire_precedente_21 %', 'cat__augementation_salaire_precedente_22 %', 'cat__augementation_salaire_precedente_23 %', 'cat__augementation_salaire_precedente_24 %', 'cat__augementation_salaire_precedente_25 %', 'cat__statut_marital_Célibataire', 'cat__statut_marital_Divorcé(e)', 'cat__statut_marital_Marié(e)', 'cat__departement_Commercial', 'cat__departement_Consulting', 'cat__departement_Ressources Humaines', 'cat__poste_Assistant de Direction', 'cat__poste_Cadre Commercial', 'cat__poste_Consultant', 'cat__poste_Directeur Technique', 'cat__poste_Manager', 'cat__poste_Représentant Commercial', 'cat__poste_Ressources Humaines', 'cat__poste_Senior Manager', 'cat__poste_Tech Lead', 'cat__domaine_etude_Autre', 'cat__domaine_etude_Entrepreunariat', 'cat__domaine_etude_Infra & Cloud', 'cat__domaine_etude_Marketing', 'cat__domaine_etude_Ressources Humaines', 'cat__domaine_etude_Transformation Digitale', 'cat__ayant_enfants_Y', 'cat__frequence_deplacement_Aucun', 'cat__frequence_deplacement_Frequent', 'cat__frequence_deplacement_Occasionnel']",2025-12-10 17:52:23.992764+00:00
167,17962,"[-0.44576084915442454, 0.2804048740536949, 0.030188487172967134, -0.0645049147906438, 0.11480349683906524, -0.019036080566459973, 0.034853791033081394, 1.0601648358647122, 0.6817361944968654, 0.015489226394947365, 0.10138183817461895, 0.15534880609656707, 0.5378571199719331, 0.27330602090506906, 0.15200227575930736, -0.0, 0.27769647389174396, -0.009147847749797194, 0.0, -0.17288402559844768, -0.0, -0.26706352418010876, 0.34663878107860374, 0.02140967333811745, 0.020793510003308518, 0.49038009653752795, -0.00686203179120519, -0.0, -0.0, 0.023954424573350914, -0.0, -0.0, -0.0, -0.0, 0.004853875970295928, 0.002946598898926316, -0.0, -0.00017803260482038435, 0.0, 0.0, -0.0, 0.27626189629036324, 0.017179526218022052, 0.007344058689886419, -0.06258185761554942, -0.08268524921513001, -0.0, 0.07165381095219742, -0.0, 0.3348862733733266, 0.0015197767288302603, 0.011817125862619706, -0.008106719730306845, -0.0, -0.0, -0.0, -0.06102928454209847, -0.002936690411928771, 0.0037325249145255617, -0.011406420463949761, -0.0, -0.0, -0.0, 0.035596535260333184, -0.11351152551480784, -0.0]",-1.0379683952352932,"['num__satisfaction_employee_environnement', 'num__note_evaluation_precedente', 'num__niveau_hierarchique_poste', 'num__satisfaction_employee_nature_travail', 'num__satisfaction_employee_equipe', 'num__satisfaction_employee_equilibre_pro_perso', 'num__note_evaluation_actuelle', 'num__heures_supplementaires', 'num__id_employee', 'num__age', 'num__genre', 'num__revenu_mensuel', 'num__nombre_experiences_precedentes', 'num__annee_experience_totale', 'num__annees_dans_l_entreprise', 'num__annees_dans_le_poste_actuel', 'num__nombre_participation_pee', 'num__nb_formations_suivies', 'num__nombre_employee_sous_responsabilite', 'num__distance_domicile_travail', 'num__niveau_education', 'num__annees_depuis_la_derniere_promotion', 'num__annes_sous_responsable_actuel', 'num__improvement_evaluation', 'num__total_satisfaction', 'num__work_mobility', 'cat__augementation_salaire_precedente_11 %', 'cat__augementation_salaire_precedente_12 %', 'cat__augementation_salaire_precedente_13 %', 'cat__augementation_salaire_precedente_14 %', 'cat__augementation_salaire_precedente_15 %', 'cat__augementation_salaire_precedente_16 %', 'cat__augementation_salaire_precedente_17 %', 'cat__augementation_salaire_precedente_18 %', 'cat__augementation_salaire_precedente_19 %', 'cat__augementation_salaire_precedente_20 %', 'cat__augementation_salaire_precedente_21 %', 'cat__augementation_salaire_precedente_22 %', 'cat__augementation_salaire_precedente_23 %', 'cat__augementation_salaire_precedente_24 %', 'cat__augementation_salaire_precedente_25 %', 'cat__statut_marital_Célibataire', 'cat__statut_marital_Divorcé(e)', 'cat__statut_marital_Marié(e)', 'cat__departement_Commercial', 'cat__departement_Consulting', 'cat__departement_Ressources Humaines', 'cat__poste_Assistant de Direction', 'cat__poste_Cadre Commercial', 'cat__poste_Consultant', 'cat__poste_Directeur Technique', 'cat__poste_Manager', 'cat__poste_Représentant Commercial', 'cat__poste_Ressources Humaines', 'cat__poste_Senior Manager', 'cat__poste_Tech Lead', 'cat__domaine_etude_Autre', 'cat__domaine_etude_Entrepreunariat', 'cat__domaine_etude_Infra & Cloud', 'cat__domaine_etude_Marketing', 'cat__domaine_etude_Ressources Humaines', 'cat__domaine_etude_Transformation Digitale', 'cat__ayant_enfants_Y', 'cat__frequence_deplacement_Aucun', 'cat__frequence_deplacement_Frequent', 'cat__frequence_deplacement_Occasionnel']",2025-12-10 17:52:23.960712+00:00
166,17961,"[-0.11799551889381826, 0.2804048740536949, 0.0029916518820057563, 0.21595123647302497, -0.2810706301921942, -0.019036080566459973, -0.1829824029236773, -0.4543563582277338, 0.6817026890073832, -0.3717414334787367, 0.10138183817461895, 0.04719196195498631, -0.2531092329279686, 0.12258578878830305, -0.05368415963894347, 0.0, -0.0452064027265629, -0.009147847749797194, 0.0, -0.013788296520121607, -0.0, -0.13742103671403652, -0.17743712983937163, 0.05897050375586737, -0.012654495363943792, -0.09669935276953433, -0.00686203179120519, -0.0, -0.0, 0.023954424573350914, -0.0, -0.0, -0.0, -0.0, 0.004853875970295928, 0.002946598898926316, -0.0, -0.00017803260482038435, 0.0, 0.0, -0.0, -0.10743518189069683, 0.017179526218022052, -0.008281598097105963, -0.06258185761554942, -0.08268524921513001, -0.0, -0.254045329739609, -0.0, -0.08902040178278302, 0.0015197767288302603, 0.011817125862619706, -0.008106719730306845, -0.0, -0.0, -0.0, 0.0018875036456319117, -0.002936690411928771, -0.005371194389195322, -0.011406420463949761, -0.0, -0.0, -0.0, 0.035596535260333184, -0.11351152551480784, -0.0]",-1.0379683952352932,"['num__satisfaction_employee_environnement', 'num__note_evaluation_precedente', 'num__niveau_hierarchique_poste', 'num__satisfaction_employee_nature_travail', 'num__satisfaction_employee_equipe', 'num__satisfaction_employee_equilibre_pro_perso', 'num__note_evaluation_actuelle', 'num__heures_supplementaires', 'num__id_employee', 'num__age', 'num__genre', 'num__revenu_mensuel', 'num__nombre_experiences_precedentes', 'num__annee_experience_totale', 'num__annees_dans_l_entreprise', 'num__annees_dans_le_poste_actuel', 'num__nombre_participation_pee', 'num__nb_formations_suivies', 'num__nombre_employee_sous_responsabilite', 'num__distance_domicile_travail', 'num__niveau_education', 'num__annees_depuis_la_derniere_promotion', 'num__annes_sous_responsable_actuel', 'num__improvement_evaluation', 'num__total_satisfaction', 'num__work_mobility', 'cat__augementation_salaire_precedente_11 %', 'cat__augementation_salaire_precedente_12 %', 'cat__augementation_salaire_precedente_13 %', 'cat__augementation_salaire_precedente_14 %', 'cat__augementation_salaire_precedente_15 %', 'cat__augementation_salaire_precedente_16 %', 'cat__augementation_salaire_precedente_17 %', 'cat__augementation_salaire_precedente_18 %', 'cat__augementation_salaire_precedente_19 %', 'cat__augementation_salaire_precedente_20 %', 'cat__augementation_salaire_precedente_21 %', 'cat__augementation_salaire_precedente_22 %', 'cat__augementation_salaire_precedente_23 %', 'cat__augementation_salaire_precedente_24 %', 'cat__augementation_salaire_precedente_25 %', 'cat__statut_marital_Célibataire', 'cat__statut_marital_Divorcé(e)', 'cat__statut_marital_Marié(e)', 'cat__departement_Commercial', 'cat__departement_Consulting', 'cat__departement_Ressources Humaines', 'cat__poste_Assistant de Direction', 'cat__poste_Cadre Commercial', 'cat__poste_Consultant', 'cat__poste_Directeur Technique', 'cat__poste_Manager', 'cat__poste_Représentant Commercial', 'cat__poste_Ressources Humaines', 'cat__poste_Senior Manager', 'cat__poste_Tech Lead', 'cat__domaine_etude_Autre', 'cat__domaine_etude_Entrepreunariat', 'cat__domaine_etude_Infra & Cloud', 'cat__domaine_etude_Marketing', 'cat__domaine_etude_Ressources Humaines', 'cat__domaine_etude_Transformation Digitale', 'cat__ayant_enfants_Y', 'cat__frequence_deplacement_Aucun', 'cat__frequence_deplacement_Frequent', 'cat__frequence_deplacement_Occasionnel']",2025-12-10 17:52:23.919431+00:00
165,17960,"[0.20976981136678796, -0.10371139177328444, 0.0029916518820057563, -0.3449610660543126, 0.31274056035469494, 0.3270744751873578, 0.034853791033081394, 1.0601648358647122, 0.6816691835179007, -0.113587660229614, -0.11432420049478308, 0.016488226266109934, 0.854243661131894, 0.22306594353281373, 0.028590414520356867, -0.0, 0.27769647389174396, 0.3829027700986546, 0.0, -0.19939998044483537, -0.0, -0.26706352418010876, -0.027701155291378683, -0.016151157079632463, 0.09883885586023057, -0.06874318851681709, -0.00686203179120519, -0.0, -0.0, 0.023954424573350914, -0.0, -0.0, -0.0, -0.0, 0.004853875970295928, 0.002946598898926316, -0.0, -0.00017803260482038435, 0.0, 0.0, -0.0, 0.27626189629036324, 0.017179526218022052, 0.007344058689886419, 0.19817588244923984, 0.24805574764539004, -0.0, 0.07165381095219742, 0.0, -0.08902040178278302, 0.0015197767288302603, 0.011817125862619706, -0.008106719730306845, -0.0, -0.0, -0.0, 0.0018875036456319117, -0.002936690411928771, -0.005371194389195322, -0.011406420463949761, -0.0, -0.0, -0.0, 0.035596535260333184, -0.11351152551480784, -0.0]",-1.0379683952352932,"['num__satisfaction_employee_environnement', 'num__note_evaluation_precedente', 'num__niveau_hierarchique_poste', 'num__satisfaction_employee_nature_travail', 'num__satisfaction_employee_equipe', 'num__satisfaction_employee_equilibre_pro_perso', 'num__note_evaluation_actuelle', 'num__heures_supplementaires', 'num__id_employee', 'num__age', 'num__genre', 'num__revenu_mensuel', 'num__nombre_experiences_precedentes', 'num__annee_experience_totale', 'num__annees_dans_l_entreprise', 'num__annees_dans_le_poste_actuel', 'num__nombre_participation_pee', 'num__nb_formations_suivies', 'num__nombre_employee_sous_responsabilite', 'num__distance_domicile_travail', 'num__niveau_education', 'num__annees_depuis_la_derniere_promotion', 'num__annes_sous_responsable_actuel', 'num__improvement_evaluation', 'num__total_satisfaction', 'num__work_mobility', 'cat__augementation_salaire_precedente_11 %', 'cat__augementation_salaire_precedente_12 %', 'cat__augementation_salaire_precedente_13 %', 'cat__augementation_salaire_precedente_14 %', 'cat__augementation_salaire_precedente_15 %', 'cat__augementation_salaire_precedente_16 %', 'cat__augementation_salaire_precedente_17 %', 'cat__augementation_salaire_precedente_18 %', 'cat__augementation_salaire_precedente_19 %', 'cat__augementation_salaire_precedente_20 %', 'cat__augementation_salaire_precedente_21 %', 'cat__augementation_salaire_precedente_22 %', 'cat__augementation_salaire_precedente_23 %', 'cat__augementation_salaire_precedente_24 %', 'cat__augementation_salaire_precedente_25 %', 'cat__statut_marital_Célibataire', 'cat__statut_marital_Divorcé(e)', 'cat__statut_marital_Marié(e)', 'cat__departement_Commercial', 'cat__departement_Consulting', 'cat__departement_Ressources Humaines', 'cat__poste_Assistant de Direction', 'cat__poste_Cadre Commercial', 'cat__poste_Consultant', 'cat__poste_Directeur Technique', 'cat__poste_Manager', 'cat__poste_Représentant Commercial', 'cat__poste_Ressources Humaines', 'cat__poste_Senior Manager', 'cat__poste_Tech Lead', 'cat__domaine_etude_Autre', 'cat__domaine_etude_Entrepreunariat', 'cat__domaine_etude_Infra & Cloud', 'cat__domaine_etude_Marketing', 'cat__domaine_etude_Ressources Humaines', 'cat__domaine_etude_Transformation Digitale', 'cat__ayant_enfants_Y', 'cat__frequence_deplacement_Aucun', 'cat__frequence_deplacement_Frequent', 'cat__frequence_deplacement_Occasionnel']",2025-12-10 17:52:23.878364+00:00
164,17959,"[-0.44576084915442454, -0.10371139177328444, 0.030188487172967134, -0.0645049147906438, -0.08313356667656446, -0.019036080566459973, 0.034853791033081394, 1.0601648358647122, 0.6817696999863478, 0.14456611301950875, -0.11432420049478308, 0.12621049841500306, -0.2531092329279686, 0.22306594353281373, -0.012546872559293305, 0.0, 0.27769647389174396, -0.009147847749797194, 0.0, -0.14636807075206001, 0.0, 0.12186393821810786, 0.34663878107860374, -0.016151157079632463, -0.029378498047569944, -0.24346921509629996, -0.00686203179120519, -0.0, -0.0, 0.023954424573350914, -0.0, -0.0, -0.0, -0.0, 0.004853875970295928, 0.002946598898926316, -0.0, -0.00017803260482038435, 0.0, 0.0, -0.0, -0.10743518189069683, 0.017179526218022052, -0.008281598097105963, -0.06258185761554942, -0.08268524921513001, -0.0, -0.254045329739609, -0.0, -0.08902040178278302, 0.0015197767288302603, 0.011817125862619706, -0.008106719730306845, -0.0, -0.0, -0.0, 0.0018875036456319117, -0.002936690411928771, -0.005371194389195322, -0.011406420463949761, -0.0, -0.0, -0.0, 0.035596535260333184, -0.11351152551480784, -0.0]",-1.0379683952352932,"['num__satisfaction_employee_environnement', 'num__note_evaluation_precedente', 'num__niveau_hierarchique_poste', 'num__satisfaction_employee_nature_travail', 'num__satisfaction_employee_equipe', 'num__satisfaction_employee_equilibre_pro_perso', 'num__note_evaluation_actuelle', 'num__heures_supplementaires', 'num__id_employee', 'num__age', 'num__genre', 'num__revenu_mensuel', 'num__nombre_experiences_precedentes', 'num__annee_experience_totale', 'num__annees_dans_l_entreprise', 'num__annees_dans_le_poste_actuel', 'num__nombre_participation_pee', 'num__nb_formations_suivies', 'num__nombre_employee_sous_responsabilite', 'num__distance_domicile_travail', 'num__niveau_education', 'num__annees_depuis_la_derniere_promotion', 'num__annes_sous_responsable_actuel', 'num__improvement_evaluation', 'num__total_satisfaction', 'num__work_mobility', 'cat__augementation_salaire_precedente_11 %', 'cat__augementation_salaire_precedente_12 %', 'cat__augementation_salaire_precedente_13 %', 'cat__augementation_salaire_precedente_14 %', 'cat__augementation_salaire_precedente_15 %', 'cat__augementation_salaire_precedente_16 %', 'cat__augementation_salaire_precedente_17 %', 'cat__augementation_salaire_precedente_18 %', 'cat__augementation_salaire_precedente_19 %', 'cat__augementation_salaire_precedente_20 %', 'cat__augementation_salaire_precedente_21 %', 'cat__augementation_salaire_precedente_22 %', 'cat__augementation_salaire_precedente_23 %', 'cat__augementation_salaire_precedente_24 %', 'cat__augementation_salaire_precedente_25 %', 'cat__statut_marital_Célibataire', 'cat__statut_marital_Divorcé(e)', 'cat__statut_marital_Marié(e)', 'cat__departement_Commercial', 'cat__departement_Consulting', 'cat__departement_Ressources Humaines', 'cat__poste_Assistant de Direction', 'cat__poste_Cadre Commercial', 'cat__poste_Consultant', 'cat__poste_Directeur Technique', 'cat__poste_Manager', 'cat__poste_Représentant Commercial', 'cat__poste_Ressources Humaines', 'cat__poste_Senior Manager', 'cat__poste_Tech Lead', 'cat__domaine_etude_Autre', 'cat__domaine_etude_Entrepreunariat', 'cat__domaine_etude_Infra & Cloud', 'cat__domaine_etude_Marketing', 'cat__domaine_etude_Ressources Humaines', 'cat__domaine_etude_Transformation Digitale', 'cat__ayant_enfants_Y', 'cat__frequence_deplacement_Aucun', 'cat__frequence_deplacement_Frequent', 'cat__frequence_deplacement_Occasionnel']",2025-12-10 17:52:23.006866+00:00
163,17958,"[-0.44576084915442454, 0.2804048740536949, 0.030188487172967134, -0.0645049147906438, 0.11480349683906524, -0.019036080566459973, 0.034853791033081394, 1.0601648358647122, 0.6817361944968654, 0.015489226394947365, 0.10138183817461895, 0.15534880609656707, 0.5378571199719331, 0.27330602090506906, 0.15200227575930736, -0.0, 0.27769647389174396, -0.009147847749797194, 0.0, -0.17288402559844768, -0.0, -0.26706352418010876, 0.34663878107860374, 0.02140967333811745, 0.020793510003308518, 0.49038009653752795, -0.00686203179120519, -0.0, -0.0, 0.023954424573350914, -0.0, -0.0, -0.0, -0.0, 0.004853875970295928, 0.002946598898926316, -0.0, -0.00017803260482038435, 0.0, 0.0, -0.0, 0.27626189629036324, 0.017179526218022052, 0.007344058689886419, -0.06258185761554942, -0.08268524921513001, -0.0, 0.07165381095219742, -0.0, 0.3348862733733266, 0.0015197767288302603, 0.011817125862619706, -0.008106719730306845, -0.0, -0.0, -0.0, -0.06102928454209847, -0.002936690411928771, 0.0037325249145255617, -0.011406420463949761, -0.0, -0.0, -0.0, 0.035596535260333184, -0.11351152551480784, -0.0]",-1.0379683952352932,"['num__satisfaction_employee_environnement', 'num__note_evaluation_precedente', 'num__niveau_hierarchique_poste', 'num__satisfaction_employee_nature_travail', 'num__satisfaction_employee_equipe', 'num__satisfaction_employee_equilibre_pro_perso', 'num__note_evaluation_actuelle', 'num__heures_supplementaires', 'num__id_employee', 'num__age', 'num__genre', 'num__revenu_mensuel', 'num__nombre_experiences_precedentes', 'num__annee_experience_totale', 'num__annees_dans_l_entreprise', 'num__annees_dans_le_poste_actuel', 'num__nombre_participation_pee', 'num__nb_formations_suivies', 'num__nombre_employee_sous_responsabilite', 'num__distance_domicile_travail', 'num__niveau_education', 'num__annees_depuis_la_derniere_promotion', 'num__annes_sous_responsable_actuel', 'num__improvement_evaluation', 'num__total_satisfaction', 'num__work_mobility', 'cat__augementation_salaire_precedente_11 %', 'cat__augementation_salaire_precedente_12 %', 'cat__augementation_salaire_precedente_13 %', 'cat__augementation_salaire_precedente_14 %', 'cat__augementation_salaire_precedente_15 %', 'cat__augementation_salaire_precedente_16 %', 'cat__augementation_salaire_precedente_17 %', 'cat__augementation_salaire_precedente_18 %', 'cat__augementation_salaire_precedente_19 %', 'cat__augementation_salaire_precedente_20 %', 'cat__augementation_salaire_precedente_21 %', 'cat__augementation_salaire_precedente_22 %', 'cat__augementation_salaire_precedente_23 %', 'cat__augementation_salaire_precedente_24 %', 'cat__augementation_salaire_precedente_25 %', 'cat__statut_marital_Célibataire', 'cat__statut_marital_Divorcé(e)', 'cat__statut_marital_Marié(e)', 'cat__departement_Commercial', 'cat__departement_Consulting', 'cat__departement_Ressources Humaines', 'cat__poste_Assistant de Direction', 'cat__poste_Cadre Commercial', 'cat__poste_Consultant', 'cat__poste_Directeur Technique', 'cat__poste_Manager', 'cat__poste_Représentant Commercial', 'cat__poste_Ressources Humaines', 'cat__poste_Senior Manager', 'cat__poste_Tech Lead', 'cat__domaine_etude_Autre', 'cat__domaine_etude_Entrepreunariat', 'cat__domaine_etude_Infra & Cloud', 'cat__domaine_etude_Marketing', 'cat__domaine_etude_Ressources Humaines', 'cat__domaine_etude_Transformation Digitale', 'cat__ayant_enfants_Y', 'cat__frequence_deplacement_Aucun', 'cat__frequence_deplacement_Frequent', 'cat__frequence_deplacement_Occasionnel']",2025-12-10 17:52:22.979574+00:00
162,17957,"[-0.11799551889381826, 0.2804048740536949, 0.0029916518820057563, 0.21595123647302497, -0.2810706301921942, -0.019036080566459973, -0.1829824029236773, -0.4543563582277338, 0.6817026890073832, -0.3717414334787367, 0.10138183817461895, 0.04719196195498631, -0.2531092329279686, 0.12258578878830305, -0.05368415963894347, 0.0, -0.0452064027265629, -0.009147847749797194, 0.0, -0.013788296520121607, -0.0, -0.13742103671403652, -0.17743712983937163, 0.05897050375586737, -0.012654495363943792, -0.09669935276953433, -0.00686203179120519, -0.0, -0.0, 0.023954424573350914, -0.0, -0.0, -0.0, -0.0, 0.004853875970295928, 0.002946598898926316, -0.0, -0.00017803260482038435, 0.0, 0.0, -0.0, -0.10743518189069683, 0.017179526218022052, -0.008281598097105963, -0.06258185761554942, -0.08268524921513001, -0.0, -0.254045329739609, -0.0, -0.08902040178278302, 0.0015197767288302603, 0.011817125862619706, -0.008106719730306845, -0.0, -0.0, -0.0, 0.0018875036456319117, -0.002936690411928771, -0.005371194389195322, -0.011406420463949761, -0.0, -0.0, -0.0, 0.035596535260333184, -0.11351152551480784, -0.0]",-1.0379683952352932,"['num__satisfaction_employee_environnement', 'num__note_evaluation_precedente', 'num__niveau_hierarchique_poste', 'num__satisfaction_employee_nature_travail', 'num__satisfaction_employee_equipe', 'num__satisfaction_employee_equilibre_pro_perso', 'num__note_evaluation_actuelle', 'num__heures_supplementaires', 'num__id_employee', 'num__age', 'num__genre', 'num__revenu_mensuel', 'num__nombre_experiences_precedentes', 'num__annee_experience_totale', 'num__annees_dans_l_entreprise', 'num__annees_dans_le_poste_actuel', 'num__nombre_participation_pee', 'num__nb_formations_suivies', 'num__nombre_employee_sous_responsabilite', 'num__distance_domicile_travail', 'num__niveau_education', 'num__annees_depuis_la_derniere_promotion', 'num__annes_sous_responsable_actuel', 'num__improvement_evaluation', 'num__total_satisfaction', 'num__work_mobility', 'cat__augementation_salaire_precedente_11 %', 'cat__augementation_salaire_precedente_12 %', 'cat__augementation_salaire_precedente_13 %', 'cat__augementation_salaire_precedente_14 %', 'cat__augementation_salaire_precedente_15 %', 'cat__augementation_salaire_precedente_16 %', 'cat__augementation_salaire_precedente_17 %', 'cat__augementation_salaire_precedente_18 %', 'cat__augementation_salaire_precedente_19 %', 'cat__augementation_salaire_precedente_20 %', 'cat__augementation_salaire_precedente_21 %', 'cat__augementation_salaire_precedente_22 %', 'cat__augementation_salaire_precedente_23 %', 'cat__augementation_salaire_precedente_24 %', 'cat__augementation_salaire_precedente_25 %', 'cat__statut_marital_Célibataire', 'cat__statut_marital_Divorcé(e)', 'cat__statut_marital_Marié(e)', 'cat__departement_Commercial', 'cat__departement_Consulting', 'cat__departement_Ressources Humaines', 'cat__poste_Assistant de Direction', 'cat__poste_Cadre Commercial', 'cat__poste_Consultant', 'cat__poste_Directeur Technique', 'cat__poste_Manager', 'cat__poste_Représentant Commercial', 'cat__poste_Ressources Humaines', 'cat__poste_Senior Manager', 'cat__poste_Tech Lead', 'cat__domaine_etude_Autre', 'cat__domaine_etude_Entrepreunariat', 'cat__domaine_etude_Infra & Cloud', 'cat__domaine_etude_Marketing', 'cat__domaine_etude_Ressources Humaines', 'cat__domaine_etude_Transformation Digitale', 'cat__ayant_enfants_Y', 'cat__frequence_deplacement_Aucun', 'cat__frequence_deplacement_Frequent', 'cat__frequence_deplacement_Occasionnel']",2025-12-10 17:52:22.946685+00:00
161,17956,"[0.20976981136678796, -0.10371139177328444, 0.0029916518820057563, -0.3449610660543126, 0.31274056035469494, 0.3270744751873578, 0.034853791033081394, 1.0601648358647122, 0.6816691835179007, -0.113587660229614, -0.11432420049478308, 0.016488226266109934, 0.854243661131894, 0.22306594353281373, 0.028590414520356867, -0.0, 0.27769647389174396, 0.3829027700986546, 0.0, -0.19939998044483537, -0.0, -0.26706352418010876, -0.027701155291378683, -0.016151157079632463, 0.09883885586023057, -0.06874318851681709, -0.00686203179120519, -0.0, -0.0, 0.023954424573350914, -0.0, -0.0, -0.0, -0.0, 0.004853875970295928, 0.002946598898926316, -0.0, -0.00017803260482038435, 0.0, 0.0, -0.0, 0.27626189629036324, 0.017179526218022052, 0.007344058689886419, 0.19817588244923984, 0.24805574764539004, -0.0, 0.07165381095219742, 0.0, -0.08902040178278302, 0.0015197767288302603, 0.011817125862619706, -0.008106719730306845, -0.0, -0.0, -0.0, 0.0018875036456319117, -0.002936690411928771, -0.005371194389195322, -0.011406420463949761, -0.0, -0.0, -0.0, 0.035596535260333184, -0.11351152551480784, -0.0]",-1.0379683952352932,"['num__satisfaction_employee_environnement', 'num__note_evaluation_precedente', 'num__niveau_hierarchique_poste', 'num__satisfaction_employee_nature_travail', 'num__satisfaction_employee_equipe', 'num__satisfaction_employee_equilibre_pro_perso', 'num__note_evaluation_actuelle', 'num__heures_supplementaires', 'num__id_employee', 'num__age', 'num__genre', 'num__revenu_mensuel', 'num__nombre_experiences_precedentes', 'num__annee_experience_totale', 'num__annees_dans_l_entreprise', 'num__annees_dans_le_poste_actuel', 'num__nombre_participation_pee', 'num__nb_formations_suivies', 'num__nombre_employee_sous_responsabilite', 'num__distance_domicile_travail', 'num__niveau_education', 'num__annees_depuis_la_derniere_promotion', 'num__annes_sous_responsable_actuel', 'num__improvement_evaluation', 'num__total_satisfaction', 'num__work_mobility', 'cat__augementation_salaire_precedente_11 %', 'cat__augementation_salaire_precedente_12 %', 'cat__augementation_salaire_precedente_13 %', 'cat__augementation_salaire_precedente_14 %', 'cat__augementation_salaire_precedente_15 %', 'cat__augementation_salaire_precedente_16 %', 'cat__augementation_salaire_precedente_17 %', 'cat__augementation_salaire_precedente_18 %', 'cat__augementation_salaire_precedente_19 %', 'cat__augementation_salaire_precedente_20 %', 'cat__augementation_salaire_precedente_21 %', 'cat__augementation_salaire_precedente_22 %', 'cat__augementation_salaire_precedente_23 %', 'cat__augementation_salaire_precedente_24 %', 'cat__augementation_salaire_precedente_25 %', 'cat__statut_marital_Célibataire', 'cat__statut_marital_Divorcé(e)', 'cat__statut_marital_Marié(e)', 'cat__departement_Commercial', 'cat__departement_Consulting', 'cat__departement_Ressources Humaines', 'cat__poste_Assistant de Direction', 'cat__poste_Cadre Commercial', 'cat__poste_Consultant', 'cat__poste_Directeur Technique', 'cat__poste_Manager', 'cat__poste_Représentant Commercial', 'cat__poste_Ressources Humaines', 'cat__poste_Senior Manager', 'cat__poste_Tech Lead', 'cat__domaine_etude_Autre', 'cat__domaine_etude_Entrepreunariat', 'cat__domaine_etude_Infra & Cloud', 'cat__domaine_etude_Marketing', 'cat__domaine_etude_Ressources Humaines', 'cat__domaine_etude_Transformation Digitale', 'cat__ayant_enfants_Y', 'cat__frequence_deplacement_Aucun', 'cat__frequence_deplacement_Frequent', 'cat__frequence_deplacement_Occasionnel']",2025-12-10 17:52:22.890970+00:00
160,17951,"[-0.44576084915442454, -0.10371139177328444, 0.030188487172967134, -0.0645049147906438, -0.08313356667656446, -0.019036080566459973, 0.034853791033081394, 1.0601648358647122, 0.6817696999863478, 0.14456611301950875, -0.11432420049478308, 0.12621049841500306, -0.2531092329279686, 0.22306594353281373, -0.012546872559293305, 0.0, 0.27769647389174396, -0.009147847749797194, 0.0, -0.14636807075206001, 0.0, 0.12186393821810786, 0.34663878107860374, -0.016151157079632463, -0.029378498047569944, -0.24346921509629996, -0.00686203179120519, -0.0, -0.0, 0.023954424573350914, -0.0, -0.0, -0.0, -0.0, 0.004853875970295928, 0.002946598898926316, -0.0, -0.00017803260482038435, 0.0, 0.0, -0.0, -0.10743518189069683, 0.017179526218022052, -0.008281598097105963, -0.06258185761554942, -0.08268524921513001, -0.0, -0.254045329739609, -0.0, -0.08902040178278302, 0.0015197767288302603, 0.011817125862619706, -0.008106719730306845, -0.0, -0.0, -0.0, 0.0018875036456319117, -0.002936690411928771, -0.005371194389195322, -0.011406420463949761, -0.0, -0.0, -0.0, 0.035596535260333184, -0.11351152551480784, -0.0]",-1.0379683952352932,"['num__satisfaction_employee_environnement', 'num__note_evaluation_precedente', 'num__niveau_hierarchique_poste', 'num__satisfaction_employee_nature_travail', 'num__satisfaction_employee_equipe', 'num__satisfaction_employee_equilibre_pro_perso', 'num__note_evaluation_actuelle', 'num__heures_supplementaires', 'num__id_employee', 'num__age', 'num__genre', 'num__revenu_mensuel', 'num__nombre_experiences_precedentes', 'num__annee_experience_totale', 'num__annees_dans_l_entreprise', 'num__annees_dans_le_poste_actuel', 'num__nombre_participation_pee', 'num__nb_formations_suivies', 'num__nombre_employee_sous_responsabilite', 'num__distance_domicile_travail', 'num__niveau_education', 'num__annees_depuis_la_derniere_promotion', 'num__annes_sous_responsable_actuel', 'num__improvement_evaluation', 'num__total_satisfaction', 'num__work_mobility', 'cat__augementation_salaire_precedente_11 %', 'cat__augementation_salaire_precedente_12 %', 'cat__augementation_salaire_precedente_13 %', 'cat__augementation_salaire_precedente_14 %', 'cat__augementation_salaire_precedente_15 %', 'cat__augementation_salaire_precedente_16 %', 'cat__augementation_salaire_precedente_17 %', 'cat__augementation_salaire_precedente_18 %', 'cat__augementation_salaire_precedente_19 %', 'cat__augementation_salaire_precedente_20 %', 'cat__augementation_salaire_precedente_21 %', 'cat__augementation_salaire_precedente_22 %', 'cat__augementation_salaire_precedente_23 %', 'cat__augementation_salaire_precedente_24 %', 'cat__augementation_salaire_precedente_25 %', 'cat__statut_marital_Célibataire', 'cat__statut_marital_Divorcé(e)', 'cat__statut_marital_Marié(e)', 'cat__departement_Commercial', 'cat__departement_Consulting', 'cat__departement_Ressources Humaines', 'cat__poste_Assistant de Direction', 'cat__poste_Cadre Commercial', 'cat__poste_Consultant', 'cat__poste_Directeur Technique', 'cat__poste_Manager', 'cat__poste_Représentant Commercial', 'cat__poste_Ressources Humaines', 'cat__poste_Senior Manager', 'cat__poste_Tech Lead', 'cat__domaine_etude_Autre', 'cat__domaine_etude_Entrepreunariat', 'cat__domaine_etude_Infra & Cloud', 'cat__domaine_etude_Marketing', 'cat__domaine_etude_Ressources Humaines', 'cat__domaine_etude_Transformation Digitale', 'cat__ayant_enfants_Y', 'cat__frequence_deplacement_Aucun', 'cat__frequence_deplacement_Frequent', 'cat__frequence_deplacement_Occasionnel']",2025-12-10 15:51:48.961518+00:00
159,17950,"[-0.44576084915442454, 0.2804048740536949, 0.030188487172967134, -0.0645049147906438, 0.11480349683906524, -0.019036080566459973, 0.034853791033081394, 1.0601648358647122, 0.6817361944968654, 0.015489226394947365, 0.10138183817461895, 0.15534880609656707, 0.5378571199719331, 0.27330602090506906, 0.15200227575930736, -0.0, 0.27769647389174396, -0.009147847749797194, 0.0, -0.17288402559844768, -0.0, -0.26706352418010876, 0.34663878107860374, 0.02140967333811745, 0.020793510003308518, 0.49038009653752795, -0.00686203179120519, -0.0, -0.0, 0.023954424573350914, -0.0, -0.0, -0.0, -0.0, 0.004853875970295928, 0.002946598898926316, -0.0, -0.00017803260482038435, 0.0, 0.0, -0.0, 0.27626189629036324, 0.017179526218022052, 0.007344058689886419, -0.06258185761554942, -0.08268524921513001, -0.0, 0.07165381095219742, -0.0, 0.3348862733733266, 0.0015197767288302603, 0.011817125862619706, -0.008106719730306845, -0.0, -0.0, -0.0, -0.06102928454209847, -0.002936690411928771, 0.0037325249145255617, -0.011406420463949761, -0.0, -0.0, -0.0, 0.035596535260333184, -0.11351152551480784, -0.0]",-1.0379683952352932,"['num__satisfaction_employee_environnement', 'num__note_evaluation_precedente', 'num__niveau_hierarchique_poste', 'num__satisfaction_employee_nature_travail', 'num__satisfaction_employee_equipe', 'num__satisfaction_employee_equilibre_pro_perso', 'num__note_evaluation_actuelle', 'num__heures_supplementaires', 'num__id_employee', 'num__age', 'num__genre', 'num__revenu_mensuel', 'num__nombre_experiences_precedentes', 'num__annee_experience_totale', 'num__annees_dans_l_entreprise', 'num__annees_dans_le_poste_actuel', 'num__nombre_participation_pee', 'num__nb_formations_suivies', 'num__nombre_employee_sous_responsabilite', 'num__distance_domicile_travail', 'num__niveau_education', 'num__annees_depuis_la_derniere_promotion', 'num__annes_sous_responsable_actuel', 'num__improvement_evaluation', 'num__total_satisfaction', 'num__work_mobility', 'cat__augementation_salaire_precedente_11 %', 'cat__augementation_salaire_precedente_12 %', 'cat__augementation_salaire_precedente_13 %', 'cat__augementation_salaire_precedente_14 %', 'cat__augementation_salaire_precedente_15 %', 'cat__augementation_salaire_precedente_16 %', 'cat__augementation_salaire_precedente_17 %', 'cat__augementation_salaire_precedente_18 %', 'cat__augementation_salaire_precedente_19 %', 'cat__augementation_salaire_precedente_20 %', 'cat__augementation_salaire_precedente_21 %', 'cat__augementation_salaire_precedente_22 %', 'cat__augementation_salaire_precedente_23 %', 'cat__augementation_salaire_precedente_24 %', 'cat__augementation_salaire_precedente_25 %', 'cat__statut_marital_Célibataire', 'cat__statut_marital_Divorcé(e)', 'cat__statut_marital_Marié(e)', 'cat__departement_Commercial', 'cat__departement_Consulting', 'cat__departement_Ressources Humaines', 'cat__poste_Assistant de Direction', 'cat__poste_Cadre Commercial', 'cat__poste_Consultant', 'cat__poste_Directeur Technique', 'cat__poste_Manager', 'cat__poste_Représentant Commercial', 'cat__poste_Ressources Humaines', 'cat__poste_Senior Manager', 'cat__poste_Tech Lead', 'cat__domaine_etude_Autre', 'cat__domaine_etude_Entrepreunariat', 'cat__domaine_etude_Infra & Cloud', 'cat__domaine_etude_Marketing', 'cat__domaine_etude_Ressources Humaines', 'cat__domaine_etude_Transformation Digitale', 'cat__ayant_enfants_Y', 'cat__frequence_deplacement_Aucun', 'cat__frequence_deplacement_Frequent', 'cat__frequence_deplacement_Occasionnel']",2025-12-10 15:51:48.919077+00:00
158,17949,"[-0.11799551889381826, 0.2804048740536949, 0.0029916518820057563, 0.21595123647302497, -0.2810706301921942, -0.019036080566459973, -0.1829824029236773, -0.4543563582277338, 0.6817026890073832, -0.3717414334787367, 0.10138183817461895, 0.04719196195498631, -0.2531092329279686, 0.12258578878830305, -0.05368415963894347, 0.0, -0.0452064027265629, -0.009147847749797194, 0.0, -0.013788296520121607, -0.0, -0.13742103671403652, -0.17743712983937163, 0.05897050375586737, -0.012654495363943792, -0.09669935276953433, -0.00686203179120519, -0.0, -0.0, 0.023954424573350914, -0.0, -0.0, -0.0, -0.0, 0.004853875970295928, 0.002946598898926316, -0.0, -0.00017803260482038435, 0.0, 0.0, -0.0, -0.10743518189069683, 0.017179526218022052, -0.008281598097105963, -0.06258185761554942, -0.08268524921513001, -0.0, -0.254045329739609, -0.0, -0.08902040178278302, 0.0015197767288302603, 0.011817125862619706, -0.008106719730306845, -0.0, -0.0, -0.0, 0.0018875036456319117, -0.002936690411928771, -0.005371194389195322, -0.011406420463949761, -0.0, -0.0, -0.0, 0.035596535260333184, -0.11351152551480784, -0.0]",-1.0379683952352932,"['num__satisfaction_employee_environnement', 'num__note_evaluation_precedente', 'num__niveau_hierarchique_poste', 'num__satisfaction_employee_nature_travail', 'num__satisfaction_employee_equipe', 'num__satisfaction_employee_equilibre_pro_perso', 'num__note_evaluation_actuelle', 'num__heures_supplementaires', 'num__id_employee', 'num__age', 'num__genre', 'num__revenu_mensuel', 'num__nombre_experiences_precedentes', 'num__annee_experience_totale', 'num__annees_dans_l_entreprise', 'num__annees_dans_le_poste_actuel', 'num__nombre_participation_pee', 'num__nb_formations_suivies', 'num__nombre_employee_sous_responsabilite', 'num__distance_domicile_travail', 'num__niveau_education', 'num__annees_depuis_la_derniere_promotion', 'num__annes_sous_responsable_actuel', 'num__improvement_evaluation', 'num__total_satisfaction', 'num__work_mobility', 'cat__augementation_salaire_precedente_11 %', 'cat__augementation_salaire_precedente_12 %', 'cat__augementation_salaire_precedente_13 %', 'cat__augementation_salaire_precedente_14 %', 'cat__augementation_salaire_precedente_15 %', 'cat__augementation_salaire_precedente_16 %', 'cat__augementation_salaire_precedente_17 %', 'cat__augementation_salaire_precedente_18 %', 'cat__augementation_salaire_precedente_19 %', 'cat__augementation_salaire_precedente_20 %', 'cat__augementation_salaire_precedente_21 %', 'cat__augementation_salaire_precedente_22 %', 'cat__augementation_salaire_precedente_23 %', 'cat__augementation_salaire_precedente_24 %', 'cat__augementation_salaire_precedente_25 %', 'cat__statut_marital_Célibataire', 'cat__statut_marital_Divorcé(e)', 'cat__statut_marital_Marié(e)', 'cat__departement_Commercial', 'cat__departement_Consulting', 'cat__departement_Ressources Humaines', 'cat__poste_Assistant de Direction', 'cat__poste_Cadre Commercial', 'cat__poste_Consultant', 'cat__poste_Directeur Technique', 'cat__poste_Manager', 'cat__poste_Représentant Commercial', 'cat__poste_Ressources Humaines', 'cat__poste_Senior Manager', 'cat__poste_Tech Lead', 'cat__domaine_etude_Autre', 'cat__domaine_etude_Entrepreunariat', 'cat__domaine_etude_Infra & Cloud', 'cat__domaine_etude_Marketing', 'cat__domaine_etude_Ressources Humaines', 'cat__domaine_etude_Transformation Digitale', 'cat__ayant_enfants_Y', 'cat__frequence_deplacement_Aucun', 'cat__frequence_deplacement_Frequent', 'cat__frequence_deplacement_Occasionnel']",2025-12-10 15:51:48.871830+00:00
157,17948,"[0.20976981136678796, -0.10371139177328444, 0.0029916518820057563, -0.3449610660543126, 0.31274056035469494, 0.3270744751873578, 0.034853791033081394, 1.0601648358647122, 0.6816691835179007, -0.113587660229614, -0.11432420049478308, 0.016488226266109934, 0.854243661131894, 0.22306594353281373, 0.028590414520356867, -0.0, 0.27769647389174396, 0.3829027700986546, 0.0, -0.19939998044483537, -0.0, -0.26706352418010876, -0.027701155291378683, -0.016151157079632463, 0.09883885586023057, -0.06874318851681709, -0.00686203179120519, -0.0, -0.0, 0.023954424573350914, -0.0, -0.0, -0.0, -0.0, 0.004853875970295928, 0.002946598898926316, -0.0, -0.00017803260482038435, 0.0, 0.0, -0.0, 0.27626189629036324, 0.017179526218022052, 0.007344058689886419, 0.19817588244923984, 0.24805574764539004, -0.0, 0.07165381095219742, 0.0, -0.08902040178278302, 0.0015197767288302603, 0.011817125862619706, -0.008106719730306845, -0.0, -0.0, -0.0, 0.0018875036456319117, -0.002936690411928771, -0.005371194389195322, -0.011406420463949761, -0.0, -0.0, -0.0, 0.035596535260333184, -0.11351152551480784, -0.0]",-1.0379683952352932,"['num__satisfaction_employee_environnement', 'num__note_evaluation_precedente', 'num__niveau_hierarchique_poste', 'num__satisfaction_employee_nature_travail', 'num__satisfaction_employee_equipe', 'num__satisfaction_employee_equilibre_pro_perso', 'num__note_evaluation_actuelle', 'num__heures_supplementaires', 'num__id_employee', 'num__age', 'num__genre', 'num__revenu_mensuel', 'num__nombre_experiences_precedentes', 'num__annee_experience_totale', 'num__annees_dans_l_entreprise', 'num__annees_dans_le_poste_actuel', 'num__nombre_participation_pee', 'num__nb_formations_suivies', 'num__nombre_employee_sous_responsabilite', 'num__distance_domicile_travail', 'num__niveau_education', 'num__annees_depuis_la_derniere_promotion', 'num__annes_sous_responsable_actuel', 'num__improvement_evaluation', 'num__total_satisfaction', 'num__work_mobility', 'cat__augementation_salaire_precedente_11 %', 'cat__augementation_salaire_precedente_12 %', 'cat__augementation_salaire_precedente_13 %', 'cat__augementation_salaire_precedente_14 %', 'cat__augementation_salaire_precedente_15 %', 'cat__augementation_salaire_precedente_16 %', 'cat__augementation_salaire_precedente_17 %', 'cat__augementation_salaire_precedente_18 %', 'cat__augementation_salaire_precedente_19 %', 'cat__augementation_salaire_precedente_20 %', 'cat__augementation_salaire_precedente_21 %', 'cat__augementation_salaire_precedente_22 %', 'cat__augementation_salaire_precedente_23 %', 'cat__augementation_salaire_precedente_24 %', 'cat__augementation_salaire_precedente_25 %', 'cat__statut_marital_Célibataire', 'cat__statut_marital_Divorcé(e)', 'cat__statut_marital_Marié(e)', 'cat__departement_Commercial', 'cat__departement_Consulting', 'cat__departement_Ressources Humaines', 'cat__poste_Assistant de Direction', 'cat__poste_Cadre Commercial', 'cat__poste_Consultant', 'cat__poste_Directeur Technique', 'cat__poste_Manager', 'cat__poste_Représentant Commercial', 'cat__poste_Ressources Humaines', 'cat__poste_Senior Manager', 'cat__poste_Tech Lead', 'cat__domaine_etude_Autre', 'cat__domaine_etude_Entrepreunariat', 'cat__domaine_etude_Infra & Cloud', 'cat__domaine_etude_Marketing', 'cat__domaine_etude_Ressources Humaines', 'cat__domaine_etude_Transformation Digitale', 'cat__ayant_enfants_Y', 'cat__frequence_deplacement_Aucun', 'cat__frequence_deplacement_Frequent', 'cat__frequence_deplacement_Occasionnel']",2025-12-10 15:51:48.830694+00:00
156,17947,"[-0.44576084915442454, -0.10371139177328444, 0.030188487172967134, -0.0645049147906438, -0.08313356667656446, -0.019036080566459973, 0.034853791033081394, 1.0601648358647122, 0.6817696999863478, 0.14456611301950875, -0.11432420049478308, 0.12621049841500306, -0.2531092329279686, 0.22306594353281373, -0.012546872559293305, 0.0, 0.27769647389174396, -0.009147847749797194, 0.0, -0.14636807075206001, 0.0, 0.12186393821810786, 0.34663878107860374, -0.016151157079632463, -0.029378498047569944, -0.24346921509629996, -0.00686203179120519, -0.0, -0.0, 0.023954424573350914, -0.0, -0.0, -0.0, -0.0, 0.004853875970295928, 0.002946598898926316, -0.0, -0.00017803260482038435, 0.0, 0.0, -0.0, -0.10743518189069683, 0.017179526218022052, -0.008281598097105963, -0.06258185761554942, -0.08268524921513001, -0.0, -0.254045329739609, -0.0, -0.08902040178278302, 0.0015197767288302603, 0.011817125862619706, -0.008106719730306845, -0.0, -0.0, -0.0, 0.0018875036456319117, -0.002936690411928771, -0.005371194389195322, -0.011406420463949761, -0.0, -0.0, -0.0, 0.035596535260333184, -0.11351152551480784, -0.0]",-1.0379683952352932,"['num__satisfaction_employee_environnement', 'num__note_evaluation_precedente', 'num__niveau_hierarchique_poste', 'num__satisfaction_employee_nature_travail', 'num__satisfaction_employee_equipe', 'num__satisfaction_employee_equilibre_pro_perso', 'num__note_evaluation_actuelle', 'num__heures_supplementaires', 'num__id_employee', 'num__age', 'num__genre', 'num__revenu_mensuel', 'num__nombre_experiences_precedentes', 'num__annee_experience_totale', 'num__annees_dans_l_entreprise', 'num__annees_dans_le_poste_actuel', 'num__nombre_participation_pee', 'num__nb_formations_suivies', 'num__nombre_employee_sous_responsabilite', 'num__distance_domicile_travail', 'num__niveau_education', 'num__annees_depuis_la_derniere_promotion', 'num__annes_sous_responsable_actuel', 'num__improvement_evaluation', 'num__total_satisfaction', 'num__work_mobility', 'cat__augementation_salaire_precedente_11 %', 'cat__augementation_salaire_precedente_12 %', 'cat__augementation_salaire_precedente_13 %', 'cat__augementation_salaire_precedente_14 %', 'cat__augementation_salaire_precedente_15 %', 'cat__augementation_salaire_precedente_16 %', 'cat__augementation_salaire_precedente_17 %', 'cat__augementation_salaire_precedente_18 %', 'cat__augementation_salaire_precedente_19 %', 'cat__augementation_salaire_precedente_20 %', 'cat__augementation_salaire_precedente_21 %', 'cat__augementation_salaire_precedente_22 %', 'cat__augementation_salaire_precedente_23 %', 'cat__augementation_salaire_precedente_24 %', 'cat__augementation_salaire_precedente_25 %', 'cat__statut_marital_Célibataire', 'cat__statut_marital_Divorcé(e)', 'cat__statut_marital_Marié(e)', 'cat__departement_Commercial', 'cat__departement_Consulting', 'cat__departement_Ressources Humaines', 'cat__poste_Assistant de Direction', 'cat__poste_Cadre Commercial', 'cat__poste_Consultant', 'cat__poste_Directeur Technique', 'cat__poste_Manager', 'cat__poste_Représentant Commercial', 'cat__poste_Ressources Humaines', 'cat__poste_Senior Manager', 'cat__poste_Tech Lead', 'cat__domaine_etude_Autre', 'cat__domaine_etude_Entrepreunariat', 'cat__domaine_etude_Infra & Cloud', 'cat__domaine_etude_Marketing', 'cat__domaine_etude_Ressources Humaines', 'cat__domaine_etude_Transformation Digitale', 'cat__ayant_enfants_Y', 'cat__frequence_deplacement_Aucun', 'cat__frequence_deplacement_Frequent', 'cat__frequence_deplacement_Occasionnel']",2025-12-10 15:51:48.042663+00:00
155,17946,"[-0.44576084915442454, 0.2804048740536949, 0.030188487172967134, -0.0645049147906438, 0.11480349683906524, -0.019036080566459973, 0.034853791033081394, 1.0601648358647122, 0.6817361944968654, 0.015489226394947365, 0.10138183817461895, 0.15534880609656707, 0.5378571199719331, 0.27330602090506906, 0.15200227575930736, -0.0, 0.27769647389174396, -0.009147847749797194, 0.0, -0.17288402559844768, -0.0, -0.26706352418010876, 0.34663878107860374, 0.02140967333811745, 0.020793510003308518, 0.49038009653752795, -0.00686203179120519, -0.0, -0.0, 0.023954424573350914, -0.0, -0.0, -0.0, -0.0, 0.004853875970295928, 0.002946598898926316, -0.0, -0.00017803260482038435, 0.0, 0.0, -0.0, 0.27626189629036324, 0.017179526218022052, 0.007344058689886419, -0.06258185761554942, -0.08268524921513001, -0.0, 0.07165381095219742, -0.0, 0.3348862733733266, 0.0015197767288302603, 0.011817125862619706, -0.008106719730306845, -0.0, -0.0, -0.0, -0.06102928454209847, -0.002936690411928771, 0.0037325249145255617, -0.011406420463949761, -0.0, -0.0, -0.0, 0.035596535260333184, -0.11351152551480784, -0.0]",-1.0379683952352932,"['num__satisfaction_employee_environnement', 'num__note_evaluation_precedente', 'num__niveau_hierarchique_poste', 'num__satisfaction_employee_nature_travail', 'num__satisfaction_employee_equipe', 'num__satisfaction_employee_equilibre_pro_perso', 'num__note_evaluation_actuelle', 'num__heures_supplementaires', 'num__id_employee', 'num__age', 'num__genre', 'num__revenu_mensuel', 'num__nombre_experiences_precedentes', 'num__annee_experience_totale', 'num__annees_dans_l_entreprise', 'num__annees_dans_le_poste_actuel', 'num__nombre_participation_pee', 'num__nb_formations_suivies', 'num__nombre_employee_sous_responsabilite', 'num__distance_domicile_travail', 'num__niveau_education', 'num__annees_depuis_la_derniere_promotion', 'num__annes_sous_responsable_actuel', 'num__improvement_evaluation', 'num__total_satisfaction', 'num__work_mobility', 'cat__augementation_salaire_precedente_11 %', 'cat__augementation_salaire_precedente_12 %', 'cat__augementation_salaire_precedente_13 %', 'cat__augementation_salaire_precedente_14 %', 'cat__augementation_salaire_precedente_15 %', 'cat__augementation_salaire_precedente_16 %', 'cat__augementation_salaire_precedente_17 %', 'cat__augementation_salaire_precedente_18 %', 'cat__augementation_salaire_precedente_19 %', 'cat__augementation_salaire_precedente_20 %', 'cat__augementation_salaire_precedente_21 %', 'cat__augementation_salaire_precedente_22 %', 'cat__augementation_salaire_precedente_23 %', 'cat__augementation_salaire_precedente_24 %', 'cat__augementation_salaire_precedente_25 %', 'cat__statut_marital_Célibataire', 'cat__statut_marital_Divorcé(e)', 'cat__statut_marital_Marié(e)', 'cat__departement_Commercial', 'cat__departement_Consulting', 'cat__departement_Ressources Humaines', 'cat__poste_Assistant de Direction', 'cat__poste_Cadre Commercial', 'cat__poste_Consultant', 'cat__poste_Directeur Technique', 'cat__poste_Manager', 'cat__poste_Représentant Commercial', 'cat__poste_Ressources Humaines', 'cat__poste_Senior Manager', 'cat__poste_Tech Lead', 'cat__domaine_etude_Autre', 'cat__domaine_etude_Entrepreunariat', 'cat__domaine_etude_Infra & Cloud', 'cat__domaine_etude_Marketing', 'cat__domaine_etude_Ressources Humaines', 'cat__domaine_etude_Transformation Digitale', 'cat__ayant_enfants_Y', 'cat__frequence_deplacement_Aucun', 'cat__frequence_deplacement_Frequent', 'cat__frequence_deplacement_Occasionnel']",2025-12-10 15:51:48.004799+00:00
154,17945,"[-0.11799551889381826, 0.2804048740536949, 0.0029916518820057563, 0.21595123647302497, -0.2810706301921942, -0.019036080566459973, -0.1829824029236773, -0.4543563582277338, 0.6817026890073832, -0.3717414334787367, 0.10138183817461895, 0.04719196195498631, -0.2531092329279686, 0.12258578878830305, -0.05368415963894347, 0.0, -0.0452064027265629, -0.009147847749797194, 0.0, -0.013788296520121607, -0.0, -0.13742103671403652, -0.17743712983937163, 0.05897050375586737, -0.012654495363943792, -0.09669935276953433, -0.00686203179120519, -0.0, -0.0, 0.023954424573350914, -0.0, -0.0, -0.0, -0.0, 0.004853875970295928, 0.002946598898926316, -0.0, -0.00017803260482038435, 0.0, 0.0, -0.0, -0.10743518189069683, 0.017179526218022052, -0.008281598097105963, -0.06258185761554942, -0.08268524921513001, -0.0, -0.254045329739609, -0.0, -0.08902040178278302, 0.0015197767288302603, 0.011817125862619706, -0.008106719730306845, -0.0, -0.0, -0.0, 0.0018875036456319117, -0.002936690411928771, -0.005371194389195322, -0.011406420463949761, -0.0, -0.0, -0.0, 0.035596535260333184, -0.11351152551480784, -0.0]",-1.0379683952352932,"['num__satisfaction_employee_environnement', 'num__note_evaluation_precedente', 'num__niveau_hierarchique_poste', 'num__satisfaction_employee_nature_travail', 'num__satisfaction_employee_equipe', 'num__satisfaction_employee_equilibre_pro_perso', 'num__note_evaluation_actuelle', 'num__heures_supplementaires', 'num__id_employee', 'num__age', 'num__genre', 'num__revenu_mensuel', 'num__nombre_experiences_precedentes', 'num__annee_experience_totale', 'num__annees_dans_l_entreprise', 'num__annees_dans_le_poste_actuel', 'num__nombre_participation_pee', 'num__nb_formations_suivies', 'num__nombre_employee_sous_responsabilite', 'num__distance_domicile_travail', 'num__niveau_education', 'num__annees_depuis_la_derniere_promotion', 'num__annes_sous_responsable_actuel', 'num__improvement_evaluation', 'num__total_satisfaction', 'num__work_mobility', 'cat__augementation_salaire_precedente_11 %', 'cat__augementation_salaire_precedente_12 %', 'cat__augementation_salaire_precedente_13 %', 'cat__augementation_salaire_precedente_14 %', 'cat__augementation_salaire_precedente_15 %', 'cat__augementation_salaire_precedente_16 %', 'cat__augementation_salaire_precedente_17 %', 'cat__augementation_salaire_precedente_18 %', 'cat__augementation_salaire_precedente_19 %', 'cat__augementation_salaire_precedente_20 %', 'cat__augementation_salaire_precedente_21 %', 'cat__augementation_salaire_precedente_22 %', 'cat__augementation_salaire_precedente_23 %', 'cat__augementation_salaire_precedente_24 %', 'cat__augementation_salaire_precedente_25 %', 'cat__statut_marital_Célibataire', 'cat__statut_marital_Divorcé(e)', 'cat__statut_marital_Marié(e)', 'cat__departement_Commercial', 'cat__departement_Consulting', 'cat__departement_Ressources Humaines', 'cat__poste_Assistant de Direction', 'cat__poste_Cadre Commercial', 'cat__poste_Consultant', 'cat__poste_Directeur Technique', 'cat__poste_Manager', 'cat__poste_Représentant Commercial', 'cat__poste_Ressources Humaines', 'cat__poste_Senior Manager', 'cat__poste_Tech Lead', 'cat__domaine_etude_Autre', 'cat__domaine_etude_Entrepreunariat', 'cat__domaine_etude_Infra & Cloud', 'cat__domaine_etude_Marketing', 'cat__domaine_etude_Ressources Humaines', 'cat__domaine_etude_Transformation Digitale', 'cat__ayant_enfants_Y', 'cat__frequence_deplacement_Aucun', 'cat__frequence_deplacement_Frequent', 'cat__frequence_deplacement_Occasionnel']",2025-12-10 15:51:47.955820+00:00
153,17944,"[0.20976981136678796, -0.10371139177328444, 0.0029916518820057563, -0.3449610660543126, 0.31274056035469494, 0.3270744751873578, 0.034853791033081394, 1.0601648358647122, 0.6816691835179007, -0.113587660229614, -0.11432420049478308, 0.016488226266109934, 0.854243661131894, 0.22306594353281373, 0.028590414520356867, -0.0, 0.27769647389174396, 0.3829027700986546, 0.0, -0.19939998044483537, -0.0, -0.26706352418010876, -0.027701155291378683, -0.016151157079632463, 0.09883885586023057, -0.06874318851681709, -0.00686203179120519, -0.0, -0.0, 0.023954424573350914, -0.0, -0.0, -0.0, -0.0, 0.004853875970295928, 0.002946598898926316, -0.0, -0.00017803260482038435, 0.0, 0.0, -0.0, 0.27626189629036324, 0.017179526218022052, 0.007344058689886419, 0.19817588244923984, 0.24805574764539004, -0.0, 0.07165381095219742, 0.0, -0.08902040178278302, 0.0015197767288302603, 0.011817125862619706, -0.008106719730306845, -0.0, -0.0, -0.0, 0.0018875036456319117, -0.002936690411928771, -0.005371194389195322, -0.011406420463949761, -0.0, -0.0, -0.0, 0.035596535260333184, -0.11351152551480784, -0.0]",-1.0379683952352932,"['num__satisfaction_employee_environnement', 'num__note_evaluation_precedente', 'num__niveau_hierarchique_poste', 'num__satisfaction_employee_nature_travail', 'num__satisfaction_employee_equipe', 'num__satisfaction_employee_equilibre_pro_perso', 'num__note_evaluation_actuelle', 'num__heures_supplementaires', 'num__id_employee', 'num__age', 'num__genre', 'num__revenu_mensuel', 'num__nombre_experiences_precedentes', 'num__annee_experience_totale', 'num__annees_dans_l_entreprise', 'num__annees_dans_le_poste_actuel', 'num__nombre_participation_pee', 'num__nb_formations_suivies', 'num__nombre_employee_sous_responsabilite', 'num__distance_domicile_travail', 'num__niveau_education', 'num__annees_depuis_la_derniere_promotion', 'num__annes_sous_responsable_actuel', 'num__improvement_evaluation', 'num__total_satisfaction', 'num__work_mobility', 'cat__augementation_salaire_precedente_11 %', 'cat__augementation_salaire_precedente_12 %', 'cat__augementation_salaire_precedente_13 %', 'cat__augementation_salaire_precedente_14 %', 'cat__augementation_salaire_precedente_15 %', 'cat__augementation_salaire_precedente_16 %', 'cat__augementation_salaire_precedente_17 %', 'cat__augementation_salaire_precedente_18 %', 'cat__augementation_salaire_precedente_19 %', 'cat__augementation_salaire_precedente_20 %', 'cat__augementation_salaire_precedente_21 %', 'cat__augementation_salaire_precedente_22 %', 'cat__augementation_salaire_precedente_23 %', 'cat__augementation_salaire_precedente_24 %', 'cat__augementation_salaire_precedente_25 %', 'cat__statut_marital_Célibataire', 'cat__statut_marital_Divorcé(e)', 'cat__statut_marital_Marié(e)', 'cat__departement_Commercial', 'cat__departement_Consulting', 'cat__departement_Ressources Humaines', 'cat__poste_Assistant de Direction', 'cat__poste_Cadre Commercial', 'cat__poste_Consultant', 'cat__poste_Directeur Technique', 'cat__poste_Manager', 'cat__poste_Représentant Commercial', 'cat__poste_Ressources Humaines', 'cat__poste_Senior Manager', 'cat__poste_Tech Lead', 'cat__domaine_etude_Autre', 'cat__domaine_etude_Entrepreunariat', 'cat__domaine_etude_Infra & Cloud', 'cat__domaine_etude_Marketing', 'cat__domaine_etude_Ressources Humaines', 'cat__domaine_etude_Transformation Digitale', 'cat__ayant_enfants_Y', 'cat__frequence_deplacement_Aucun', 'cat__frequence_deplacement_Frequent', 'cat__frequence_deplacement_Occasionnel']",2025-12-10 15:51:47.887003+00:00
152,17939,"[-0.44576084915442454, -0.10371139177328444, 0.030188487172967134, -0.0645049147906438, -0.08313356667656446, -0.019036080566459973, 0.034853791033081394, 1.0601648358647122, 0.6817696999863478, 0.14456611301950875, -0.11432420049478308, 0.12621049841500306, -0.2531092329279686, 0.22306594353281373, -0.012546872559293305, 0.0, 0.27769647389174396, -0.009147847749797194, 0.0, -0.14636807075206001, 0.0, 0.12186393821810786, 0.34663878107860374, -0.016151157079632463, -0.029378498047569944, -0.24346921509629996, -0.00686203179120519, -0.0, -0.0, 0.023954424573350914, -0.0, -0.0, -0.0, -0.0, 0.004853875970295928, 0.002946598898926316, -0.0, -0.00017803260482038435, 0.0, 0.0, -0.0, -0.10743518189069683, 0.017179526218022052, -0.008281598097105963, -0.06258185761554942, -0.08268524921513001, -0.0, -0.254045329739609, -0.0, -0.08902040178278302, 0.0015197767288302603, 0.011817125862619706, -0.008106719730306845, -0.0, -0.0, -0.0, 0.0018875036456319117, -0.002936690411928771, -0.005371194389195322, -0.011406420463949761, -0.0, -0.0, -0.0, 0.035596535260333184, -0.11351152551480784, -0.0]",-1.0379683952352932,"['num__satisfaction_employee_environnement', 'num__note_evaluation_precedente', 'num__niveau_hierarchique_poste', 'num__satisfaction_employee_nature_travail', 'num__satisfaction_employee_equipe', 'num__satisfaction_employee_equilibre_pro_perso', 'num__note_evaluation_actuelle', 'num__heures_supplementaires', 'num__id_employee', 'num__age', 'num__genre', 'num__revenu_mensuel', 'num__nombre_experiences_precedentes', 'num__annee_experience_totale', 'num__annees_dans_l_entreprise', 'num__annees_dans_le_poste_actuel', 'num__nombre_participation_pee', 'num__nb_formations_suivies', 'num__nombre_employee_sous_responsabilite', 'num__distance_domicile_travail', 'num__niveau_education', 'num__annees_depuis_la_derniere_promotion', 'num__annes_sous_responsable_actuel', 'num__improvement_evaluation', 'num__total_satisfaction', 'num__work_mobility', 'cat__augementation_salaire_precedente_11 %', 'cat__augementation_salaire_precedente_12 %', 'cat__augementation_salaire_precedente_13 %', 'cat__augementation_salaire_precedente_14 %', 'cat__augementation_salaire_precedente_15 %', 'cat__augementation_salaire_precedente_16 %', 'cat__augementation_salaire_precedente_17 %', 'cat__augementation_salaire_precedente_18 %', 'cat__augementation_salaire_precedente_19 %', 'cat__augementation_salaire_precedente_20 %', 'cat__augementation_salaire_precedente_21 %', 'cat__augementation_salaire_precedente_22 %', 'cat__augementation_salaire_precedente_23 %', 'cat__augementation_salaire_precedente_24 %', 'cat__augementation_salaire_precedente_25 %', 'cat__statut_marital_Célibataire', 'cat__statut_marital_Divorcé(e)', 'cat__statut_marital_Marié(e)', 'cat__departement_Commercial', 'cat__departement_Consulting', 'cat__departement_Ressources Humaines', 'cat__poste_Assistant de Direction', 'cat__poste_Cadre Commercial', 'cat__poste_Consultant', 'cat__poste_Directeur Technique', 'cat__poste_Manager', 'cat__poste_Représentant Commercial', 'cat__poste_Ressources Humaines', 'cat__poste_Senior Manager', 'cat__poste_Tech Lead', 'cat__domaine_etude_Autre', 'cat__domaine_etude_Entrepreunariat', 'cat__domaine_etude_Infra & Cloud', 'cat__domaine_etude_Marketing', 'cat__domaine_etude_Ressources Humaines', 'cat__domaine_etude_Transformation Digitale', 'cat__ayant_enfants_Y', 'cat__frequence_deplacement_Aucun', 'cat__frequence_deplacement_Frequent', 'cat__frequence_deplacement_Occasionnel']",2025-12-10 15:11:16.360981+00:00
151,17938,"[-0.44576084915442454, 0.2804048740536949, 0.030188487172967134, -0.0645049147906438, 0.11480349683906524, -0.019036080566459973, 0.034853791033081394, 1.0601648358647122, 0.6817361944968654, 0.015489226394947365, 0.10138183817461895, 0.15534880609656707, 0.5378571199719331, 0.27330602090506906, 0.15200227575930736, -0.0, 0.27769647389174396, -0.009147847749797194, 0.0, -0.17288402559844768, -0.0, -0.26706352418010876, 0.34663878107860374, 0.02140967333811745, 0.020793510003308518, 0.49038009653752795, -0.00686203179120519, -0.0, -0.0, 0.023954424573350914, -0.0, -0.0, -0.0, -0.0, 0.004853875970295928, 0.002946598898926316, -0.0, -0.00017803260482038435, 0.0, 0.0, -0.0, 0.27626189629036324, 0.017179526218022052, 0.007344058689886419, -0.06258185761554942, -0.08268524921513001, -0.0, 0.07165381095219742, -0.0, 0.3348862733733266, 0.0015197767288302603, 0.011817125862619706, -0.008106719730306845, -0.0, -0.0, -0.0, -0.06102928454209847, -0.002936690411928771, 0.0037325249145255617, -0.011406420463949761, -0.0, -0.0, -0.0, 0.035596535260333184, -0.11351152551480784, -0.0]",-1.0379683952352932,"['num__satisfaction_employee_environnement', 'num__note_evaluation_precedente', 'num__niveau_hierarchique_poste', 'num__satisfaction_employee_nature_travail', 'num__satisfaction_employee_equipe', 'num__satisfaction_employee_equilibre_pro_perso', 'num__note_evaluation_actuelle', 'num__heures_supplementaires', 'num__id_employee', 'num__age', 'num__genre', 'num__revenu_mensuel', 'num__nombre_experiences_precedentes', 'num__annee_experience_totale', 'num__annees_dans_l_entreprise', 'num__annees_dans_le_poste_actuel', 'num__nombre_participation_pee', 'num__nb_formations_suivies', 'num__nombre_employee_sous_responsabilite', 'num__distance_domicile_travail', 'num__niveau_education', 'num__annees_depuis_la_derniere_promotion', 'num__annes_sous_responsable_actuel', 'num__improvement_evaluation', 'num__total_satisfaction', 'num__work_mobility', 'cat__augementation_salaire_precedente_11 %', 'cat__augementation_salaire_precedente_12 %', 'cat__augementation_salaire_precedente_13 %', 'cat__augementation_salaire_precedente_14 %', 'cat__augementation_salaire_precedente_15 %', 'cat__augementation_salaire_precedente_16 %', 'cat__augementation_salaire_precedente_17 %', 'cat__augementation_salaire_precedente_18 %', 'cat__augementation_salaire_precedente_19 %', 'cat__augementation_salaire_precedente_20 %', 'cat__augementation_salaire_precedente_21 %', 'cat__augementation_salaire_precedente_22 %', 'cat__augementation_salaire_precedente_23 %', 'cat__augementation_salaire_precedente_24 %', 'cat__augementation_salaire_precedente_25 %', 'cat__statut_marital_Célibataire', 'cat__statut_marital_Divorcé(e)', 'cat__statut_marital_Marié(e)', 'cat__departement_Commercial', 'cat__departement_Consulting', 'cat__departement_Ressources Humaines', 'cat__poste_Assistant de Direction', 'cat__poste_Cadre Commercial', 'cat__poste_Consultant', 'cat__poste_Directeur Technique', 'cat__poste_Manager', 'cat__poste_Représentant Commercial', 'cat__poste_Ressources Humaines', 'cat__poste_Senior Manager', 'cat__poste_Tech Lead', 'cat__domaine_etude_Autre', 'cat__domaine_etude_Entrepreunariat', 'cat__domaine_etude_Infra & Cloud', 'cat__domaine_etude_Marketing', 'cat__domaine_etude_Ressources Humaines', 'cat__domaine_etude_Transformation Digitale', 'cat__ayant_enfants_Y', 'cat__frequence_deplacement_Aucun', 'cat__frequence_deplacement_Frequent', 'cat__frequence_deplacement_Occasionnel']",2025-12-10 15:11:16.330508+00:00
150,17937,"[-0.11799551889381826, 0.2804048740536949, 0.0029916518820057563, 0.21595123647302497, -0.2810706301921942, -0.019036080566459973, -0.1829824029236773, -0.4543563582277338, 0.6817026890073832, -0.3717414334787367, 0.10138183817461895, 0.04719196195498631, -0.2531092329279686, 0.12258578878830305, -0.05368415963894347, 0.0, -0.0452064027265629, -0.009147847749797194, 0.0, -0.013788296520121607, -0.0, -0.13742103671403652, -0.17743712983937163, 0.05897050375586737, -0.012654495363943792, -0.09669935276953433, -0.00686203179120519, -0.0, -0.0, 0.023954424573350914, -0.0, -0.0, -0.0, -0.0, 0.004853875970295928, 0.002946598898926316, -0.0, -0.00017803260482038435, 0.0, 0.0, -0.0, -0.10743518189069683, 0.017179526218022052, -0.008281598097105963, -0.06258185761554942, -0.08268524921513001, -0.0, -0.254045329739609, -0.0, -0.08902040178278302, 0.0015197767288302603, 0.011817125862619706, -0.008106719730306845, -0.0, -0.0, -0.0, 0.0018875036456319117, -0.002936690411928771, -0.005371194389195322, -0.011406420463949761, -0.0, -0.0, -0.0, 0.035596535260333184, -0.11351152551480784, -0.0]",-1.0379683952352932,"['num__satisfaction_employee_environnement', 'num__note_evaluation_precedente', 'num__niveau_hierarchique_poste', 'num__satisfaction_employee_nature_travail', 'num__satisfaction_employee_equipe', 'num__satisfaction_employee_equilibre_pro_perso', 'num__note_evaluation_actuelle', 'num__heures_supplementaires', 'num__id_employee', 'num__age', 'num__genre', 'num__revenu_mensuel', 'num__nombre_experiences_precedentes', 'num__annee_experience_totale', 'num__annees_dans_l_entreprise', 'num__annees_dans_le_poste_actuel', 'num__nombre_participation_pee', 'num__nb_formations_suivies', 'num__nombre_employee_sous_responsabilite', 'num__distance_domicile_travail', 'num__niveau_education', 'num__annees_depuis_la_derniere_promotion', 'num__annes_sous_responsable_actuel', 'num__improvement_evaluation', 'num__total_satisfaction', 'num__work_mobility', 'cat__augementation_salaire_precedente_11 %', 'cat__augementation_salaire_precedente_12 %', 'cat__augementation_salaire_precedente_13 %', 'cat__augementation_salaire_precedente_14 %', 'cat__augementation_salaire_precedente_15 %', 'cat__augementation_salaire_precedente_16 %', 'cat__augementation_salaire_precedente_17 %', 'cat__augementation_salaire_precedente_18 %', 'cat__augementation_salaire_precedente_19 %', 'cat__augementation_salaire_precedente_20 %', 'cat__augementation_salaire_precedente_21 %', 'cat__augementation_salaire_precedente_22 %', 'cat__augementation_salaire_precedente_23 %', 'cat__augementation_salaire_precedente_24 %', 'cat__augementation_salaire_precedente_25 %', 'cat__statut_marital_Célibataire', 'cat__statut_marital_Divorcé(e)', 'cat__statut_marital_Marié(e)', 'cat__departement_Commercial', 'cat__departement_Consulting', 'cat__departement_Ressources Humaines', 'cat__poste_Assistant de Direction', 'cat__poste_Cadre Commercial', 'cat__poste_Consultant', 'cat__poste_Directeur Technique', 'cat__poste_Manager', 'cat__poste_Représentant Commercial', 'cat__poste_Ressources Humaines', 'cat__poste_Senior Manager', 'cat__poste_Tech Lead', 'cat__domaine_etude_Autre', 'cat__domaine_etude_Entrepreunariat', 'cat__domaine_etude_Infra & Cloud', 'cat__domaine_etude_Marketing', 'cat__domaine_etude_Ressources Humaines', 'cat__domaine_etude_Transformation Digitale', 'cat__ayant_enfants_Y', 'cat__frequence_deplacement_Aucun', 'cat__frequence_deplacement_Frequent', 'cat__frequence_deplacement_Occasionnel']",2025-12-10 15:11:16.301575+00:00
149,17936,"[0.20976981136678796, -0.10371139177328444, 0.0029916518820057563, -0.3449610660543126, 0.31274056035469494, 0.3270744751873578, 0.034853791033081394, 1.0601648358647122, 0.6816691835179007, -0.113587660229614, -0.11432420049478308, 0.016488226266109934, 0.854243661131894, 0.22306594353281373, 0.028590414520356867, -0.0, 0.27769647389174396, 0.3829027700986546, 0.0, -0.19939998044483537, -0.0, -0.26706352418010876, -0.027701155291378683, -0.016151157079632463, 0.09883885586023057, -0.06874318851681709, -0.00686203179120519, -0.0, -0.0, 0.023954424573350914, -0.0, -0.0, -0.0, -0.0, 0.004853875970295928, 0.002946598898926316, -0.0, -0.00017803260482038435, 0.0, 0.0, -0.0, 0.27626189629036324, 0.017179526218022052, 0.007344058689886419, 0.19817588244923984, 0.24805574764539004, -0.0, 0.07165381095219742, 0.0, -0.08902040178278302, 0.0015197767288302603, 0.011817125862619706, -0.008106719730306845, -0.0, -0.0, -0.0, 0.0018875036456319117, -0.002936690411928771, -0.005371194389195322, -0.011406420463949761, -0.0, -0.0, -0.0, 0.035596535260333184, -0.11351152551480784, -0.0]",-1.0379683952352932,"['num__satisfaction_employee_environnement', 'num__note_evaluation_precedente', 'num__niveau_hierarchique_poste', 'num__satisfaction_employee_nature_travail', 'num__satisfaction_employee_equipe', 'num__satisfaction_employee_equilibre_pro_perso', 'num__note_evaluation_actuelle', 'num__heures_supplementaires', 'num__id_employee', 'num__age', 'num__genre', 'num__revenu_mensuel', 'num__nombre_experiences_precedentes', 'num__annee_experience_totale', 'num__annees_dans_l_entreprise', 'num__annees_dans_le_poste_actuel', 'num__nombre_participation_pee', 'num__nb_formations_suivies', 'num__nombre_employee_sous_responsabilite', 'num__distance_domicile_travail', 'num__niveau_education', 'num__annees_depuis_la_derniere_promotion', 'num__annes_sous_responsable_actuel', 'num__improvement_evaluation', 'num__total_satisfaction', 'num__work_mobility', 'cat__augementation_salaire_precedente_11 %', 'cat__augementation_salaire_precedente_12 %', 'cat__augementation_salaire_precedente_13 %', 'cat__augementation_salaire_precedente_14 %', 'cat__augementation_salaire_precedente_15 %', 'cat__augementation_salaire_precedente_16 %', 'cat__augementation_salaire_precedente_17 %', 'cat__augementation_salaire_precedente_18 %', 'cat__augementation_salaire_precedente_19 %', 'cat__augementation_salaire_precedente_20 %', 'cat__augementation_salaire_precedente_21 %', 'cat__augementation_salaire_precedente_22 %', 'cat__augementation_salaire_precedente_23 %', 'cat__augementation_salaire_precedente_24 %', 'cat__augementation_salaire_precedente_25 %', 'cat__statut_marital_Célibataire', 'cat__statut_marital_Divorcé(e)', 'cat__statut_marital_Marié(e)', 'cat__departement_Commercial', 'cat__departement_Consulting', 'cat__departement_Ressources Humaines', 'cat__poste_Assistant de Direction', 'cat__poste_Cadre Commercial', 'cat__poste_Consultant', 'cat__poste_Directeur Technique', 'cat__poste_Manager', 'cat__poste_Représentant Commercial', 'cat__poste_Ressources Humaines', 'cat__poste_Senior Manager', 'cat__poste_Tech Lead', 'cat__domaine_etude_Autre', 'cat__domaine_etude_Entrepreunariat', 'cat__domaine_etude_Infra & Cloud', 'cat__domaine_etude_Marketing', 'cat__domaine_etude_Ressources Humaines', 'cat__domaine_etude_Transformation Digitale', 'cat__ayant_enfants_Y', 'cat__frequence_deplacement_Aucun', 'cat__frequence_deplacement_Frequent', 'cat__frequence_deplacement_Occasionnel']",2025-12-10 15:11:16.270440+00:00
148,17935,"[-0.44576084915442454, -0.10371139177328444, 0.030188487172967134, -0.0645049147906438, -0.08313356667656446, -0.019036080566459973, 0.034853791033081394, 1.0601648358647122, 0.6817696999863478, 0.14456611301950875, -0.11432420049478308, 0.12621049841500306, -0.2531092329279686, 0.22306594353281373, -0.012546872559293305, 0.0, 0.27769647389174396, -0.009147847749797194, 0.0, -0.14636807075206001, 0.0, 0.12186393821810786, 0.34663878107860374, -0.016151157079632463, -0.029378498047569944, -0.24346921509629996, -0.00686203179120519, -0.0, -0.0, 0.023954424573350914, -0.0, -0.0, -0.0, -0.0, 0.004853875970295928, 0.002946598898926316, -0.0, -0.00017803260482038435, 0.0, 0.0, -0.0, -0.10743518189069683, 0.017179526218022052, -0.008281598097105963, -0.06258185761554942, -0.08268524921513001, -0.0, -0.254045329739609, -0.0, -0.08902040178278302, 0.0015197767288302603, 0.011817125862619706, -0.008106719730306845, -0.0, -0.0, -0.0, 0.0018875036456319117, -0.002936690411928771, -0.005371194389195322, -0.011406420463949761, -0.0, -0.0, -0.0, 0.035596535260333184, -0.11351152551480784, -0.0]",-1.0379683952352932,"['num__satisfaction_employee_environnement', 'num__note_evaluation_precedente', 'num__niveau_hierarchique_poste', 'num__satisfaction_employee_nature_travail', 'num__satisfaction_employee_equipe', 'num__satisfaction_employee_equilibre_pro_perso', 'num__note_evaluation_actuelle', 'num__heures_supplementaires', 'num__id_employee', 'num__age', 'num__genre', 'num__revenu_mensuel', 'num__nombre_experiences_precedentes', 'num__annee_experience_totale', 'num__annees_dans_l_entreprise', 'num__annees_dans_le_poste_actuel', 'num__nombre_participation_pee', 'num__nb_formations_suivies', 'num__nombre_employee_sous_responsabilite', 'num__distance_domicile_travail', 'num__niveau_education', 'num__annees_depuis_la_derniere_promotion', 'num__annes_sous_responsable_actuel', 'num__improvement_evaluation', 'num__total_satisfaction', 'num__work_mobility', 'cat__augementation_salaire_precedente_11 %', 'cat__augementation_salaire_precedente_12 %', 'cat__augementation_salaire_precedente_13 %', 'cat__augementation_salaire_precedente_14 %', 'cat__augementation_salaire_precedente_15 %', 'cat__augementation_salaire_precedente_16 %', 'cat__augementation_salaire_precedente_17 %', 'cat__augementation_salaire_precedente_18 %', 'cat__augementation_salaire_precedente_19 %', 'cat__augementation_salaire_precedente_20 %', 'cat__augementation_salaire_precedente_21 %', 'cat__augementation_salaire_precedente_22 %', 'cat__augementation_salaire_precedente_23 %', 'cat__augementation_salaire_precedente_24 %', 'cat__augementation_salaire_precedente_25 %', 'cat__statut_marital_Célibataire', 'cat__statut_marital_Divorcé(e)', 'cat__statut_marital_Marié(e)', 'cat__departement_Commercial', 'cat__departement_Consulting', 'cat__departement_Ressources Humaines', 'cat__poste_Assistant de Direction', 'cat__poste_Cadre Commercial', 'cat__poste_Consultant', 'cat__poste_Directeur Technique', 'cat__poste_Manager', 'cat__poste_Représentant Commercial', 'cat__poste_Ressources Humaines', 'cat__poste_Senior Manager', 'cat__poste_Tech Lead', 'cat__domaine_etude_Autre', 'cat__domaine_etude_Entrepreunariat', 'cat__domaine_etude_Infra & Cloud', 'cat__domaine_etude_Marketing', 'cat__domaine_etude_Ressources Humaines', 'cat__domaine_etude_Transformation Digitale', 'cat__ayant_enfants_Y', 'cat__frequence_deplacement_Aucun', 'cat__frequence_deplacement_Frequent', 'cat__frequence_deplacement_Occasionnel']",2025-12-10 15:11:15.275900+00:00
147,17934,"[-0.44576084915442454, 0.2804048740536949, 0.030188487172967134, -0.0645049147906438, 0.11480349683906524, -0.019036080566459973, 0.034853791033081394, 1.0601648358647122, 0.6817361944968654, 0.015489226394947365, 0.10138183817461895, 0.15534880609656707, 0.5378571199719331, 0.27330602090506906, 0.15200227575930736, -0.0, 0.27769647389174396, -0.009147847749797194, 0.0, -0.17288402559844768, -0.0, -0.26706352418010876, 0.34663878107860374, 0.02140967333811745, 0.020793510003308518, 0.49038009653752795, -0.00686203179120519, -0.0, -0.0, 0.023954424573350914, -0.0, -0.0, -0.0, -0.0, 0.004853875970295928, 0.002946598898926316, -0.0, -0.00017803260482038435, 0.0, 0.0, -0.0, 0.27626189629036324, 0.017179526218022052, 0.007344058689886419, -0.06258185761554942, -0.08268524921513001, -0.0, 0.07165381095219742, -0.0, 0.3348862733733266, 0.0015197767288302603, 0.011817125862619706, -0.008106719730306845, -0.0, -0.0, -0.0, -0.06102928454209847, -0.002936690411928771, 0.0037325249145255617, -0.011406420463949761, -0.0, -0.0, -0.0, 0.035596535260333184, -0.11351152551480784, -0.0]",-1.0379683952352932,"['num__satisfaction_employee_environnement', 'num__note_evaluation_precedente', 'num__niveau_hierarchique_poste', 'num__satisfaction_employee_nature_travail', 'num__satisfaction_employee_equipe', 'num__satisfaction_employee_equilibre_pro_perso', 'num__note_evaluation_actuelle', 'num__heures_supplementaires', 'num__id_employee', 'num__age', 'num__genre', 'num__revenu_mensuel', 'num__nombre_experiences_precedentes', 'num__annee_experience_totale', 'num__annees_dans_l_entreprise', 'num__annees_dans_le_poste_actuel', 'num__nombre_participation_pee', 'num__nb_formations_suivies', 'num__nombre_employee_sous_responsabilite', 'num__distance_domicile_travail', 'num__niveau_education', 'num__annees_depuis_la_derniere_promotion', 'num__annes_sous_responsable_actuel', 'num__improvement_evaluation', 'num__total_satisfaction', 'num__work_mobility', 'cat__augementation_salaire_precedente_11 %', 'cat__augementation_salaire_precedente_12 %', 'cat__augementation_salaire_precedente_13 %', 'cat__augementation_salaire_precedente_14 %', 'cat__augementation_salaire_precedente_15 %', 'cat__augementation_salaire_precedente_16 %', 'cat__augementation_salaire_precedente_17 %', 'cat__augementation_salaire_precedente_18 %', 'cat__augementation_salaire_precedente_19 %', 'cat__augementation_salaire_precedente_20 %', 'cat__augementation_salaire_precedente_21 %', 'cat__augementation_salaire_precedente_22 %', 'cat__augementation_salaire_precedente_23 %', 'cat__augementation_salaire_precedente_24 %', 'cat__augementation_salaire_precedente_25 %', 'cat__statut_marital_Célibataire', 'cat__statut_marital_Divorcé(e)', 'cat__statut_marital_Marié(e)', 'cat__departement_Commercial', 'cat__departement_Consulting', 'cat__departement_Ressources Humaines', 'cat__poste_Assistant de Direction', 'cat__poste_Cadre Commercial', 'cat__poste_Consultant', 'cat__poste_Directeur Technique', 'cat__poste_Manager', 'cat__poste_Représentant Commercial', 'cat__poste_Ressources Humaines', 'cat__poste_Senior Manager', 'cat__poste_Tech Lead', 'cat__domaine_etude_Autre', 'cat__domaine_etude_Entrepreunariat', 'cat__domaine_etude_Infra & Cloud', 'cat__domaine_etude_Marketing', 'cat__domaine_etude_Ressources Humaines', 'cat__domaine_etude_Transformation Digitale', 'cat__ayant_enfants_Y', 'cat__frequence_deplacement_Aucun', 'cat__frequence_deplacement_Frequent', 'cat__frequence_deplacement_Occasionnel']",2025-12-10 15:11:15.227898+00:00
146,17933,"[-0.11799551889381826, 0.2804048740536949, 0.0029916518820057563, 0.21595123647302497, -0.2810706301921942, -0.019036080566459973, -0.1829824029236773, -0.4543563582277338, 0.6817026890073832, -0.3717414334787367, 0.10138183817461895, 0.04719196195498631, -0.2531092329279686, 0.12258578878830305, -0.05368415963894347, 0.0, -0.0452064027265629, -0.009147847749797194, 0.0, -0.013788296520121607, -0.0, -0.13742103671403652, -0.17743712983937163, 0.05897050375586737, -0.012654495363943792, -0.09669935276953433, -0.00686203179120519, -0.0, -0.0, 0.023954424573350914, -0.0, -0.0, -0.0, -0.0, 0.004853875970295928, 0.002946598898926316, -0.0, -0.00017803260482038435, 0.0, 0.0, -0.0, -0.10743518189069683, 0.017179526218022052, -0.008281598097105963, -0.06258185761554942, -0.08268524921513001, -0.0, -0.254045329739609, -0.0, -0.08902040178278302, 0.0015197767288302603, 0.011817125862619706, -0.008106719730306845, -0.0, -0.0, -0.0, 0.0018875036456319117, -0.002936690411928771, -0.005371194389195322, -0.011406420463949761, -0.0, -0.0, -0.0, 0.035596535260333184, -0.11351152551480784, -0.0]",-1.0379683952352932,"['num__satisfaction_employee_environnement', 'num__note_evaluation_precedente', 'num__niveau_hierarchique_poste', 'num__satisfaction_employee_nature_travail', 'num__satisfaction_employee_equipe', 'num__satisfaction_employee_equilibre_pro_perso', 'num__note_evaluation_actuelle', 'num__heures_supplementaires', 'num__id_employee', 'num__age', 'num__genre', 'num__revenu_mensuel', 'num__nombre_experiences_precedentes', 'num__annee_experience_totale', 'num__annees_dans_l_entreprise', 'num__annees_dans_le_poste_actuel', 'num__nombre_participation_pee', 'num__nb_formations_suivies', 'num__nombre_employee_sous_responsabilite', 'num__distance_domicile_travail', 'num__niveau_education', 'num__annees_depuis_la_derniere_promotion', 'num__annes_sous_responsable_actuel', 'num__improvement_evaluation', 'num__total_satisfaction', 'num__work_mobility', 'cat__augementation_salaire_precedente_11 %', 'cat__augementation_salaire_precedente_12 %', 'cat__augementation_salaire_precedente_13 %', 'cat__augementation_salaire_precedente_14 %', 'cat__augementation_salaire_precedente_15 %', 'cat__augementation_salaire_precedente_16 %', 'cat__augementation_salaire_precedente_17 %', 'cat__augementation_salaire_precedente_18 %', 'cat__augementation_salaire_precedente_19 %', 'cat__augementation_salaire_precedente_20 %', 'cat__augementation_salaire_precedente_21 %', 'cat__augementation_salaire_precedente_22 %', 'cat__augementation_salaire_precedente_23 %', 'cat__augementation_salaire_precedente_24 %', 'cat__augementation_salaire_precedente_25 %', 'cat__statut_marital_Célibataire', 'cat__statut_marital_Divorcé(e)', 'cat__statut_marital_Marié(e)', 'cat__departement_Commercial', 'cat__departement_Consulting', 'cat__departement_Ressources Humaines', 'cat__poste_Assistant de Direction', 'cat__poste_Cadre Commercial', 'cat__poste_Consultant', 'cat__poste_Directeur Technique', 'cat__poste_Manager', 'cat__poste_Représentant Commercial', 'cat__poste_Ressources Humaines', 'cat__poste_Senior Manager', 'cat__poste_Tech Lead', 'cat__domaine_etude_Autre', 'cat__domaine_etude_Entrepreunariat', 'cat__domaine_etude_Infra & Cloud', 'cat__domaine_etude_Marketing', 'cat__domaine_etude_Ressources Humaines', 'cat__domaine_etude_Transformation Digitale', 'cat__ayant_enfants_Y', 'cat__frequence_deplacement_Aucun', 'cat__frequence_deplacement_Frequent', 'cat__frequence_deplacement_Occasionnel']",2025-12-10 15:11:15.185315+00:00
145,17932,"[0.20976981136678796, -0.10371139177328444, 0.0029916518820057563, -0.3449610660543126, 0.31274056035469494, 0.3270744751873578, 0.034853791033081394, 1.0601648358647122, 0.6816691835179007, -0.113587660229614, -0.11432420049478308, 0.016488226266109934, 0.854243661131894, 0.22306594353281373, 0.028590414520356867, -0.0, 0.27769647389174396, 0.3829027700986546, 0.0, -0.19939998044483537, -0.0, -0.26706352418010876, -0.027701155291378683, -0.016151157079632463, 0.09883885586023057, -0.06874318851681709, -0.00686203179120519, -0.0, -0.0, 0.023954424573350914, -0.0, -0.0, -0.0, -0.0, 0.004853875970295928, 0.002946598898926316, -0.0, -0.00017803260482038435, 0.0, 0.0, -0.0, 0.27626189629036324, 0.017179526218022052, 0.007344058689886419, 0.19817588244923984, 0.24805574764539004, -0.0, 0.07165381095219742, 0.0, -0.08902040178278302, 0.0015197767288302603, 0.011817125862619706, -0.008106719730306845, -0.0, -0.0, -0.0, 0.0018875036456319117, -0.002936690411928771, -0.005371194389195322, -0.011406420463949761, -0.0, -0.0, -0.0, 0.035596535260333184, -0.11351152551480784, -0.0]",-1.0379683952352932,"['num__satisfaction_employee_environnement', 'num__note_evaluation_precedente', 'num__niveau_hierarchique_poste', 'num__satisfaction_employee_nature_travail', 'num__satisfaction_employee_equipe', 'num__satisfaction_employee_equilibre_pro_perso', 'num__note_evaluation_actuelle', 'num__heures_supplementaires', 'num__id_employee', 'num__age', 'num__genre', 'num__revenu_mensuel', 'num__nombre_experiences_precedentes', 'num__annee_experience_totale', 'num__annees_dans_l_entreprise', 'num__annees_dans_le_poste_actuel', 'num__nombre_participation_pee', 'num__nb_formations_suivies', 'num__nombre_employee_sous_responsabilite', 'num__distance_domicile_travail', 'num__niveau_education', 'num__annees_depuis_la_derniere_promotion', 'num__annes_sous_responsable_actuel', 'num__improvement_evaluation', 'num__total_satisfaction', 'num__work_mobility', 'cat__augementation_salaire_precedente_11 %', 'cat__augementation_salaire_precedente_12 %', 'cat__augementation_salaire_precedente_13 %', 'cat__augementation_salaire_precedente_14 %', 'cat__augementation_salaire_precedente_15 %', 'cat__augementation_salaire_precedente_16 %', 'cat__augementation_salaire_precedente_17 %', 'cat__augementation_salaire_precedente_18 %', 'cat__augementation_salaire_precedente_19 %', 'cat__augementation_salaire_precedente_20 %', 'cat__augementation_salaire_precedente_21 %', 'cat__augementation_salaire_precedente_22 %', 'cat__augementation_salaire_precedente_23 %', 'cat__augementation_salaire_precedente_24 %', 'cat__augementation_salaire_precedente_25 %', 'cat__statut_marital_Célibataire', 'cat__statut_marital_Divorcé(e)', 'cat__statut_marital_Marié(e)', 'cat__departement_Commercial', 'cat__departement_Consulting', 'cat__departement_Ressources Humaines', 'cat__poste_Assistant de Direction', 'cat__poste_Cadre Commercial', 'cat__poste_Consultant', 'cat__poste_Directeur Technique', 'cat__poste_Manager', 'cat__poste_Représentant Commercial', 'cat__poste_Ressources Humaines', 'cat__poste_Senior Manager', 'cat__poste_Tech Lead', 'cat__domaine_etude_Autre', 'cat__domaine_etude_Entrepreunariat', 'cat__domaine_etude_Infra & Cloud', 'cat__domaine_etude_Marketing', 'cat__domaine_etude_Ressources Humaines', 'cat__domaine_etude_Transformation Digitale', 'cat__ayant_enfants_Y', 'cat__frequence_deplacement_Aucun', 'cat__frequence_deplacement_Frequent', 'cat__frequence_deplacement_Occasionnel']",2025-12-10 15:11:15.115766+00:00
144,17927,"[-0.44576084915442454, -0.10371139177328444, 0.030188487172967134, -0.0645049147906438, -0.08313356667656446, -0.019036080566459973, 0.034853791033081394, 1.0601648358647122, 0.6817696999863478, 0.14456611301950875, -0.11432420049478308, 0.12621049841500306, -0.2531092329279686, 0.22306594353281373, -0.012546872559293305, 0.0, 0.27769647389174396, -0.009147847749797194, 0.0, -0.14636807075206001, 0.0, 0.12186393821810786, 0.34663878107860374, -0.016151157079632463, -0.029378498047569944, -0.24346921509629996, -0.00686203179120519, -0.0, -0.0, 0.023954424573350914, -0.0, -0.0, -0.0, -0.0, 0.004853875970295928, 0.002946598898926316, -0.0, -0.00017803260482038435, 0.0, 0.0, -0.0, -0.10743518189069683, 0.017179526218022052, -0.008281598097105963, -0.06258185761554942, -0.08268524921513001, -0.0, -0.254045329739609, -0.0, -0.08902040178278302, 0.0015197767288302603, 0.011817125862619706, -0.008106719730306845, -0.0, -0.0, -0.0, 0.0018875036456319117, -0.002936690411928771, -0.005371194389195322, -0.011406420463949761, -0.0, -0.0, -0.0, 0.035596535260333184, -0.11351152551480784, -0.0]",-1.0379683952352932,"['num__satisfaction_employee_environnement', 'num__note_evaluation_precedente', 'num__niveau_hierarchique_poste', 'num__satisfaction_employee_nature_travail', 'num__satisfaction_employee_equipe', 'num__satisfaction_employee_equilibre_pro_perso', 'num__note_evaluation_actuelle', 'num__heures_supplementaires', 'num__id_employee', 'num__age', 'num__genre', 'num__revenu_mensuel', 'num__nombre_experiences_precedentes', 'num__annee_experience_totale', 'num__annees_dans_l_entreprise', 'num__annees_dans_le_poste_actuel', 'num__nombre_participation_pee', 'num__nb_formations_suivies', 'num__nombre_employee_sous_responsabilite', 'num__distance_domicile_travail', 'num__niveau_education', 'num__annees_depuis_la_derniere_promotion', 'num__annes_sous_responsable_actuel', 'num__improvement_evaluation', 'num__total_satisfaction', 'num__work_mobility', 'cat__augementation_salaire_precedente_11 %', 'cat__augementation_salaire_precedente_12 %', 'cat__augementation_salaire_precedente_13 %', 'cat__augementation_salaire_precedente_14 %', 'cat__augementation_salaire_precedente_15 %', 'cat__augementation_salaire_precedente_16 %', 'cat__augementation_salaire_precedente_17 %', 'cat__augementation_salaire_precedente_18 %', 'cat__augementation_salaire_precedente_19 %', 'cat__augementation_salaire_precedente_20 %', 'cat__augementation_salaire_precedente_21 %', 'cat__augementation_salaire_precedente_22 %', 'cat__augementation_salaire_precedente_23 %', 'cat__augementation_salaire_precedente_24 %', 'cat__augementation_salaire_precedente_25 %', 'cat__statut_marital_Célibataire', 'cat__statut_marital_Divorcé(e)', 'cat__statut_marital_Marié(e)', 'cat__departement_Commercial', 'cat__departement_Consulting', 'cat__departement_Ressources Humaines', 'cat__poste_Assistant de Direction', 'cat__poste_Cadre Commercial', 'cat__poste_Consultant', 'cat__poste_Directeur Technique', 'cat__poste_Manager', 'cat__poste_Représentant Commercial', 'cat__poste_Ressources Humaines', 'cat__poste_Senior Manager', 'cat__poste_Tech Lead', 'cat__domaine_etude_Autre', 'cat__domaine_etude_Entrepreunariat', 'cat__domaine_etude_Infra & Cloud', 'cat__domaine_etude_Marketing', 'cat__domaine_etude_Ressources Humaines', 'cat__domaine_etude_Transformation Digitale', 'cat__ayant_enfants_Y', 'cat__frequence_deplacement_Aucun', 'cat__frequence_deplacement_Frequent', 'cat__frequence_deplacement_Occasionnel']",2025-12-10 14:22:34.608642+00:00
143,17926,"[-0.44576084915442454, 0.2804048740536949, 0.030188487172967134, -0.0645049147906438, 0.11480349683906524, -0.019036080566459973, 0.034853791033081394, 1.0601648358647122, 0.6817361944968654, 0.015489226394947365, 0.10138183817461895, 0.15534880609656707, 0.5378571199719331, 0.27330602090506906, 0.15200227575930736, -0.0, 0.27769647389174396, -0.009147847749797194, 0.0, -0.17288402559844768, -0.0, -0.26706352418010876, 0.34663878107860374, 0.02140967333811745, 0.020793510003308518, 0.49038009653752795, -0.00686203179120519, -0.0, -0.0, 0.023954424573350914, -0.0, -0.0, -0.0, -0.0, 0.004853875970295928, 0.002946598898926316, -0.0, -0.00017803260482038435, 0.0, 0.0, -0.0, 0.27626189629036324, 0.017179526218022052, 0.007344058689886419, -0.06258185761554942, -0.08268524921513001, -0.0, 0.07165381095219742, -0.0, 0.3348862733733266, 0.0015197767288302603, 0.011817125862619706, -0.008106719730306845, -0.0, -0.0, -0.0, -0.06102928454209847, -0.002936690411928771, 0.0037325249145255617, -0.011406420463949761, -0.0, -0.0, -0.0, 0.035596535260333184, -0.11351152551480784, -0.0]",-1.0379683952352932,"['num__satisfaction_employee_environnement', 'num__note_evaluation_precedente', 'num__niveau_hierarchique_poste', 'num__satisfaction_employee_nature_travail', 'num__satisfaction_employee_equipe', 'num__satisfaction_employee_equilibre_pro_perso', 'num__note_evaluation_actuelle', 'num__heures_supplementaires', 'num__id_employee', 'num__age', 'num__genre', 'num__revenu_mensuel', 'num__nombre_experiences_precedentes', 'num__annee_experience_totale', 'num__annees_dans_l_entreprise', 'num__annees_dans_le_poste_actuel', 'num__nombre_participation_pee', 'num__nb_formations_suivies', 'num__nombre_employee_sous_responsabilite', 'num__distance_domicile_travail', 'num__niveau_education', 'num__annees_depuis_la_derniere_promotion', 'num__annes_sous_responsable_actuel', 'num__improvement_evaluation', 'num__total_satisfaction', 'num__work_mobility', 'cat__augementation_salaire_precedente_11 %', 'cat__augementation_salaire_precedente_12 %', 'cat__augementation_salaire_precedente_13 %', 'cat__augementation_salaire_precedente_14 %', 'cat__augementation_salaire_precedente_15 %', 'cat__augementation_salaire_precedente_16 %', 'cat__augementation_salaire_precedente_17 %', 'cat__augementation_salaire_precedente_18 %', 'cat__augementation_salaire_precedente_19 %', 'cat__augementation_salaire_precedente_20 %', 'cat__augementation_salaire_precedente_21 %', 'cat__augementation_salaire_precedente_22 %', 'cat__augementation_salaire_precedente_23 %', 'cat__augementation_salaire_precedente_24 %', 'cat__augementation_salaire_precedente_25 %', 'cat__statut_marital_Célibataire', 'cat__statut_marital_Divorcé(e)', 'cat__statut_marital_Marié(e)', 'cat__departement_Commercial', 'cat__departement_Consulting', 'cat__departement_Ressources Humaines', 'cat__poste_Assistant de Direction', 'cat__poste_Cadre Commercial', 'cat__poste_Consultant', 'cat__poste_Directeur Technique', 'cat__poste_Manager', 'cat__poste_Représentant Commercial', 'cat__poste_Ressources Humaines', 'cat__poste_Senior Manager', 'cat__poste_Tech Lead', 'cat__domaine_etude_Autre', 'cat__domaine_etude_Entrepreunariat', 'cat__domaine_etude_Infra & Cloud', 'cat__domaine_etude_Marketing', 'cat__domaine_etude_Ressources Humaines', 'cat__domaine_etude_Transformation Digitale', 'cat__ayant_enfants_Y', 'cat__frequence_deplacement_Aucun', 'cat__frequence_deplacement_Frequent', 'cat__frequence_deplacement_Occasionnel']",2025-12-10 14:22:34.571133+00:00
142,17925,"[-0.11799551889381826, 0.2804048740536949, 0.0029916518820057563, 0.21595123647302497, -0.2810706301921942, -0.019036080566459973, -0.1829824029236773, -0.4543563582277338, 0.6817026890073832, -0.3717414334787367, 0.10138183817461895, 0.04719196195498631, -0.2531092329279686, 0.12258578878830305, -0.05368415963894347, 0.0, -0.0452064027265629, -0.009147847749797194, 0.0, -0.013788296520121607, -0.0, -0.13742103671403652, -0.17743712983937163, 0.05897050375586737, -0.012654495363943792, -0.09669935276953433, -0.00686203179120519, -0.0, -0.0, 0.023954424573350914, -0.0, -0.0, -0.0, -0.0, 0.004853875970295928, 0.002946598898926316, -0.0, -0.00017803260482038435, 0.0, 0.0, -0.0, -0.10743518189069683, 0.017179526218022052, -0.008281598097105963, -0.06258185761554942, -0.08268524921513001, -0.0, -0.254045329739609, -0.0, -0.08902040178278302, 0.0015197767288302603, 0.011817125862619706, -0.008106719730306845, -0.0, -0.0, -0.0, 0.0018875036456319117, -0.002936690411928771, -0.005371194389195322, -0.011406420463949761, -0.0, -0.0, -0.0, 0.035596535260333184, -0.11351152551480784, -0.0]",-1.0379683952352932,"['num__satisfaction_employee_environnement', 'num__note_evaluation_precedente', 'num__niveau_hierarchique_poste', 'num__satisfaction_employee_nature_travail', 'num__satisfaction_employee_equipe', 'num__satisfaction_employee_equilibre_pro_perso', 'num__note_evaluation_actuelle', 'num__heures_supplementaires', 'num__id_employee', 'num__age', 'num__genre', 'num__revenu_mensuel', 'num__nombre_experiences_precedentes', 'num__annee_experience_totale', 'num__annees_dans_l_entreprise', 'num__annees_dans_le_poste_actuel', 'num__nombre_participation_pee', 'num__nb_formations_suivies', 'num__nombre_employee_sous_responsabilite', 'num__distance_domicile_travail', 'num__niveau_education', 'num__annees_depuis_la_derniere_promotion', 'num__annes_sous_responsable_actuel', 'num__improvement_evaluation', 'num__total_satisfaction', 'num__work_mobility', 'cat__augementation_salaire_precedente_11 %', 'cat__augementation_salaire_precedente_12 %', 'cat__augementation_salaire_precedente_13 %', 'cat__augementation_salaire_precedente_14 %', 'cat__augementation_salaire_precedente_15 %', 'cat__augementation_salaire_precedente_16 %', 'cat__augementation_salaire_precedente_17 %', 'cat__augementation_salaire_precedente_18 %', 'cat__augementation_salaire_precedente_19 %', 'cat__augementation_salaire_precedente_20 %', 'cat__augementation_salaire_precedente_21 %', 'cat__augementation_salaire_precedente_22 %', 'cat__augementation_salaire_precedente_23 %', 'cat__augementation_salaire_precedente_24 %', 'cat__augementation_salaire_precedente_25 %', 'cat__statut_marital_Célibataire', 'cat__statut_marital_Divorcé(e)', 'cat__statut_marital_Marié(e)', 'cat__departement_Commercial', 'cat__departement_Consulting', 'cat__departement_Ressources Humaines', 'cat__poste_Assistant de Direction', 'cat__poste_Cadre Commercial', 'cat__poste_Consultant', 'cat__poste_Directeur Technique', 'cat__poste_Manager', 'cat__poste_Représentant Commercial', 'cat__poste_Ressources Humaines', 'cat__poste_Senior Manager', 'cat__poste_Tech Lead', 'cat__domaine_etude_Autre', 'cat__domaine_etude_Entrepreunariat', 'cat__domaine_etude_Infra & Cloud', 'cat__domaine_etude_Marketing', 'cat__domaine_etude_Ressources Humaines', 'cat__domaine_etude_Transformation Digitale', 'cat__ayant_enfants_Y', 'cat__frequence_deplacement_Aucun', 'cat__frequence_deplacement_Frequent', 'cat__frequence_deplacement_Occasionnel']",2025-12-10 14:22:34.527602+00:00
141,17924,"[0.20976981136678796, -0.10371139177328444, 0.0029916518820057563, -0.3449610660543126, 0.31274056035469494, 0.3270744751873578, 0.034853791033081394, 1.0601648358647122, 0.6816691835179007, -0.113587660229614, -0.11432420049478308, 0.016488226266109934, 0.854243661131894, 0.22306594353281373, 0.028590414520356867, -0.0, 0.27769647389174396, 0.3829027700986546, 0.0, -0.19939998044483537, -0.0, -0.26706352418010876, -0.027701155291378683, -0.016151157079632463, 0.09883885586023057, -0.06874318851681709, -0.00686203179120519, -0.0, -0.0, 0.023954424573350914, -0.0, -0.0, -0.0, -0.0, 0.004853875970295928, 0.002946598898926316, -0.0, -0.00017803260482038435, 0.0, 0.0, -0.0, 0.27626189629036324, 0.017179526218022052, 0.007344058689886419, 0.19817588244923984, 0.24805574764539004, -0.0, 0.07165381095219742, 0.0, -0.08902040178278302, 0.0015197767288302603, 0.011817125862619706, -0.008106719730306845, -0.0, -0.0, -0.0, 0.0018875036456319117, -0.002936690411928771, -0.005371194389195322, -0.011406420463949761, -0.0, -0.0, -0.0, 0.035596535260333184, -0.11351152551480784, -0.0]",-1.0379683952352932,"['num__satisfaction_employee_environnement', 'num__note_evaluation_precedente', 'num__niveau_hierarchique_poste', 'num__satisfaction_employee_nature_travail', 'num__satisfaction_employee_equipe', 'num__satisfaction_employee_equilibre_pro_perso', 'num__note_evaluation_actuelle', 'num__heures_supplementaires', 'num__id_employee', 'num__age', 'num__genre', 'num__revenu_mensuel', 'num__nombre_experiences_precedentes', 'num__annee_experience_totale', 'num__annees_dans_l_entreprise', 'num__annees_dans_le_poste_actuel', 'num__nombre_participation_pee', 'num__nb_formations_suivies', 'num__nombre_employee_sous_responsabilite', 'num__distance_domicile_travail', 'num__niveau_education', 'num__annees_depuis_la_derniere_promotion', 'num__annes_sous_responsable_actuel', 'num__improvement_evaluation', 'num__total_satisfaction', 'num__work_mobility', 'cat__augementation_salaire_precedente_11 %', 'cat__augementation_salaire_precedente_12 %', 'cat__augementation_salaire_precedente_13 %', 'cat__augementation_salaire_precedente_14 %', 'cat__augementation_salaire_precedente_15 %', 'cat__augementation_salaire_precedente_16 %', 'cat__augementation_salaire_precedente_17 %', 'cat__augementation_salaire_precedente_18 %', 'cat__augementation_salaire_precedente_19 %', 'cat__augementation_salaire_precedente_20 %', 'cat__augementation_salaire_precedente_21 %', 'cat__augementation_salaire_precedente_22 %', 'cat__augementation_salaire_precedente_23 %', 'cat__augementation_salaire_precedente_24 %', 'cat__augementation_salaire_precedente_25 %', 'cat__statut_marital_Célibataire', 'cat__statut_marital_Divorcé(e)', 'cat__statut_marital_Marié(e)', 'cat__departement_Commercial', 'cat__departement_Consulting', 'cat__departement_Ressources Humaines', 'cat__poste_Assistant de Direction', 'cat__poste_Cadre Commercial', 'cat__poste_Consultant', 'cat__poste_Directeur Technique', 'cat__poste_Manager', 'cat__poste_Représentant Commercial', 'cat__poste_Ressources Humaines', 'cat__poste_Senior Manager', 'cat__poste_Tech Lead', 'cat__domaine_etude_Autre', 'cat__domaine_etude_Entrepreunariat', 'cat__domaine_etude_Infra & Cloud', 'cat__domaine_etude_Marketing', 'cat__domaine_etude_Ressources Humaines', 'cat__domaine_etude_Transformation Digitale', 'cat__ayant_enfants_Y', 'cat__frequence_deplacement_Aucun', 'cat__frequence_deplacement_Frequent', 'cat__frequence_deplacement_Occasionnel']",2025-12-10 14:22:34.488830+00:00
140,17923,"[-0.44576084915442454, -0.10371139177328444, 0.030188487172967134, -0.0645049147906438, -0.08313356667656446, -0.019036080566459973, 0.034853791033081394, 1.0601648358647122, 0.6817696999863478, 0.14456611301950875, -0.11432420049478308, 0.12621049841500306, -0.2531092329279686, 0.22306594353281373, -0.012546872559293305, 0.0, 0.27769647389174396, -0.009147847749797194, 0.0, -0.14636807075206001, 0.0, 0.12186393821810786, 0.34663878107860374, -0.016151157079632463, -0.029378498047569944, -0.24346921509629996, -0.00686203179120519, -0.0, -0.0, 0.023954424573350914, -0.0, -0.0, -0.0, -0.0, 0.004853875970295928, 0.002946598898926316, -0.0, -0.00017803260482038435, 0.0, 0.0, -0.0, -0.10743518189069683, 0.017179526218022052, -0.008281598097105963, -0.06258185761554942, -0.08268524921513001, -0.0, -0.254045329739609, -0.0, -0.08902040178278302, 0.0015197767288302603, 0.011817125862619706, -0.008106719730306845, -0.0, -0.0, -0.0, 0.0018875036456319117, -0.002936690411928771, -0.005371194389195322, -0.011406420463949761, -0.0, -0.0, -0.0, 0.035596535260333184, -0.11351152551480784, -0.0]",-1.0379683952352932,"['num__satisfaction_employee_environnement', 'num__note_evaluation_precedente', 'num__niveau_hierarchique_poste', 'num__satisfaction_employee_nature_travail', 'num__satisfaction_employee_equipe', 'num__satisfaction_employee_equilibre_pro_perso', 'num__note_evaluation_actuelle', 'num__heures_supplementaires', 'num__id_employee', 'num__age', 'num__genre', 'num__revenu_mensuel', 'num__nombre_experiences_precedentes', 'num__annee_experience_totale', 'num__annees_dans_l_entreprise', 'num__annees_dans_le_poste_actuel', 'num__nombre_participation_pee', 'num__nb_formations_suivies', 'num__nombre_employee_sous_responsabilite', 'num__distance_domicile_travail', 'num__niveau_education', 'num__annees_depuis_la_derniere_promotion', 'num__annes_sous_responsable_actuel', 'num__improvement_evaluation', 'num__total_satisfaction', 'num__work_mobility', 'cat__augementation_salaire_precedente_11 %', 'cat__augementation_salaire_precedente_12 %', 'cat__augementation_salaire_precedente_13 %', 'cat__augementation_salaire_precedente_14 %', 'cat__augementation_salaire_precedente_15 %', 'cat__augementation_salaire_precedente_16 %', 'cat__augementation_salaire_precedente_17 %', 'cat__augementation_salaire_precedente_18 %', 'cat__augementation_salaire_precedente_19 %', 'cat__augementation_salaire_precedente_20 %', 'cat__augementation_salaire_precedente_21 %', 'cat__augementation_salaire_precedente_22 %', 'cat__augementation_salaire_precedente_23 %', 'cat__augementation_salaire_precedente_24 %', 'cat__augementation_salaire_precedente_25 %', 'cat__statut_marital_Célibataire', 'cat__statut_marital_Divorcé(e)', 'cat__statut_marital_Marié(e)', 'cat__departement_Commercial', 'cat__departement_Consulting', 'cat__departement_Ressources Humaines', 'cat__poste_Assistant de Direction', 'cat__poste_Cadre Commercial', 'cat__poste_Consultant', 'cat__poste_Directeur Technique', 'cat__poste_Manager', 'cat__poste_Représentant Commercial', 'cat__poste_Ressources Humaines', 'cat__poste_Senior Manager', 'cat__poste_Tech Lead', 'cat__domaine_etude_Autre', 'cat__domaine_etude_Entrepreunariat', 'cat__domaine_etude_Infra & Cloud', 'cat__domaine_etude_Marketing', 'cat__domaine_etude_Ressources Humaines', 'cat__domaine_etude_Transformation Digitale', 'cat__ayant_enfants_Y', 'cat__frequence_deplacement_Aucun', 'cat__frequence_deplacement_Frequent', 'cat__frequence_deplacement_Occasionnel']",2025-12-10 14:22:33.045588+00:00
139,17922,"[-0.44576084915442454, 0.2804048740536949, 0.030188487172967134, -0.0645049147906438, 0.11480349683906524, -0.019036080566459973, 0.034853791033081394, 1.0601648358647122, 0.6817361944968654, 0.015489226394947365, 0.10138183817461895, 0.15534880609656707, 0.5378571199719331, 0.27330602090506906, 0.15200227575930736, -0.0, 0.27769647389174396, -0.009147847749797194, 0.0, -0.17288402559844768, -0.0, -0.26706352418010876, 0.34663878107860374, 0.02140967333811745, 0.020793510003308518, 0.49038009653752795, -0.00686203179120519, -0.0, -0.0, 0.023954424573350914, -0.0, -0.0, -0.0, -0.0, 0.004853875970295928, 0.002946598898926316, -0.0, -0.00017803260482038435, 0.0, 0.0, -0.0, 0.27626189629036324, 0.017179526218022052, 0.007344058689886419, -0.06258185761554942, -0.08268524921513001, -0.0, 0.07165381095219742, -0.0, 0.3348862733733266, 0.0015197767288302603, 0.011817125862619706, -0.008106719730306845, -0.0, -0.0, -0.0, -0.06102928454209847, -0.002936690411928771, 0.0037325249145255617, -0.011406420463949761, -0.0, -0.0, -0.0, 0.035596535260333184, -0.11351152551480784, -0.0]",-1.0379683952352932,"['num__satisfaction_employee_environnement', 'num__note_evaluation_precedente', 'num__niveau_hierarchique_poste', 'num__satisfaction_employee_nature_travail', 'num__satisfaction_employee_equipe', 'num__satisfaction_employee_equilibre_pro_perso', 'num__note_evaluation_actuelle', 'num__heures_supplementaires', 'num__id_employee', 'num__age', 'num__genre', 'num__revenu_mensuel', 'num__nombre_experiences_precedentes', 'num__annee_experience_totale', 'num__annees_dans_l_entreprise', 'num__annees_dans_le_poste_actuel', 'num__nombre_participation_pee', 'num__nb_formations_suivies', 'num__nombre_employee_sous_responsabilite', 'num__distance_domicile_travail', 'num__niveau_education', 'num__annees_depuis_la_derniere_promotion', 'num__annes_sous_responsable_actuel', 'num__improvement_evaluation', 'num__total_satisfaction', 'num__work_mobility', 'cat__augementation_salaire_precedente_11 %', 'cat__augementation_salaire_precedente_12 %', 'cat__augementation_salaire_precedente_13 %', 'cat__augementation_salaire_precedente_14 %', 'cat__augementation_salaire_precedente_15 %', 'cat__augementation_salaire_precedente_16 %', 'cat__augementation_salaire_precedente_17 %', 'cat__augementation_salaire_precedente_18 %', 'cat__augementation_salaire_precedente_19 %', 'cat__augementation_salaire_precedente_20 %', 'cat__augementation_salaire_precedente_21 %', 'cat__augementation_salaire_precedente_22 %', 'cat__augementation_salaire_precedente_23 %', 'cat__augementation_salaire_precedente_24 %', 'cat__augementation_salaire_precedente_25 %', 'cat__statut_marital_Célibataire', 'cat__statut_marital_Divorcé(e)', 'cat__statut_marital_Marié(e)', 'cat__departement_Commercial', 'cat__departement_Consulting', 'cat__departement_Ressources Humaines', 'cat__poste_Assistant de Direction', 'cat__poste_Cadre Commercial', 'cat__poste_Consultant', 'cat__poste_Directeur Technique', 'cat__poste_Manager', 'cat__poste_Représentant Commercial', 'cat__poste_Ressources Humaines', 'cat__poste_Senior Manager', 'cat__poste_Tech Lead', 'cat__domaine_etude_Autre', 'cat__domaine_etude_Entrepreunariat', 'cat__domaine_etude_Infra & Cloud', 'cat__domaine_etude_Marketing', 'cat__domaine_etude_Ressources Humaines', 'cat__domaine_etude_Transformation Digitale', 'cat__ayant_enfants_Y', 'cat__frequence_deplacement_Aucun', 'cat__frequence_deplacement_Frequent', 'cat__frequence_deplacement_Occasionnel']",2025-12-10 14:22:33.001783+00:00
138,17921,"[-0.11799551889381826, 0.2804048740536949, 0.0029916518820057563, 0.21595123647302497, -0.2810706301921942, -0.019036080566459973, -0.1829824029236773, -0.4543563582277338, 0.6817026890073832, -0.3717414334787367, 0.10138183817461895, 0.04719196195498631, -0.2531092329279686, 0.12258578878830305, -0.05368415963894347, 0.0, -0.0452064027265629, -0.009147847749797194, 0.0, -0.013788296520121607, -0.0, -0.13742103671403652, -0.17743712983937163, 0.05897050375586737, -0.012654495363943792, -0.09669935276953433, -0.00686203179120519, -0.0, -0.0, 0.023954424573350914, -0.0, -0.0, -0.0, -0.0, 0.004853875970295928, 0.002946598898926316, -0.0, -0.00017803260482038435, 0.0, 0.0, -0.0, -0.10743518189069683, 0.017179526218022052, -0.008281598097105963, -0.06258185761554942, -0.08268524921513001, -0.0, -0.254045329739609, -0.0, -0.08902040178278302, 0.0015197767288302603, 0.011817125862619706, -0.008106719730306845, -0.0, -0.0, -0.0, 0.0018875036456319117, -0.002936690411928771, -0.005371194389195322, -0.011406420463949761, -0.0, -0.0, -0.0, 0.035596535260333184, -0.11351152551480784, -0.0]",-1.0379683952352932,"['num__satisfaction_employee_environnement', 'num__note_evaluation_precedente', 'num__niveau_hierarchique_poste', 'num__satisfaction_employee_nature_travail', 'num__satisfaction_employee_equipe', 'num__satisfaction_employee_equilibre_pro_perso', 'num__note_evaluation_actuelle', 'num__heures_supplementaires', 'num__id_employee', 'num__age', 'num__genre', 'num__revenu_mensuel', 'num__nombre_experiences_precedentes', 'num__annee_experience_totale', 'num__annees_dans_l_entreprise', 'num__annees_dans_le_poste_actuel', 'num__nombre_participation_pee', 'num__nb_formations_suivies', 'num__nombre_employee_sous_responsabilite', 'num__distance_domicile_travail', 'num__niveau_education', 'num__annees_depuis_la_derniere_promotion', 'num__annes_sous_responsable_actuel', 'num__improvement_evaluation', 'num__total_satisfaction', 'num__work_mobility', 'cat__augementation_salaire_precedente_11 %', 'cat__augementation_salaire_precedente_12 %', 'cat__augementation_salaire_precedente_13 %', 'cat__augementation_salaire_precedente_14 %', 'cat__augementation_salaire_precedente_15 %', 'cat__augementation_salaire_precedente_16 %', 'cat__augementation_salaire_precedente_17 %', 'cat__augementation_salaire_precedente_18 %', 'cat__augementation_salaire_precedente_19 %', 'cat__augementation_salaire_precedente_20 %', 'cat__augementation_salaire_precedente_21 %', 'cat__augementation_salaire_precedente_22 %', 'cat__augementation_salaire_precedente_23 %', 'cat__augementation_salaire_precedente_24 %', 'cat__augementation_salaire_precedente_25 %', 'cat__statut_marital_Célibataire', 'cat__statut_marital_Divorcé(e)', 'cat__statut_marital_Marié(e)', 'cat__departement_Commercial', 'cat__departement_Consulting', 'cat__departement_Ressources Humaines', 'cat__poste_Assistant de Direction', 'cat__poste_Cadre Commercial', 'cat__poste_Consultant', 'cat__poste_Directeur Technique', 'cat__poste_Manager', 'cat__poste_Représentant Commercial', 'cat__poste_Ressources Humaines', 'cat__poste_Senior Manager', 'cat__poste_Tech Lead', 'cat__domaine_etude_Autre', 'cat__domaine_etude_Entrepreunariat', 'cat__domaine_etude_Infra & Cloud', 'cat__domaine_etude_Marketing', 'cat__domaine_etude_Ressources Humaines', 'cat__domaine_etude_Transformation Digitale', 'cat__ayant_enfants_Y', 'cat__frequence_deplacement_Aucun', 'cat__frequence_deplacement_Frequent', 'cat__frequence_deplacement_Occasionnel']",2025-12-10 14:22:32.961095+00:00
137,17920,"[0.20976981136678796, -0.10371139177328444, 0.0029916518820057563, -0.3449610660543126, 0.31274056035469494, 0.3270744751873578, 0.034853791033081394, 1.0601648358647122, 0.6816691835179007, -0.113587660229614, -0.11432420049478308, 0.016488226266109934, 0.854243661131894, 0.22306594353281373, 0.028590414520356867, -0.0, 0.27769647389174396, 0.3829027700986546, 0.0, -0.19939998044483537, -0.0, -0.26706352418010876, -0.027701155291378683, -0.016151157079632463, 0.09883885586023057, -0.06874318851681709, -0.00686203179120519, -0.0, -0.0, 0.023954424573350914, -0.0, -0.0, -0.0, -0.0, 0.004853875970295928, 0.002946598898926316, -0.0, -0.00017803260482038435, 0.0, 0.0, -0.0, 0.27626189629036324, 0.017179526218022052, 0.007344058689886419, 0.19817588244923984, 0.24805574764539004, -0.0, 0.07165381095219742, 0.0, -0.08902040178278302, 0.0015197767288302603, 0.011817125862619706, -0.008106719730306845, -0.0, -0.0, -0.0, 0.0018875036456319117, -0.002936690411928771, -0.005371194389195322, -0.011406420463949761, -0.0, -0.0, -0.0, 0.035596535260333184, -0.11351152551480784, -0.0]",-1.0379683952352932,"['num__satisfaction_employee_environnement', 'num__note_evaluation_precedente', 'num__niveau_hierarchique_poste', 'num__satisfaction_employee_nature_travail', 'num__satisfaction_employee_equipe', 'num__satisfaction_employee_equilibre_pro_perso', 'num__note_evaluation_actuelle', 'num__heures_supplementaires', 'num__id_employee', 'num__age', 'num__genre', 'num__revenu_mensuel', 'num__nombre_experiences_precedentes', 'num__annee_experience_totale', 'num__annees_dans_l_entreprise', 'num__annees_dans_le_poste_actuel', 'num__nombre_participation_pee', 'num__nb_formations_suivies', 'num__nombre_employee_sous_responsabilite', 'num__distance_domicile_travail', 'num__niveau_education', 'num__annees_depuis_la_derniere_promotion', 'num__annes_sous_responsable_actuel', 'num__improvement_evaluation', 'num__total_satisfaction', 'num__work_mobility', 'cat__augementation_salaire_precedente_11 %', 'cat__augementation_salaire_precedente_12 %', 'cat__augementation_salaire_precedente_13 %', 'cat__augementation_salaire_precedente_14 %', 'cat__augementation_salaire_precedente_15 %', 'cat__augementation_salaire_precedente_16 %', 'cat__augementation_salaire_precedente_17 %', 'cat__augementation_salaire_precedente_18 %', 'cat__augementation_salaire_precedente_19 %', 'cat__augementation_salaire_precedente_20 %', 'cat__augementation_salaire_precedente_21 %', 'cat__augementation_salaire_precedente_22 %', 'cat__augementation_salaire_precedente_23 %', 'cat__augementation_salaire_precedente_24 %', 'cat__augementation_salaire_precedente_25 %', 'cat__statut_marital_Célibataire', 'cat__statut_marital_Divorcé(e)', 'cat__statut_marital_Marié(e)', 'cat__departement_Commercial', 'cat__departement_Consulting', 'cat__departement_Ressources Humaines', 'cat__poste_Assistant de Direction', 'cat__poste_Cadre Commercial', 'cat__poste_Consultant', 'cat__poste_Directeur Technique', 'cat__poste_Manager', 'cat__poste_Représentant Commercial', 'cat__poste_Ressources Humaines', 'cat__poste_Senior Manager', 'cat__poste_Tech Lead', 'cat__domaine_etude_Autre', 'cat__domaine_etude_Entrepreunariat', 'cat__domaine_etude_Infra & Cloud', 'cat__domaine_etude_Marketing', 'cat__domaine_etude_Ressources Humaines', 'cat__domaine_etude_Transformation Digitale', 'cat__ayant_enfants_Y', 'cat__frequence_deplacement_Aucun', 'cat__frequence_deplacement_Frequent', 'cat__frequence_deplacement_Occasionnel']",2025-12-10 14:22:32.896382+00:00
136,17915,"[-0.44576084915442454, -0.10371139177328444, 0.030188487172967134, -0.0645049147906438, -0.08313356667656446, -0.019036080566459973, 0.034853791033081394, 1.0601648358647122, 0.6817696999863478, 0.14456611301950875, -0.11432420049478308, 0.12621049841500306, -0.2531092329279686, 0.22306594353281373, -0.012546872559293305, 0.0, 0.27769647389174396, -0.009147847749797194, 0.0, -0.14636807075206001, 0.0, 0.12186393821810786, 0.34663878107860374, -0.016151157079632463, -0.029378498047569944, -0.24346921509629996, -0.00686203179120519, -0.0, -0.0, 0.023954424573350914, -0.0, -0.0, -0.0, -0.0, 0.004853875970295928, 0.002946598898926316, -0.0, -0.00017803260482038435, 0.0, 0.0, -0.0, -0.10743518189069683, 0.017179526218022052, -0.008281598097105963, -0.06258185761554942, -0.08268524921513001, -0.0, -0.254045329739609, -0.0, -0.08902040178278302, 0.0015197767288302603, 0.011817125862619706, -0.008106719730306845, -0.0, -0.0, -0.0, 0.0018875036456319117, -0.002936690411928771, -0.005371194389195322, -0.011406420463949761, -0.0, -0.0, -0.0, 0.035596535260333184, -0.11351152551480784, -0.0]",-1.0379683952352932,"['num__satisfaction_employee_environnement', 'num__note_evaluation_precedente', 'num__niveau_hierarchique_poste', 'num__satisfaction_employee_nature_travail', 'num__satisfaction_employee_equipe', 'num__satisfaction_employee_equilibre_pro_perso', 'num__note_evaluation_actuelle', 'num__heures_supplementaires', 'num__id_employee', 'num__age', 'num__genre', 'num__revenu_mensuel', 'num__nombre_experiences_precedentes', 'num__annee_experience_totale', 'num__annees_dans_l_entreprise', 'num__annees_dans_le_poste_actuel', 'num__nombre_participation_pee', 'num__nb_formations_suivies', 'num__nombre_employee_sous_responsabilite', 'num__distance_domicile_travail', 'num__niveau_education', 'num__annees_depuis_la_derniere_promotion', 'num__annes_sous_responsable_actuel', 'num__improvement_evaluation', 'num__total_satisfaction', 'num__work_mobility', 'cat__augementation_salaire_precedente_11 %', 'cat__augementation_salaire_precedente_12 %', 'cat__augementation_salaire_precedente_13 %', 'cat__augementation_salaire_precedente_14 %', 'cat__augementation_salaire_precedente_15 %', 'cat__augementation_salaire_precedente_16 %', 'cat__augementation_salaire_precedente_17 %', 'cat__augementation_salaire_precedente_18 %', 'cat__augementation_salaire_precedente_19 %', 'cat__augementation_salaire_precedente_20 %', 'cat__augementation_salaire_precedente_21 %', 'cat__augementation_salaire_precedente_22 %', 'cat__augementation_salaire_precedente_23 %', 'cat__augementation_salaire_precedente_24 %', 'cat__augementation_salaire_precedente_25 %', 'cat__statut_marital_Célibataire', 'cat__statut_marital_Divorcé(e)', 'cat__statut_marital_Marié(e)', 'cat__departement_Commercial', 'cat__departement_Consulting', 'cat__departement_Ressources Humaines', 'cat__poste_Assistant de Direction', 'cat__poste_Cadre Commercial', 'cat__poste_Consultant', 'cat__poste_Directeur Technique', 'cat__poste_Manager', 'cat__poste_Représentant Commercial', 'cat__poste_Ressources Humaines', 'cat__poste_Senior Manager', 'cat__poste_Tech Lead', 'cat__domaine_etude_Autre', 'cat__domaine_etude_Entrepreunariat', 'cat__domaine_etude_Infra & Cloud', 'cat__domaine_etude_Marketing', 'cat__domaine_etude_Ressources Humaines', 'cat__domaine_etude_Transformation Digitale', 'cat__ayant_enfants_Y', 'cat__frequence_deplacement_Aucun', 'cat__frequence_deplacement_Frequent', 'cat__frequence_deplacement_Occasionnel']",2025-12-05 21:13:35.375763+00:00
135,17914,"[-0.44576084915442454, 0.2804048740536949, 0.030188487172967134, -0.0645049147906438, 0.11480349683906524, -0.019036080566459973, 0.034853791033081394, 1.0601648358647122, 0.6817361944968654, 0.015489226394947365, 0.10138183817461895, 0.15534880609656707, 0.5378571199719331, 0.27330602090506906, 0.15200227575930736, -0.0, 0.27769647389174396, -0.009147847749797194, 0.0, -0.17288402559844768, -0.0, -0.26706352418010876, 0.34663878107860374, 0.02140967333811745, 0.020793510003308518, 0.49038009653752795, -0.00686203179120519, -0.0, -0.0, 0.023954424573350914, -0.0, -0.0, -0.0, -0.0, 0.004853875970295928, 0.002946598898926316, -0.0, -0.00017803260482038435, 0.0, 0.0, -0.0, 0.27626189629036324, 0.017179526218022052, 0.007344058689886419, -0.06258185761554942, -0.08268524921513001, -0.0, 0.07165381095219742, -0.0, 0.3348862733733266, 0.0015197767288302603, 0.011817125862619706, -0.008106719730306845, -0.0, -0.0, -0.0, -0.06102928454209847, -0.002936690411928771, 0.0037325249145255617, -0.011406420463949761, -0.0, -0.0, -0.0, 0.035596535260333184, -0.11351152551480784, -0.0]",-1.0379683952352932,"['num__satisfaction_employee_environnement', 'num__note_evaluation_precedente', 'num__niveau_hierarchique_poste', 'num__satisfaction_employee_nature_travail', 'num__satisfaction_employee_equipe', 'num__satisfaction_employee_equilibre_pro_perso', 'num__note_evaluation_actuelle', 'num__heures_supplementaires', 'num__id_employee', 'num__age', 'num__genre', 'num__revenu_mensuel', 'num__nombre_experiences_precedentes', 'num__annee_experience_totale', 'num__annees_dans_l_entreprise', 'num__annees_dans_le_poste_actuel', 'num__nombre_participation_pee', 'num__nb_formations_suivies', 'num__nombre_employee_sous_responsabilite', 'num__distance_domicile_travail', 'num__niveau_education', 'num__annees_depuis_la_derniere_promotion', 'num__annes_sous_responsable_actuel', 'num__improvement_evaluation', 'num__total_satisfaction', 'num__work_mobility', 'cat__augementation_salaire_precedente_11 %', 'cat__augementation_salaire_precedente_12 %', 'cat__augementation_salaire_precedente_13 %', 'cat__augementation_salaire_precedente_14 %', 'cat__augementation_salaire_precedente_15 %', 'cat__augementation_salaire_precedente_16 %', 'cat__augementation_salaire_precedente_17 %', 'cat__augementation_salaire_precedente_18 %', 'cat__augementation_salaire_precedente_19 %', 'cat__augementation_salaire_precedente_20 %', 'cat__augementation_salaire_precedente_21 %', 'cat__augementation_salaire_precedente_22 %', 'cat__augementation_salaire_precedente_23 %', 'cat__augementation_salaire_precedente_24 %', 'cat__augementation_salaire_precedente_25 %', 'cat__statut_marital_Célibataire', 'cat__statut_marital_Divorcé(e)', 'cat__statut_marital_Marié(e)', 'cat__departement_Commercial', 'cat__departement_Consulting', 'cat__departement_Ressources Humaines', 'cat__poste_Assistant de Direction', 'cat__poste_Cadre Commercial', 'cat__poste_Consultant', 'cat__poste_Directeur Technique', 'cat__poste_Manager', 'cat__poste_Représentant Commercial', 'cat__poste_Ressources Humaines', 'cat__poste_Senior Manager', 'cat__poste_Tech Lead', 'cat__domaine_etude_Autre', 'cat__domaine_etude_Entrepreunariat', 'cat__domaine_etude_Infra & Cloud', 'cat__domaine_etude_Marketing', 'cat__domaine_etude_Ressources Humaines', 'cat__domaine_etude_Transformation Digitale', 'cat__ayant_enfants_Y', 'cat__frequence_deplacement_Aucun', 'cat__frequence_deplacement_Frequent', 'cat__frequence_deplacement_Occasionnel']",2025-12-05 21:13:35.337182+00:00
134,17913,"[-0.11799551889381826, 0.2804048740536949, 0.0029916518820057563, 0.21595123647302497, -0.2810706301921942, -0.019036080566459973, -0.1829824029236773, -0.4543563582277338, 0.6817026890073832, -0.3717414334787367, 0.10138183817461895, 0.04719196195498631, -0.2531092329279686, 0.12258578878830305, -0.05368415963894347, 0.0, -0.0452064027265629, -0.009147847749797194, 0.0, -0.013788296520121607, -0.0, -0.13742103671403652, -0.17743712983937163, 0.05897050375586737, -0.012654495363943792, -0.09669935276953433, -0.00686203179120519, -0.0, -0.0, 0.023954424573350914, -0.0, -0.0, -0.0, -0.0, 0.004853875970295928, 0.002946598898926316, -0.0, -0.00017803260482038435, 0.0, 0.0, -0.0, -0.10743518189069683, 0.017179526218022052, -0.008281598097105963, -0.06258185761554942, -0.08268524921513001, -0.0, -0.254045329739609, -0.0, -0.08902040178278302, 0.0015197767288302603, 0.011817125862619706, -0.008106719730306845, -0.0, -0.0, -0.0, 0.0018875036456319117, -0.002936690411928771, -0.005371194389195322, -0.011406420463949761, -0.0, -0.0, -0.0, 0.035596535260333184, -0.11351152551480784, -0.0]",-1.0379683952352932,"['num__satisfaction_employee_environnement', 'num__note_evaluation_precedente', 'num__niveau_hierarchique_poste', 'num__satisfaction_employee_nature_travail', 'num__satisfaction_employee_equipe', 'num__satisfaction_employee_equilibre_pro_perso', 'num__note_evaluation_actuelle', 'num__heures_supplementaires', 'num__id_employee', 'num__age', 'num__genre', 'num__revenu_mensuel', 'num__nombre_experiences_precedentes', 'num__annee_experience_totale', 'num__annees_dans_l_entreprise', 'num__annees_dans_le_poste_actuel', 'num__nombre_participation_pee', 'num__nb_formations_suivies', 'num__nombre_employee_sous_responsabilite', 'num__distance_domicile_travail', 'num__niveau_education', 'num__annees_depuis_la_derniere_promotion', 'num__annes_sous_responsable_actuel', 'num__improvement_evaluation', 'num__total_satisfaction', 'num__work_mobility', 'cat__augementation_salaire_precedente_11 %', 'cat__augementation_salaire_precedente_12 %', 'cat__augementation_salaire_precedente_13 %', 'cat__augementation_salaire_precedente_14 %', 'cat__augementation_salaire_precedente_15 %', 'cat__augementation_salaire_precedente_16 %', 'cat__augementation_salaire_precedente_17 %', 'cat__augementation_salaire_precedente_18 %', 'cat__augementation_salaire_precedente_19 %', 'cat__augementation_salaire_precedente_20 %', 'cat__augementation_salaire_precedente_21 %', 'cat__augementation_salaire_precedente_22 %', 'cat__augementation_salaire_precedente_23 %', 'cat__augementation_salaire_precedente_24 %', 'cat__augementation_salaire_precedente_25 %', 'cat__statut_marital_Célibataire', 'cat__statut_marital_Divorcé(e)', 'cat__statut_marital_Marié(e)', 'cat__departement_Commercial', 'cat__departement_Consulting', 'cat__departement_Ressources Humaines', 'cat__poste_Assistant de Direction', 'cat__poste_Cadre Commercial', 'cat__poste_Consultant', 'cat__poste_Directeur Technique', 'cat__poste_Manager', 'cat__poste_Représentant Commercial', 'cat__poste_Ressources Humaines', 'cat__poste_Senior Manager', 'cat__poste_Tech Lead', 'cat__domaine_etude_Autre', 'cat__domaine_etude_Entrepreunariat', 'cat__domaine_etude_Infra & Cloud', 'cat__domaine_etude_Marketing', 'cat__domaine_etude_Ressources Humaines', 'cat__domaine_etude_Transformation Digitale', 'cat__ayant_enfants_Y', 'cat__frequence_deplacement_Aucun', 'cat__frequence_deplacement_Frequent', 'cat__frequence_deplacement_Occasionnel']",2025-12-05 21:13:35.297351+00:00
133,17912,"[0.20976981136678796, -0.10371139177328444, 0.0029916518820057563, -0.3449610660543126, 0.31274056035469494, 0.3270744751873578, 0.034853791033081394, 1.0601648358647122, 0.6816691835179007, -0.113587660229614, -0.11432420049478308, 0.016488226266109934, 0.854243661131894, 0.22306594353281373, 0.028590414520356867, -0.0, 0.27769647389174396, 0.3829027700986546, 0.0, -0.19939998044483537, -0.0, -0.26706352418010876, -0.027701155291378683, -0.016151157079632463, 0.09883885586023057, -0.06874318851681709, -0.00686203179120519, -0.0, -0.0, 0.023954424573350914, -0.0, -0.0, -0.0, -0.0, 0.004853875970295928, 0.002946598898926316, -0.0, -0.00017803260482038435, 0.0, 0.0, -0.0, 0.27626189629036324, 0.017179526218022052, 0.007344058689886419, 0.19817588244923984, 0.24805574764539004, -0.0, 0.07165381095219742, 0.0, -0.08902040178278302, 0.0015197767288302603, 0.011817125862619706, -0.008106719730306845, -0.0, -0.0, -0.0, 0.0018875036456319117, -0.002936690411928771, -0.005371194389195322, -0.011406420463949761, -0.0, -0.0, -0.0, 0.035596535260333184, -0.11351152551480784, -0.0]",-1.0379683952352932,"['num__satisfaction_employee_environnement', 'num__note_evaluation_precedente', 'num__niveau_hierarchique_poste', 'num__satisfaction_employee_nature_travail', 'num__satisfaction_employee_equipe', 'num__satisfaction_employee_equilibre_pro_perso', 'num__note_evaluation_actuelle', 'num__heures_supplementaires', 'num__id_employee', 'num__age', 'num__genre', 'num__revenu_mensuel', 'num__nombre_experiences_precedentes', 'num__annee_experience_totale', 'num__annees_dans_l_entreprise', 'num__annees_dans_le_poste_actuel', 'num__nombre_participation_pee', 'num__nb_formations_suivies', 'num__nombre_employee_sous_responsabilite', 'num__distance_domicile_travail', 'num__niveau_education', 'num__annees_depuis_la_derniere_promotion', 'num__annes_sous_responsable_actuel', 'num__improvement_evaluation', 'num__total_satisfaction', 'num__work_mobility', 'cat__augementation_salaire_precedente_11 %', 'cat__augementation_salaire_precedente_12 %', 'cat__augementation_salaire_precedente_13 %', 'cat__augementation_salaire_precedente_14 %', 'cat__augementation_salaire_precedente_15 %', 'cat__augementation_salaire_precedente_16 %', 'cat__augementation_salaire_precedente_17 %', 'cat__augementation_salaire_precedente_18 %', 'cat__augementation_salaire_precedente_19 %', 'cat__augementation_salaire_precedente_20 %', 'cat__augementation_salaire_precedente_21 %', 'cat__augementation_salaire_precedente_22 %', 'cat__augementation_salaire_precedente_23 %', 'cat__augementation_salaire_precedente_24 %', 'cat__augementation_salaire_precedente_25 %', 'cat__statut_marital_Célibataire', 'cat__statut_marital_Divorcé(e)', 'cat__statut_marital_Marié(e)', 'cat__departement_Commercial', 'cat__departement_Consulting', 'cat__departement_Ressources Humaines', 'cat__poste_Assistant de Direction', 'cat__poste_Cadre Commercial', 'cat__poste_Consultant', 'cat__poste_Directeur Technique', 'cat__poste_Manager', 'cat__poste_Représentant Commercial', 'cat__poste_Ressources Humaines', 'cat__poste_Senior Manager', 'cat__poste_Tech Lead', 'cat__domaine_etude_Autre', 'cat__domaine_etude_Entrepreunariat', 'cat__domaine_etude_Infra & Cloud', 'cat__domaine_etude_Marketing', 'cat__domaine_etude_Ressources Humaines', 'cat__domaine_etude_Transformation Digitale', 'cat__ayant_enfants_Y', 'cat__frequence_deplacement_Aucun', 'cat__frequence_deplacement_Frequent', 'cat__frequence_deplacement_Occasionnel']",2025-12-05 21:13:35.254075+00:00
132,17911,"[-0.44576084915442454, -0.10371139177328444, 0.030188487172967134, -0.0645049147906438, -0.08313356667656446, -0.019036080566459973, 0.034853791033081394, 1.0601648358647122, 0.6817696999863478, 0.14456611301950875, -0.11432420049478308, 0.12621049841500306, -0.2531092329279686, 0.22306594353281373, -0.012546872559293305, 0.0, 0.27769647389174396, -0.009147847749797194, 0.0, -0.14636807075206001, 0.0, 0.12186393821810786, 0.34663878107860374, -0.016151157079632463, -0.029378498047569944, -0.24346921509629996, -0.00686203179120519, -0.0, -0.0, 0.023954424573350914, -0.0, -0.0, -0.0, -0.0, 0.004853875970295928, 0.002946598898926316, -0.0, -0.00017803260482038435, 0.0, 0.0, -0.0, -0.10743518189069683, 0.017179526218022052, -0.008281598097105963, -0.06258185761554942, -0.08268524921513001, -0.0, -0.254045329739609, -0.0, -0.08902040178278302, 0.0015197767288302603, 0.011817125862619706, -0.008106719730306845, -0.0, -0.0, -0.0, 0.0018875036456319117, -0.002936690411928771, -0.005371194389195322, -0.011406420463949761, -0.0, -0.0, -0.0, 0.035596535260333184, -0.11351152551480784, -0.0]",-1.0379683952352932,"['num__satisfaction_employee_environnement', 'num__note_evaluation_precedente', 'num__niveau_hierarchique_poste', 'num__satisfaction_employee_nature_travail', 'num__satisfaction_employee_equipe', 'num__satisfaction_employee_equilibre_pro_perso', 'num__note_evaluation_actuelle', 'num__heures_supplementaires', 'num__id_employee', 'num__age', 'num__genre', 'num__revenu_mensuel', 'num__nombre_experiences_precedentes', 'num__annee_experience_totale', 'num__annees_dans_l_entreprise', 'num__annees_dans_le_poste_actuel', 'num__nombre_participation_pee', 'num__nb_formations_suivies', 'num__nombre_employee_sous_responsabilite', 'num__distance_domicile_travail', 'num__niveau_education', 'num__annees_depuis_la_derniere_promotion', 'num__annes_sous_responsable_actuel', 'num__improvement_evaluation', 'num__total_satisfaction', 'num__work_mobility', 'cat__augementation_salaire_precedente_11 %', 'cat__augementation_salaire_precedente_12 %', 'cat__augementation_salaire_precedente_13 %', 'cat__augementation_salaire_precedente_14 %', 'cat__augementation_salaire_precedente_15 %', 'cat__augementation_salaire_precedente_16 %', 'cat__augementation_salaire_precedente_17 %', 'cat__augementation_salaire_precedente_18 %', 'cat__augementation_salaire_precedente_19 %', 'cat__augementation_salaire_precedente_20 %', 'cat__augementation_salaire_precedente_21 %', 'cat__augementation_salaire_precedente_22 %', 'cat__augementation_salaire_precedente_23 %', 'cat__augementation_salaire_precedente_24 %', 'cat__augementation_salaire_precedente_25 %', 'cat__statut_marital_Célibataire', 'cat__statut_marital_Divorcé(e)', 'cat__statut_marital_Marié(e)', 'cat__departement_Commercial', 'cat__departement_Consulting', 'cat__departement_Ressources Humaines', 'cat__poste_Assistant de Direction', 'cat__poste_Cadre Commercial', 'cat__poste_Consultant', 'cat__poste_Directeur Technique', 'cat__poste_Manager', 'cat__poste_Représentant Commercial', 'cat__poste_Ressources Humaines', 'cat__poste_Senior Manager', 'cat__poste_Tech Lead', 'cat__domaine_etude_Autre', 'cat__domaine_etude_Entrepreunariat', 'cat__domaine_etude_Infra & Cloud', 'cat__domaine_etude_Marketing', 'cat__domaine_etude_Ressources Humaines', 'cat__domaine_etude_Transformation Digitale', 'cat__ayant_enfants_Y', 'cat__frequence_deplacement_Aucun', 'cat__frequence_deplacement_Frequent', 'cat__frequence_deplacement_Occasionnel']",2025-12-05 21:13:33.961401+00:00
131,17910,"[-0.44576084915442454, 0.2804048740536949, 0.030188487172967134, -0.0645049147906438, 0.11480349683906524, -0.019036080566459973, 0.034853791033081394, 1.0601648358647122, 0.6817361944968654, 0.015489226394947365, 0.10138183817461895, 0.15534880609656707, 0.5378571199719331, 0.27330602090506906, 0.15200227575930736, -0.0, 0.27769647389174396, -0.009147847749797194, 0.0, -0.17288402559844768, -0.0, -0.26706352418010876, 0.34663878107860374, 0.02140967333811745, 0.020793510003308518, 0.49038009653752795, -0.00686203179120519, -0.0, -0.0, 0.023954424573350914, -0.0, -0.0, -0.0, -0.0, 0.004853875970295928, 0.002946598898926316, -0.0, -0.00017803260482038435, 0.0, 0.0, -0.0, 0.27626189629036324, 0.017179526218022052, 0.007344058689886419, -0.06258185761554942, -0.08268524921513001, -0.0, 0.07165381095219742, -0.0, 0.3348862733733266, 0.0015197767288302603, 0.011817125862619706, -0.008106719730306845, -0.0, -0.0, -0.0, -0.06102928454209847, -0.002936690411928771, 0.0037325249145255617, -0.011406420463949761, -0.0, -0.0, -0.0, 0.035596535260333184, -0.11351152551480784, -0.0]",-1.0379683952352932,"['num__satisfaction_employee_environnement', 'num__note_evaluation_precedente', 'num__niveau_hierarchique_poste', 'num__satisfaction_employee_nature_travail', 'num__satisfaction_employee_equipe', 'num__satisfaction_employee_equilibre_pro_perso', 'num__note_evaluation_actuelle', 'num__heures_supplementaires', 'num__id_employee', 'num__age', 'num__genre', 'num__revenu_mensuel', 'num__nombre_experiences_precedentes', 'num__annee_experience_totale', 'num__annees_dans_l_entreprise', 'num__annees_dans_le_poste_actuel', 'num__nombre_participation_pee', 'num__nb_formations_suivies', 'num__nombre_employee_sous_responsabilite', 'num__distance_domicile_travail', 'num__niveau_education', 'num__annees_depuis_la_derniere_promotion', 'num__annes_sous_responsable_actuel', 'num__improvement_evaluation', 'num__total_satisfaction', 'num__work_mobility', 'cat__augementation_salaire_precedente_11 %', 'cat__augementation_salaire_precedente_12 %', 'cat__augementation_salaire_precedente_13 %', 'cat__augementation_salaire_precedente_14 %', 'cat__augementation_salaire_precedente_15 %', 'cat__augementation_salaire_precedente_16 %', 'cat__augementation_salaire_precedente_17 %', 'cat__augementation_salaire_precedente_18 %', 'cat__augementation_salaire_precedente_19 %', 'cat__augementation_salaire_precedente_20 %', 'cat__augementation_salaire_precedente_21 %', 'cat__augementation_salaire_precedente_22 %', 'cat__augementation_salaire_precedente_23 %', 'cat__augementation_salaire_precedente_24 %', 'cat__augementation_salaire_precedente_25 %', 'cat__statut_marital_Célibataire', 'cat__statut_marital_Divorcé(e)', 'cat__statut_marital_Marié(e)', 'cat__departement_Commercial', 'cat__departement_Consulting', 'cat__departement_Ressources Humaines', 'cat__poste_Assistant de Direction', 'cat__poste_Cadre Commercial', 'cat__poste_Consultant', 'cat__poste_Directeur Technique', 'cat__poste_Manager', 'cat__poste_Représentant Commercial', 'cat__poste_Ressources Humaines', 'cat__poste_Senior Manager', 'cat__poste_Tech Lead', 'cat__domaine_etude_Autre', 'cat__domaine_etude_Entrepreunariat', 'cat__domaine_etude_Infra & Cloud', 'cat__domaine_etude_Marketing', 'cat__domaine_etude_Ressources Humaines', 'cat__domaine_etude_Transformation Digitale', 'cat__ayant_enfants_Y', 'cat__frequence_deplacement_Aucun', 'cat__frequence_deplacement_Frequent', 'cat__frequence_deplacement_Occasionnel']",2025-12-05 21:13:33.908367+00:00
130,17909,"[-0.11799551889381826, 0.2804048740536949, 0.0029916518820057563, 0.21595123647302497, -0.2810706301921942, -0.019036080566459973, -0.1829824029236773, -0.4543563582277338, 0.6817026890073832, -0.3717414334787367, 0.10138183817461895, 0.04719196195498631, -0.2531092329279686, 0.12258578878830305, -0.05368415963894347, 0.0, -0.0452064027265629, -0.009147847749797194, 0.0, -0.013788296520121607, -0.0, -0.13742103671403652, -0.17743712983937163, 0.05897050375586737, -0.012654495363943792, -0.09669935276953433, -0.00686203179120519, -0.0, -0.0, 0.023954424573350914, -0.0, -0.0, -0.0, -0.0, 0.004853875970295928, 0.002946598898926316, -0.0, -0.00017803260482038435, 0.0, 0.0, -0.0, -0.10743518189069683, 0.017179526218022052, -0.008281598097105963, -0.06258185761554942, -0.08268524921513001, -0.0, -0.254045329739609, -0.0, -0.08902040178278302, 0.0015197767288302603, 0.011817125862619706, -0.008106719730306845, -0.0, -0.0, -0.0, 0.0018875036456319117, -0.002936690411928771, -0.005371194389195322, -0.011406420463949761, -0.0, -0.0, -0.0, 0.035596535260333184, -0.11351152551480784, -0.0]",-1.0379683952352932,"['num__satisfaction_employee_environnement', 'num__note_evaluation_precedente', 'num__niveau_hierarchique_poste', 'num__satisfaction_employee_nature_travail', 'num__satisfaction_employee_equipe', 'num__satisfaction_employee_equilibre_pro_perso', 'num__note_evaluation_actuelle', 'num__heures_supplementaires', 'num__id_employee', 'num__age', 'num__genre', 'num__revenu_mensuel', 'num__nombre_experiences_precedentes', 'num__annee_experience_totale', 'num__annees_dans_l_entreprise', 'num__annees_dans_le_poste_actuel', 'num__nombre_participation_pee', 'num__nb_formations_suivies', 'num__nombre_employee_sous_responsabilite', 'num__distance_domicile_travail', 'num__niveau_education', 'num__annees_depuis_la_derniere_promotion', 'num__annes_sous_responsable_actuel', 'num__improvement_evaluation', 'num__total_satisfaction', 'num__work_mobility', 'cat__augementation_salaire_precedente_11 %', 'cat__augementation_salaire_precedente_12 %', 'cat__augementation_salaire_precedente_13 %', 'cat__augementation_salaire_precedente_14 %', 'cat__augementation_salaire_precedente_15 %', 'cat__augementation_salaire_precedente_16 %', 'cat__augementation_salaire_precedente_17 %', 'cat__augementation_salaire_precedente_18 %', 'cat__augementation_salaire_precedente_19 %', 'cat__augementation_salaire_precedente_20 %', 'cat__augementation_salaire_precedente_21 %', 'cat__augementation_salaire_precedente_22 %', 'cat__augementation_salaire_precedente_23 %', 'cat__augementation_salaire_precedente_24 %', 'cat__augementation_salaire_precedente_25 %', 'cat__statut_marital_Célibataire', 'cat__statut_marital_Divorcé(e)', 'cat__statut_marital_Marié(e)', 'cat__departement_Commercial', 'cat__departement_Consulting', 'cat__departement_Ressources Humaines', 'cat__poste_Assistant de Direction', 'cat__poste_Cadre Commercial', 'cat__poste_Consultant', 'cat__poste_Directeur Technique', 'cat__poste_Manager', 'cat__poste_Représentant Commercial', 'cat__poste_Ressources Humaines', 'cat__poste_Senior Manager', 'cat__poste_Tech Lead', 'cat__domaine_etude_Autre', 'cat__domaine_etude_Entrepreunariat', 'cat__domaine_etude_Infra & Cloud', 'cat__domaine_etude_Marketing', 'cat__domaine_etude_Ressources Humaines', 'cat__domaine_etude_Transformation Digitale', 'cat__ayant_enfants_Y', 'cat__frequence_deplacement_Aucun', 'cat__frequence_deplacement_Frequent', 'cat__frequence_deplacement_Occasionnel']",2025-12-05 21:13:33.861986+00:00
129,17908,"[0.20976981136678796, -0.10371139177328444, 0.0029916518820057563, -0.3449610660543126, 0.31274056035469494, 0.3270744751873578, 0.034853791033081394, 1.0601648358647122, 0.6816691835179007, -0.113587660229614, -0.11432420049478308, 0.016488226266109934, 0.854243661131894, 0.22306594353281373, 0.028590414520356867, -0.0, 0.27769647389174396, 0.3829027700986546, 0.0, -0.19939998044483537, -0.0, -0.26706352418010876, -0.027701155291378683, -0.016151157079632463, 0.09883885586023057, -0.06874318851681709, -0.00686203179120519, -0.0, -0.0, 0.023954424573350914, -0.0, -0.0, -0.0, -0.0, 0.004853875970295928, 0.002946598898926316, -0.0, -0.00017803260482038435, 0.0, 0.0, -0.0, 0.27626189629036324, 0.017179526218022052, 0.007344058689886419, 0.19817588244923984, 0.24805574764539004, -0.0, 0.07165381095219742, 0.0, -0.08902040178278302, 0.0015197767288302603, 0.011817125862619706, -0.008106719730306845, -0.0, -0.0, -0.0, 0.0018875036456319117, -0.002936690411928771, -0.005371194389195322, -0.011406420463949761, -0.0, -0.0, -0.0, 0.035596535260333184, -0.11351152551480784, -0.0]",-1.0379683952352932,"['num__satisfaction_employee_environnement', 'num__note_evaluation_precedente', 'num__niveau_hierarchique_poste', 'num__satisfaction_employee_nature_travail', 'num__satisfaction_employee_equipe', 'num__satisfaction_employee_equilibre_pro_perso', 'num__note_evaluation_actuelle', 'num__heures_supplementaires', 'num__id_employee', 'num__age', 'num__genre', 'num__revenu_mensuel', 'num__nombre_experiences_precedentes', 'num__annee_experience_totale', 'num__annees_dans_l_entreprise', 'num__annees_dans_le_poste_actuel', 'num__nombre_participation_pee', 'num__nb_formations_suivies', 'num__nombre_employee_sous_responsabilite', 'num__distance_domicile_travail', 'num__niveau_education', 'num__annees_depuis_la_derniere_promotion', 'num__annes_sous_responsable_actuel', 'num__improvement_evaluation', 'num__total_satisfaction', 'num__work_mobility', 'cat__augementation_salaire_precedente_11 %', 'cat__augementation_salaire_precedente_12 %', 'cat__augementation_salaire_precedente_13 %', 'cat__augementation_salaire_precedente_14 %', 'cat__augementation_salaire_precedente_15 %', 'cat__augementation_salaire_precedente_16 %', 'cat__augementation_salaire_precedente_17 %', 'cat__augementation_salaire_precedente_18 %', 'cat__augementation_salaire_precedente_19 %', 'cat__augementation_salaire_precedente_20 %', 'cat__augementation_salaire_precedente_21 %', 'cat__augementation_salaire_precedente_22 %', 'cat__augementation_salaire_precedente_23 %', 'cat__augementation_salaire_precedente_24 %', 'cat__augementation_salaire_precedente_25 %', 'cat__statut_marital_Célibataire', 'cat__statut_marital_Divorcé(e)', 'cat__statut_marital_Marié(e)', 'cat__departement_Commercial', 'cat__departement_Consulting', 'cat__departement_Ressources Humaines', 'cat__poste_Assistant de Direction', 'cat__poste_Cadre Commercial', 'cat__poste_Consultant', 'cat__poste_Directeur Technique', 'cat__poste_Manager', 'cat__poste_Représentant Commercial', 'cat__poste_Ressources Humaines', 'cat__poste_Senior Manager', 'cat__poste_Tech Lead', 'cat__domaine_etude_Autre', 'cat__domaine_etude_Entrepreunariat', 'cat__domaine_etude_Infra & Cloud', 'cat__domaine_etude_Marketing', 'cat__domaine_etude_Ressources Humaines', 'cat__domaine_etude_Transformation Digitale', 'cat__ayant_enfants_Y', 'cat__frequence_deplacement_Aucun', 'cat__frequence_deplacement_Frequent', 'cat__frequence_deplacement_Occasionnel']",2025-12-05 21:13:33.791893+00:00
128,17903,"[-0.44576084915442454, -0.10371139177328444, 0.030188487172967134, -0.0645049147906438, -0.08313356667656446, -0.019036080566459973, 0.034853791033081394, 1.0601648358647122, 0.6817696999863478, 0.14456611301950875, -0.11432420049478308, 0.12621049841500306, -0.2531092329279686, 0.22306594353281373, -0.012546872559293305, 0.0, 0.27769647389174396, -0.009147847749797194, 0.0, -0.14636807075206001, 0.0, 0.12186393821810786, 0.34663878107860374, -0.016151157079632463, -0.029378498047569944, -0.24346921509629996, -0.00686203179120519, -0.0, -0.0, 0.023954424573350914, -0.0, -0.0, -0.0, -0.0, 0.004853875970295928, 0.002946598898926316, -0.0, -0.00017803260482038435, 0.0, 0.0, -0.0, -0.10743518189069683, 0.017179526218022052, -0.008281598097105963, -0.06258185761554942, -0.08268524921513001, -0.0, -0.254045329739609, -0.0, -0.08902040178278302, 0.0015197767288302603, 0.011817125862619706, -0.008106719730306845, -0.0, -0.0, -0.0, 0.0018875036456319117, -0.002936690411928771, -0.005371194389195322, -0.011406420463949761, -0.0, -0.0, -0.0, 0.035596535260333184, -0.11351152551480784, -0.0]",-1.0379683952352932,"['num__satisfaction_employee_environnement', 'num__note_evaluation_precedente', 'num__niveau_hierarchique_poste', 'num__satisfaction_employee_nature_travail', 'num__satisfaction_employee_equipe', 'num__satisfaction_employee_equilibre_pro_perso', 'num__note_evaluation_actuelle', 'num__heures_supplementaires', 'num__id_employee', 'num__age', 'num__genre', 'num__revenu_mensuel', 'num__nombre_experiences_precedentes', 'num__annee_experience_totale', 'num__annees_dans_l_entreprise', 'num__annees_dans_le_poste_actuel', 'num__nombre_participation_pee', 'num__nb_formations_suivies', 'num__nombre_employee_sous_responsabilite', 'num__distance_domicile_travail', 'num__niveau_education', 'num__annees_depuis_la_derniere_promotion', 'num__annes_sous_responsable_actuel', 'num__improvement_evaluation', 'num__total_satisfaction', 'num__work_mobility', 'cat__augementation_salaire_precedente_11 %', 'cat__augementation_salaire_precedente_12 %', 'cat__augementation_salaire_precedente_13 %', 'cat__augementation_salaire_precedente_14 %', 'cat__augementation_salaire_precedente_15 %', 'cat__augementation_salaire_precedente_16 %', 'cat__augementation_salaire_precedente_17 %', 'cat__augementation_salaire_precedente_18 %', 'cat__augementation_salaire_precedente_19 %', 'cat__augementation_salaire_precedente_20 %', 'cat__augementation_salaire_precedente_21 %', 'cat__augementation_salaire_precedente_22 %', 'cat__augementation_salaire_precedente_23 %', 'cat__augementation_salaire_precedente_24 %', 'cat__augementation_salaire_precedente_25 %', 'cat__statut_marital_Célibataire', 'cat__statut_marital_Divorcé(e)', 'cat__statut_marital_Marié(e)', 'cat__departement_Commercial', 'cat__departement_Consulting', 'cat__departement_Ressources Humaines', 'cat__poste_Assistant de Direction', 'cat__poste_Cadre Commercial', 'cat__poste_Consultant', 'cat__poste_Directeur Technique', 'cat__poste_Manager', 'cat__poste_Représentant Commercial', 'cat__poste_Ressources Humaines', 'cat__poste_Senior Manager', 'cat__poste_Tech Lead', 'cat__domaine_etude_Autre', 'cat__domaine_etude_Entrepreunariat', 'cat__domaine_etude_Infra & Cloud', 'cat__domaine_etude_Marketing', 'cat__domaine_etude_Ressources Humaines', 'cat__domaine_etude_Transformation Digitale', 'cat__ayant_enfants_Y', 'cat__frequence_deplacement_Aucun', 'cat__frequence_deplacement_Frequent', 'cat__frequence_deplacement_Occasionnel']",2025-12-05 20:55:40.103750+00:00
127,17902,"[-0.44576084915442454, 0.2804048740536949, 0.030188487172967134, -0.0645049147906438, 0.11480349683906524, -0.019036080566459973, 0.034853791033081394, 1.0601648358647122, 0.6817361944968654, 0.015489226394947365, 0.10138183817461895, 0.15534880609656707, 0.5378571199719331, 0.27330602090506906, 0.15200227575930736, -0.0, 0.27769647389174396, -0.009147847749797194, 0.0, -0.17288402559844768, -0.0, -0.26706352418010876, 0.34663878107860374, 0.02140967333811745, 0.020793510003308518, 0.49038009653752795, -0.00686203179120519, -0.0, -0.0, 0.023954424573350914, -0.0, -0.0, -0.0, -0.0, 0.004853875970295928, 0.002946598898926316, -0.0, -0.00017803260482038435, 0.0, 0.0, -0.0, 0.27626189629036324, 0.017179526218022052, 0.007344058689886419, -0.06258185761554942, -0.08268524921513001, -0.0, 0.07165381095219742, -0.0, 0.3348862733733266, 0.0015197767288302603, 0.011817125862619706, -0.008106719730306845, -0.0, -0.0, -0.0, -0.06102928454209847, -0.002936690411928771, 0.0037325249145255617, -0.011406420463949761, -0.0, -0.0, -0.0, 0.035596535260333184, -0.11351152551480784, -0.0]",-1.0379683952352932,"['num__satisfaction_employee_environnement', 'num__note_evaluation_precedente', 'num__niveau_hierarchique_poste', 'num__satisfaction_employee_nature_travail', 'num__satisfaction_employee_equipe', 'num__satisfaction_employee_equilibre_pro_perso', 'num__note_evaluation_actuelle', 'num__heures_supplementaires', 'num__id_employee', 'num__age', 'num__genre', 'num__revenu_mensuel', 'num__nombre_experiences_precedentes', 'num__annee_experience_totale', 'num__annees_dans_l_entreprise', 'num__annees_dans_le_poste_actuel', 'num__nombre_participation_pee', 'num__nb_formations_suivies', 'num__nombre_employee_sous_responsabilite', 'num__distance_domicile_travail', 'num__niveau_education', 'num__annees_depuis_la_derniere_promotion', 'num__annes_sous_responsable_actuel', 'num__improvement_evaluation', 'num__total_satisfaction', 'num__work_mobility', 'cat__augementation_salaire_precedente_11 %', 'cat__augementation_salaire_precedente_12 %', 'cat__augementation_salaire_precedente_13 %', 'cat__augementation_salaire_precedente_14 %', 'cat__augementation_salaire_precedente_15 %', 'cat__augementation_salaire_precedente_16 %', 'cat__augementation_salaire_precedente_17 %', 'cat__augementation_salaire_precedente_18 %', 'cat__augementation_salaire_precedente_19 %', 'cat__augementation_salaire_precedente_20 %', 'cat__augementation_salaire_precedente_21 %', 'cat__augementation_salaire_precedente_22 %', 'cat__augementation_salaire_precedente_23 %', 'cat__augementation_salaire_precedente_24 %', 'cat__augementation_salaire_precedente_25 %', 'cat__statut_marital_Célibataire', 'cat__statut_marital_Divorcé(e)', 'cat__statut_marital_Marié(e)', 'cat__departement_Commercial', 'cat__departement_Consulting', 'cat__departement_Ressources Humaines', 'cat__poste_Assistant de Direction', 'cat__poste_Cadre Commercial', 'cat__poste_Consultant', 'cat__poste_Directeur Technique', 'cat__poste_Manager', 'cat__poste_Représentant Commercial', 'cat__poste_Ressources Humaines', 'cat__poste_Senior Manager', 'cat__poste_Tech Lead', 'cat__domaine_etude_Autre', 'cat__domaine_etude_Entrepreunariat', 'cat__domaine_etude_Infra & Cloud', 'cat__domaine_etude_Marketing', 'cat__domaine_etude_Ressources Humaines', 'cat__domaine_etude_Transformation Digitale', 'cat__ayant_enfants_Y', 'cat__frequence_deplacement_Aucun', 'cat__frequence_deplacement_Frequent', 'cat__frequence_deplacement_Occasionnel']",2025-12-05 20:55:40.074583+00:00
126,17901,"[-0.11799551889381826, 0.2804048740536949, 0.0029916518820057563, 0.21595123647302497, -0.2810706301921942, -0.019036080566459973, -0.1829824029236773, -0.4543563582277338, 0.6817026890073832, -0.3717414334787367, 0.10138183817461895, 0.04719196195498631, -0.2531092329279686, 0.12258578878830305, -0.05368415963894347, 0.0, -0.0452064027265629, -0.009147847749797194, 0.0, -0.013788296520121607, -0.0, -0.13742103671403652, -0.17743712983937163, 0.05897050375586737, -0.012654495363943792, -0.09669935276953433, -0.00686203179120519, -0.0, -0.0, 0.023954424573350914, -0.0, -0.0, -0.0, -0.0, 0.004853875970295928, 0.002946598898926316, -0.0, -0.00017803260482038435, 0.0, 0.0, -0.0, -0.10743518189069683, 0.017179526218022052, -0.008281598097105963, -0.06258185761554942, -0.08268524921513001, -0.0, -0.254045329739609, -0.0, -0.08902040178278302, 0.0015197767288302603, 0.011817125862619706, -0.008106719730306845, -0.0, -0.0, -0.0, 0.0018875036456319117, -0.002936690411928771, -0.005371194389195322, -0.011406420463949761, -0.0, -0.0, -0.0, 0.035596535260333184, -0.11351152551480784, -0.0]",-1.0379683952352932,"['num__satisfaction_employee_environnement', 'num__note_evaluation_precedente', 'num__niveau_hierarchique_poste', 'num__satisfaction_employee_nature_travail', 'num__satisfaction_employee_equipe', 'num__satisfaction_employee_equilibre_pro_perso', 'num__note_evaluation_actuelle', 'num__heures_supplementaires', 'num__id_employee', 'num__age', 'num__genre', 'num__revenu_mensuel', 'num__nombre_experiences_precedentes', 'num__annee_experience_totale', 'num__annees_dans_l_entreprise', 'num__annees_dans_le_poste_actuel', 'num__nombre_participation_pee', 'num__nb_formations_suivies', 'num__nombre_employee_sous_responsabilite', 'num__distance_domicile_travail', 'num__niveau_education', 'num__annees_depuis_la_derniere_promotion', 'num__annes_sous_responsable_actuel', 'num__improvement_evaluation', 'num__total_satisfaction', 'num__work_mobility', 'cat__augementation_salaire_precedente_11 %', 'cat__augementation_salaire_precedente_12 %', 'cat__augementation_salaire_precedente_13 %', 'cat__augementation_salaire_precedente_14 %', 'cat__augementation_salaire_precedente_15 %', 'cat__augementation_salaire_precedente_16 %', 'cat__augementation_salaire_precedente_17 %', 'cat__augementation_salaire_precedente_18 %', 'cat__augementation_salaire_precedente_19 %', 'cat__augementation_salaire_precedente_20 %', 'cat__augementation_salaire_precedente_21 %', 'cat__augementation_salaire_precedente_22 %', 'cat__augementation_salaire_precedente_23 %', 'cat__augementation_salaire_precedente_24 %', 'cat__augementation_salaire_precedente_25 %', 'cat__statut_marital_Célibataire', 'cat__statut_marital_Divorcé(e)', 'cat__statut_marital_Marié(e)', 'cat__departement_Commercial', 'cat__departement_Consulting', 'cat__departement_Ressources Humaines', 'cat__poste_Assistant de Direction', 'cat__poste_Cadre Commercial', 'cat__poste_Consultant', 'cat__poste_Directeur Technique', 'cat__poste_Manager', 'cat__poste_Représentant Commercial', 'cat__poste_Ressources Humaines', 'cat__poste_Senior Manager', 'cat__poste_Tech Lead', 'cat__domaine_etude_Autre', 'cat__domaine_etude_Entrepreunariat', 'cat__domaine_etude_Infra & Cloud', 'cat__domaine_etude_Marketing', 'cat__domaine_etude_Ressources Humaines', 'cat__domaine_etude_Transformation Digitale', 'cat__ayant_enfants_Y', 'cat__frequence_deplacement_Aucun', 'cat__frequence_deplacement_Frequent', 'cat__frequence_deplacement_Occasionnel']",2025-12-05 20:55:40.051292+00:00
125,17900,"[0.20976981136678796, -0.10371139177328444, 0.0029916518820057563, -0.3449610660543126, 0.31274056035469494, 0.3270744751873578, 0.034853791033081394, 1.0601648358647122, 0.6816691835179007, -0.113587660229614, -0.11432420049478308, 0.016488226266109934, 0.854243661131894, 0.22306594353281373, 0.028590414520356867, -0.0, 0.27769647389174396, 0.3829027700986546, 0.0, -0.19939998044483537, -0.0, -0.26706352418010876, -0.027701155291378683, -0.016151157079632463, 0.09883885586023057, -0.06874318851681709, -0.00686203179120519, -0.0, -0.0, 0.023954424573350914, -0.0, -0.0, -0.0, -0.0, 0.004853875970295928, 0.002946598898926316, -0.0, -0.00017803260482038435, 0.0, 0.0, -0.0, 0.27626189629036324, 0.017179526218022052, 0.007344058689886419, 0.19817588244923984, 0.24805574764539004, -0.0, 0.07165381095219742, 0.0, -0.08902040178278302, 0.0015197767288302603, 0.011817125862619706, -0.008106719730306845, -0.0, -0.0, -0.0, 0.0018875036456319117, -0.002936690411928771, -0.005371194389195322, -0.011406420463949761, -0.0, -0.0, -0.0, 0.035596535260333184, -0.11351152551480784, -0.0]",-1.0379683952352932,"['num__satisfaction_employee_environnement', 'num__note_evaluation_precedente', 'num__niveau_hierarchique_poste', 'num__satisfaction_employee_nature_travail', 'num__satisfaction_employee_equipe', 'num__satisfaction_employee_equilibre_pro_perso', 'num__note_evaluation_actuelle', 'num__heures_supplementaires', 'num__id_employee', 'num__age', 'num__genre', 'num__revenu_mensuel', 'num__nombre_experiences_precedentes', 'num__annee_experience_totale', 'num__annees_dans_l_entreprise', 'num__annees_dans_le_poste_actuel', 'num__nombre_participation_pee', 'num__nb_formations_suivies', 'num__nombre_employee_sous_responsabilite', 'num__distance_domicile_travail', 'num__niveau_education', 'num__annees_depuis_la_derniere_promotion', 'num__annes_sous_responsable_actuel', 'num__improvement_evaluation', 'num__total_satisfaction', 'num__work_mobility', 'cat__augementation_salaire_precedente_11 %', 'cat__augementation_salaire_precedente_12 %', 'cat__augementation_salaire_precedente_13 %', 'cat__augementation_salaire_precedente_14 %', 'cat__augementation_salaire_precedente_15 %', 'cat__augementation_salaire_precedente_16 %', 'cat__augementation_salaire_precedente_17 %', 'cat__augementation_salaire_precedente_18 %', 'cat__augementation_salaire_precedente_19 %', 'cat__augementation_salaire_precedente_20 %', 'cat__augementation_salaire_precedente_21 %', 'cat__augementation_salaire_precedente_22 %', 'cat__augementation_salaire_precedente_23 %', 'cat__augementation_salaire_precedente_24 %', 'cat__augementation_salaire_precedente_25 %', 'cat__statut_marital_Célibataire', 'cat__statut_marital_Divorcé(e)', 'cat__statut_marital_Marié(e)', 'cat__departement_Commercial', 'cat__departement_Consulting', 'cat__departement_Ressources Humaines', 'cat__poste_Assistant de Direction', 'cat__poste_Cadre Commercial', 'cat__poste_Consultant', 'cat__poste_Directeur Technique', 'cat__poste_Manager', 'cat__poste_Représentant Commercial', 'cat__poste_Ressources Humaines', 'cat__poste_Senior Manager', 'cat__poste_Tech Lead', 'cat__domaine_etude_Autre', 'cat__domaine_etude_Entrepreunariat', 'cat__domaine_etude_Infra & Cloud', 'cat__domaine_etude_Marketing', 'cat__domaine_etude_Ressources Humaines', 'cat__domaine_etude_Transformation Digitale', 'cat__ayant_enfants_Y', 'cat__frequence_deplacement_Aucun', 'cat__frequence_deplacement_Frequent', 'cat__frequence_deplacement_Occasionnel']",2025-12-05 20:55:40.028097+00:00
124,17899,"[-0.44576084915442454, -0.10371139177328444, 0.030188487172967134, -0.0645049147906438, -0.08313356667656446, -0.019036080566459973, 0.034853791033081394, 1.0601648358647122, 0.6817696999863478, 0.14456611301950875, -0.11432420049478308, 0.12621049841500306, -0.2531092329279686, 0.22306594353281373, -0.012546872559293305, 0.0, 0.27769647389174396, -0.009147847749797194, 0.0, -0.14636807075206001, 0.0, 0.12186393821810786, 0.34663878107860374, -0.016151157079632463, -0.029378498047569944, -0.24346921509629996, -0.00686203179120519, -0.0, -0.0, 0.023954424573350914, -0.0, -0.0, -0.0, -0.0, 0.004853875970295928, 0.002946598898926316, -0.0, -0.00017803260482038435, 0.0, 0.0, -0.0, -0.10743518189069683, 0.017179526218022052, -0.008281598097105963, -0.06258185761554942, -0.08268524921513001, -0.0, -0.254045329739609, -0.0, -0.08902040178278302, 0.0015197767288302603, 0.011817125862619706, -0.008106719730306845, -0.0, -0.0, -0.0, 0.0018875036456319117, -0.002936690411928771, -0.005371194389195322, -0.011406420463949761, -0.0, -0.0, -0.0, 0.035596535260333184, -0.11351152551480784, -0.0]",-1.0379683952352932,"['num__satisfaction_employee_environnement', 'num__note_evaluation_precedente', 'num__niveau_hierarchique_poste', 'num__satisfaction_employee_nature_travail', 'num__satisfaction_employee_equipe', 'num__satisfaction_employee_equilibre_pro_perso', 'num__note_evaluation_actuelle', 'num__heures_supplementaires', 'num__id_employee', 'num__age', 'num__genre', 'num__revenu_mensuel', 'num__nombre_experiences_precedentes', 'num__annee_experience_totale', 'num__annees_dans_l_entreprise', 'num__annees_dans_le_poste_actuel', 'num__nombre_participation_pee', 'num__nb_formations_suivies', 'num__nombre_employee_sous_responsabilite', 'num__distance_domicile_travail', 'num__niveau_education', 'num__annees_depuis_la_derniere_promotion', 'num__annes_sous_responsable_actuel', 'num__improvement_evaluation', 'num__total_satisfaction', 'num__work_mobility', 'cat__augementation_salaire_precedente_11 %', 'cat__augementation_salaire_precedente_12 %', 'cat__augementation_salaire_precedente_13 %', 'cat__augementation_salaire_precedente_14 %', 'cat__augementation_salaire_precedente_15 %', 'cat__augementation_salaire_precedente_16 %', 'cat__augementation_salaire_precedente_17 %', 'cat__augementation_salaire_precedente_18 %', 'cat__augementation_salaire_precedente_19 %', 'cat__augementation_salaire_precedente_20 %', 'cat__augementation_salaire_precedente_21 %', 'cat__augementation_salaire_precedente_22 %', 'cat__augementation_salaire_precedente_23 %', 'cat__augementation_salaire_precedente_24 %', 'cat__augementation_salaire_precedente_25 %', 'cat__statut_marital_Célibataire', 'cat__statut_marital_Divorcé(e)', 'cat__statut_marital_Marié(e)', 'cat__departement_Commercial', 'cat__departement_Consulting', 'cat__departement_Ressources Humaines', 'cat__poste_Assistant de Direction', 'cat__poste_Cadre Commercial', 'cat__poste_Consultant', 'cat__poste_Directeur Technique', 'cat__poste_Manager', 'cat__poste_Représentant Commercial', 'cat__poste_Ressources Humaines', 'cat__poste_Senior Manager', 'cat__poste_Tech Lead', 'cat__domaine_etude_Autre', 'cat__domaine_etude_Entrepreunariat', 'cat__domaine_etude_Infra & Cloud', 'cat__domaine_etude_Marketing', 'cat__domaine_etude_Ressources Humaines', 'cat__domaine_etude_Transformation Digitale', 'cat__ayant_enfants_Y', 'cat__frequence_deplacement_Aucun', 'cat__frequence_deplacement_Frequent', 'cat__frequence_deplacement_Occasionnel']",2025-12-05 20:55:39.308015+00:00
123,17898,"[-0.44576084915442454, 0.2804048740536949, 0.030188487172967134, -0.0645049147906438, 0.11480349683906524, -0.019036080566459973, 0.034853791033081394, 1.0601648358647122, 0.6817361944968654, 0.015489226394947365, 0.10138183817461895, 0.15534880609656707, 0.5378571199719331, 0.27330602090506906, 0.15200227575930736, -0.0, 0.27769647389174396, -0.009147847749797194, 0.0, -0.17288402559844768, -0.0, -0.26706352418010876, 0.34663878107860374, 0.02140967333811745, 0.020793510003308518, 0.49038009653752795, -0.00686203179120519, -0.0, -0.0, 0.023954424573350914, -0.0, -0.0, -0.0, -0.0, 0.004853875970295928, 0.002946598898926316, -0.0, -0.00017803260482038435, 0.0, 0.0, -0.0, 0.27626189629036324, 0.017179526218022052, 0.007344058689886419, -0.06258185761554942, -0.08268524921513001, -0.0, 0.07165381095219742, -0.0, 0.3348862733733266, 0.0015197767288302603, 0.011817125862619706, -0.008106719730306845, -0.0, -0.0, -0.0, -0.06102928454209847, -0.002936690411928771, 0.0037325249145255617, -0.011406420463949761, -0.0, -0.0, -0.0, 0.035596535260333184, -0.11351152551480784, -0.0]",-1.0379683952352932,"['num__satisfaction_employee_environnement', 'num__note_evaluation_precedente', 'num__niveau_hierarchique_poste', 'num__satisfaction_employee_nature_travail', 'num__satisfaction_employee_equipe', 'num__satisfaction_employee_equilibre_pro_perso', 'num__note_evaluation_actuelle', 'num__heures_supplementaires', 'num__id_employee', 'num__age', 'num__genre', 'num__revenu_mensuel', 'num__nombre_experiences_precedentes', 'num__annee_experience_totale', 'num__annees_dans_l_entreprise', 'num__annees_dans_le_poste_actuel', 'num__nombre_participation_pee', 'num__nb_formations_suivies', 'num__nombre_employee_sous_responsabilite', 'num__distance_domicile_travail', 'num__niveau_education', 'num__annees_depuis_la_derniere_promotion', 'num__annes_sous_responsable_actuel', 'num__improvement_evaluation', 'num__total_satisfaction', 'num__work_mobility', 'cat__augementation_salaire_precedente_11 %', 'cat__augementation_salaire_precedente_12 %', 'cat__augementation_salaire_precedente_13 %', 'cat__augementation_salaire_precedente_14 %', 'cat__augementation_salaire_precedente_15 %', 'cat__augementation_salaire_precedente_16 %', 'cat__augementation_salaire_precedente_17 %', 'cat__augementation_salaire_precedente_18 %', 'cat__augementation_salaire_precedente_19 %', 'cat__augementation_salaire_precedente_20 %', 'cat__augementation_salaire_precedente_21 %', 'cat__augementation_salaire_precedente_22 %', 'cat__augementation_salaire_precedente_23 %', 'cat__augementation_salaire_precedente_24 %', 'cat__augementation_salaire_precedente_25 %', 'cat__statut_marital_Célibataire', 'cat__statut_marital_Divorcé(e)', 'cat__statut_marital_Marié(e)', 'cat__departement_Commercial', 'cat__departement_Consulting', 'cat__departement_Ressources Humaines', 'cat__poste_Assistant de Direction', 'cat__poste_Cadre Commercial', 'cat__poste_Consultant', 'cat__poste_Directeur Technique', 'cat__poste_Manager', 'cat__poste_Représentant Commercial', 'cat__poste_Ressources Humaines', 'cat__poste_Senior Manager', 'cat__poste_Tech Lead', 'cat__domaine_etude_Autre', 'cat__domaine_etude_Entrepreunariat', 'cat__domaine_etude_Infra & Cloud', 'cat__domaine_etude_Marketing', 'cat__domaine_etude_Ressources Humaines', 'cat__domaine_etude_Transformation Digitale', 'cat__ayant_enfants_Y', 'cat__frequence_deplacement_Aucun', 'cat__frequence_deplacement_Frequent', 'cat__frequence_deplacement_Occasionnel']",2025-12-05 20:55:39.279520+00:00
122,17897,"[-0.11799551889381826, 0.2804048740536949, 0.0029916518820057563, 0.21595123647302497, -0.2810706301921942, -0.019036080566459973, -0.1829824029236773, -0.4543563582277338, 0.6817026890073832, -0.3717414334787367, 0.10138183817461895, 0.04719196195498631, -0.2531092329279686, 0.12258578878830305, -0.05368415963894347, 0.0, -0.0452064027265629, -0.009147847749797194, 0.0, -0.013788296520121607, -0.0, -0.13742103671403652, -0.17743712983937163, 0.05897050375586737, -0.012654495363943792, -0.09669935276953433, -0.00686203179120519, -0.0, -0.0, 0.023954424573350914, -0.0, -0.0, -0.0, -0.0, 0.004853875970295928, 0.002946598898926316, -0.0, -0.00017803260482038435, 0.0, 0.0, -0.0, -0.10743518189069683, 0.017179526218022052, -0.008281598097105963, -0.06258185761554942, -0.08268524921513001, -0.0, -0.254045329739609, -0.0, -0.08902040178278302, 0.0015197767288302603, 0.011817125862619706, -0.008106719730306845, -0.0, -0.0, -0.0, 0.0018875036456319117, -0.002936690411928771, -0.005371194389195322, -0.011406420463949761, -0.0, -0.0, -0.0, 0.035596535260333184, -0.11351152551480784, -0.0]",-1.0379683952352932,"['num__satisfaction_employee_environnement', 'num__note_evaluation_precedente', 'num__niveau_hierarchique_poste', 'num__satisfaction_employee_nature_travail', 'num__satisfaction_employee_equipe', 'num__satisfaction_employee_equilibre_pro_perso', 'num__note_evaluation_actuelle', 'num__heures_supplementaires', 'num__id_employee', 'num__age', 'num__genre', 'num__revenu_mensuel', 'num__nombre_experiences_precedentes', 'num__annee_experience_totale', 'num__annees_dans_l_entreprise', 'num__annees_dans_le_poste_actuel', 'num__nombre_participation_pee', 'num__nb_formations_suivies', 'num__nombre_employee_sous_responsabilite', 'num__distance_domicile_travail', 'num__niveau_education', 'num__annees_depuis_la_derniere_promotion', 'num__annes_sous_responsable_actuel', 'num__improvement_evaluation', 'num__total_satisfaction', 'num__work_mobility', 'cat__augementation_salaire_precedente_11 %', 'cat__augementation_salaire_precedente_12 %', 'cat__augementation_salaire_precedente_13 %', 'cat__augementation_salaire_precedente_14 %', 'cat__augementation_salaire_precedente_15 %', 'cat__augementation_salaire_precedente_16 %', 'cat__augementation_salaire_precedente_17 %', 'cat__augementation_salaire_precedente_18 %', 'cat__augementation_salaire_precedente_19 %', 'cat__augementation_salaire_precedente_20 %', 'cat__augementation_salaire_precedente_21 %', 'cat__augementation_salaire_precedente_22 %', 'cat__augementation_salaire_precedente_23 %', 'cat__augementation_salaire_precedente_24 %', 'cat__augementation_salaire_precedente_25 %', 'cat__statut_marital_Célibataire', 'cat__statut_marital_Divorcé(e)', 'cat__statut_marital_Marié(e)', 'cat__departement_Commercial', 'cat__departement_Consulting', 'cat__departement_Ressources Humaines', 'cat__poste_Assistant de Direction', 'cat__poste_Cadre Commercial', 'cat__poste_Consultant', 'cat__poste_Directeur Technique', 'cat__poste_Manager', 'cat__poste_Représentant Commercial', 'cat__poste_Ressources Humaines', 'cat__poste_Senior Manager', 'cat__poste_Tech Lead', 'cat__domaine_etude_Autre', 'cat__domaine_etude_Entrepreunariat', 'cat__domaine_etude_Infra & Cloud', 'cat__domaine_etude_Marketing', 'cat__domaine_etude_Ressources Humaines', 'cat__domaine_etude_Transformation Digitale', 'cat__ayant_enfants_Y', 'cat__frequence_deplacement_Aucun', 'cat__frequence_deplacement_Frequent', 'cat__frequence_deplacement_Occasionnel']",2025-12-05 20:55:39.256139+00:00
121,17896,"[0.20976981136678796, -0.10371139177328444, 0.0029916518820057563, -0.3449610660543126, 0.31274056035469494, 0.3270744751873578, 0.034853791033081394, 1.0601648358647122, 0.6816691835179007, -0.113587660229614, -0.11432420049478308, 0.016488226266109934, 0.854243661131894, 0.22306594353281373, 0.028590414520356867, -0.0, 0.27769647389174396, 0.3829027700986546, 0.0, -0.19939998044483537, -0.0, -0.26706352418010876, -0.027701155291378683, -0.016151157079632463, 0.09883885586023057, -0.06874318851681709, -0.00686203179120519, -0.0, -0.0, 0.023954424573350914, -0.0, -0.0, -0.0, -0.0, 0.004853875970295928, 0.002946598898926316, -0.0, -0.00017803260482038435, 0.0, 0.0, -0.0, 0.27626189629036324, 0.017179526218022052, 0.007344058689886419, 0.19817588244923984, 0.24805574764539004, -0.0, 0.07165381095219742, 0.0, -0.08902040178278302, 0.0015197767288302603, 0.011817125862619706, -0.008106719730306845, -0.0, -0.0, -0.0, 0.0018875036456319117, -0.002936690411928771, -0.005371194389195322, -0.011406420463949761, -0.0, -0.0, -0.0, 0.035596535260333184, -0.11351152551480784, -0.0]",-1.0379683952352932,"['num__satisfaction_employee_environnement', 'num__note_evaluation_precedente', 'num__niveau_hierarchique_poste', 'num__satisfaction_employee_nature_travail', 'num__satisfaction_employee_equipe', 'num__satisfaction_employee_equilibre_pro_perso', 'num__note_evaluation_actuelle', 'num__heures_supplementaires', 'num__id_employee', 'num__age', 'num__genre', 'num__revenu_mensuel', 'num__nombre_experiences_precedentes', 'num__annee_experience_totale', 'num__annees_dans_l_entreprise', 'num__annees_dans_le_poste_actuel', 'num__nombre_participation_pee', 'num__nb_formations_suivies', 'num__nombre_employee_sous_responsabilite', 'num__distance_domicile_travail', 'num__niveau_education', 'num__annees_depuis_la_derniere_promotion', 'num__annes_sous_responsable_actuel', 'num__improvement_evaluation', 'num__total_satisfaction', 'num__work_mobility', 'cat__augementation_salaire_precedente_11 %', 'cat__augementation_salaire_precedente_12 %', 'cat__augementation_salaire_precedente_13 %', 'cat__augementation_salaire_precedente_14 %', 'cat__augementation_salaire_precedente_15 %', 'cat__augementation_salaire_precedente_16 %', 'cat__augementation_salaire_precedente_17 %', 'cat__augementation_salaire_precedente_18 %', 'cat__augementation_salaire_precedente_19 %', 'cat__augementation_salaire_precedente_20 %', 'cat__augementation_salaire_precedente_21 %', 'cat__augementation_salaire_precedente_22 %', 'cat__augementation_salaire_precedente_23 %', 'cat__augementation_salaire_precedente_24 %', 'cat__augementation_salaire_precedente_25 %', 'cat__statut_marital_Célibataire', 'cat__statut_marital_Divorcé(e)', 'cat__statut_marital_Marié(e)', 'cat__departement_Commercial', 'cat__departement_Consulting', 'cat__departement_Ressources Humaines', 'cat__poste_Assistant de Direction', 'cat__poste_Cadre Commercial', 'cat__poste_Consultant', 'cat__poste_Directeur Technique', 'cat__poste_Manager', 'cat__poste_Représentant Commercial', 'cat__poste_Ressources Humaines', 'cat__poste_Senior Manager', 'cat__poste_Tech Lead', 'cat__domaine_etude_Autre', 'cat__domaine_etude_Entrepreunariat', 'cat__domaine_etude_Infra & Cloud', 'cat__domaine_etude_Marketing', 'cat__domaine_etude_Ressources Humaines', 'cat__domaine_etude_Transformation Digitale', 'cat__ayant_enfants_Y', 'cat__frequence_deplacement_Aucun', 'cat__frequence_deplacement_Frequent', 'cat__frequence_deplacement_Occasionnel']",2025-12-05 20:55:39.216437+00:00
120,17887,"[-0.11799551889381826, -0.10371139177328444, 0.0029916518820057563, -0.3449610660543126, -0.08313356667656446, -0.019036080566459973, -0.1829824029236773, -0.4543563582277338, 3.283571474757326, 0.08002766970722806, 0.10138183817461895, 0.01623918090131024, -0.09491596234798821, 0.12258578878830305, 0.04915905806018195, -0.0, -0.0452064027265629, 0.12153569153302007, -0.0, 0.17182338740459216, 0.0, -0.007778549247964336, 0.19690280653061076, 0.02140967333811745, -0.07955050609844841, -0.01283086001138259, -0.00686203179120519, -0.0, -0.0, 0.023954424573350914, -0.0, -0.0, -0.0, -0.0, 0.004853875970295928, 0.002946598898926316, -0.0, -0.00017803260482038435, 0.0, 0.0, -0.0, -0.10743518189069683, 0.017179526218022052, 0.007344058689886419, -0.06258185761554942, 0.24805574764539004, -0.0, 0.07165381095219742, -0.0, -0.08902040178278302, 0.0015197767288302603, 0.011817125862619706, -0.008106719730306845, -0.0, -0.0, -0.0, 0.0018875036456319117, -0.002936690411928771, 0.0037325249145255617, -0.011406420463949761, -0.0, -0.0, -0.0, 0.035596535260333184, -0.11351152551480784, -0.0]",-1.0379683952352932,"['num__satisfaction_employee_environnement', 'num__note_evaluation_precedente', 'num__niveau_hierarchique_poste', 'num__satisfaction_employee_nature_travail', 'num__satisfaction_employee_equipe', 'num__satisfaction_employee_equilibre_pro_perso', 'num__note_evaluation_actuelle', 'num__heures_supplementaires', 'num__id_employee', 'num__age', 'num__genre', 'num__revenu_mensuel', 'num__nombre_experiences_precedentes', 'num__annee_experience_totale', 'num__annees_dans_l_entreprise', 'num__annees_dans_le_poste_actuel', 'num__nombre_participation_pee', 'num__nb_formations_suivies', 'num__nombre_employee_sous_responsabilite', 'num__distance_domicile_travail', 'num__niveau_education', 'num__annees_depuis_la_derniere_promotion', 'num__annes_sous_responsable_actuel', 'num__improvement_evaluation', 'num__total_satisfaction', 'num__work_mobility', 'cat__augementation_salaire_precedente_11 %', 'cat__augementation_salaire_precedente_12 %', 'cat__augementation_salaire_precedente_13 %', 'cat__augementation_salaire_precedente_14 %', 'cat__augementation_salaire_precedente_15 %', 'cat__augementation_salaire_precedente_16 %', 'cat__augementation_salaire_precedente_17 %', 'cat__augementation_salaire_precedente_18 %', 'cat__augementation_salaire_precedente_19 %', 'cat__augementation_salaire_precedente_20 %', 'cat__augementation_salaire_precedente_21 %', 'cat__augementation_salaire_precedente_22 %', 'cat__augementation_salaire_precedente_23 %', 'cat__augementation_salaire_precedente_24 %', 'cat__augementation_salaire_precedente_25 %', 'cat__statut_marital_Célibataire', 'cat__statut_marital_Divorcé(e)', 'cat__statut_marital_Marié(e)', 'cat__departement_Commercial', 'cat__departement_Consulting', 'cat__departement_Ressources Humaines', 'cat__poste_Assistant de Direction', 'cat__poste_Cadre Commercial', 'cat__poste_Consultant', 'cat__poste_Directeur Technique', 'cat__poste_Manager', 'cat__poste_Représentant Commercial', 'cat__poste_Ressources Humaines', 'cat__poste_Senior Manager', 'cat__poste_Tech Lead', 'cat__domaine_etude_Autre', 'cat__domaine_etude_Entrepreunariat', 'cat__domaine_etude_Infra & Cloud', 'cat__domaine_etude_Marketing', 'cat__domaine_etude_Ressources Humaines', 'cat__domaine_etude_Transformation Digitale', 'cat__ayant_enfants_Y', 'cat__frequence_deplacement_Aucun', 'cat__frequence_deplacement_Frequent', 'cat__frequence_deplacement_Occasionnel']",2025-12-05 18:46:36.791545+00:00
119,17886,"[-0.11799551889381826, -0.10371139177328444, 0.0029916518820057563, -0.3449610660543126, -0.08313356667656446, -0.019036080566459973, -0.1829824029236773, -0.4543563582277338, 3.283571474757326, 0.08002766970722806, 0.10138183817461895, 0.01623918090131024, -0.09491596234798821, 0.12258578878830305, 0.04915905806018195, -0.0, -0.0452064027265629, 0.12153569153302007, -0.0, 0.17182338740459216, 0.0, -0.007778549247964336, 0.19690280653061076, 0.02140967333811745, -0.07955050609844841, -0.01283086001138259, -0.00686203179120519, -0.0, -0.0, 0.023954424573350914, -0.0, -0.0, -0.0, -0.0, 0.004853875970295928, 0.002946598898926316, -0.0, -0.00017803260482038435, 0.0, 0.0, -0.0, -0.10743518189069683, 0.017179526218022052, 0.007344058689886419, -0.06258185761554942, 0.24805574764539004, -0.0, 0.07165381095219742, -0.0, -0.08902040178278302, 0.0015197767288302603, 0.011817125862619706, -0.008106719730306845, -0.0, -0.0, -0.0, 0.0018875036456319117, -0.002936690411928771, 0.0037325249145255617, -0.011406420463949761, -0.0, -0.0, -0.0, 0.035596535260333184, -0.11351152551480784, -0.0]",-1.0379683952352932,"['num__satisfaction_employee_environnement', 'num__note_evaluation_precedente', 'num__niveau_hierarchique_poste', 'num__satisfaction_employee_nature_travail', 'num__satisfaction_employee_equipe', 'num__satisfaction_employee_equilibre_pro_perso', 'num__note_evaluation_actuelle', 'num__heures_supplementaires', 'num__id_employee', 'num__age', 'num__genre', 'num__revenu_mensuel', 'num__nombre_experiences_precedentes', 'num__annee_experience_totale', 'num__annees_dans_l_entreprise', 'num__annees_dans_le_poste_actuel', 'num__nombre_participation_pee', 'num__nb_formations_suivies', 'num__nombre_employee_sous_responsabilite', 'num__distance_domicile_travail', 'num__niveau_education', 'num__annees_depuis_la_derniere_promotion', 'num__annes_sous_responsable_actuel', 'num__improvement_evaluation', 'num__total_satisfaction', 'num__work_mobility', 'cat__augementation_salaire_precedente_11 %', 'cat__augementation_salaire_precedente_12 %', 'cat__augementation_salaire_precedente_13 %', 'cat__augementation_salaire_precedente_14 %', 'cat__augementation_salaire_precedente_15 %', 'cat__augementation_salaire_precedente_16 %', 'cat__augementation_salaire_precedente_17 %', 'cat__augementation_salaire_precedente_18 %', 'cat__augementation_salaire_precedente_19 %', 'cat__augementation_salaire_precedente_20 %', 'cat__augementation_salaire_precedente_21 %', 'cat__augementation_salaire_precedente_22 %', 'cat__augementation_salaire_precedente_23 %', 'cat__augementation_salaire_precedente_24 %', 'cat__augementation_salaire_precedente_25 %', 'cat__statut_marital_Célibataire', 'cat__statut_marital_Divorcé(e)', 'cat__statut_marital_Marié(e)', 'cat__departement_Commercial', 'cat__departement_Consulting', 'cat__departement_Ressources Humaines', 'cat__poste_Assistant de Direction', 'cat__poste_Cadre Commercial', 'cat__poste_Consultant', 'cat__poste_Directeur Technique', 'cat__poste_Manager', 'cat__poste_Représentant Commercial', 'cat__poste_Ressources Humaines', 'cat__poste_Senior Manager', 'cat__poste_Tech Lead', 'cat__domaine_etude_Autre', 'cat__domaine_etude_Entrepreunariat', 'cat__domaine_etude_Infra & Cloud', 'cat__domaine_etude_Marketing', 'cat__domaine_etude_Ressources Humaines', 'cat__domaine_etude_Transformation Digitale', 'cat__ayant_enfants_Y', 'cat__frequence_deplacement_Aucun', 'cat__frequence_deplacement_Frequent', 'cat__frequence_deplacement_Occasionnel']",2025-12-05 18:46:36.130327+00:00
118,17885,"[-0.11799551889381826, -0.10371139177328444, 0.0029916518820057563, -0.3449610660543126, -0.08313356667656446, -0.019036080566459973, -0.1829824029236773, -0.4543563582277338, 3.2836384857362906, 0.08002766970722806, 0.10138183817461895, 0.01623918090131024, -0.09491596234798821, 0.12258578878830305, 0.04915905806018195, -0.0, -0.0452064027265629, 0.12153569153302007, -0.0, 0.17182338740459216, 0.0, -0.007778549247964336, 0.19690280653061076, 0.02140967333811745, -0.07955050609844841, -0.01283086001138259, -0.00686203179120519, -0.0, -0.0, 0.023954424573350914, -0.0, -0.0, -0.0, -0.0, 0.004853875970295928, 0.002946598898926316, -0.0, -0.00017803260482038435, 0.0, 0.0, -0.0, -0.10743518189069683, 0.017179526218022052, 0.007344058689886419, -0.06258185761554942, 0.24805574764539004, -0.0, 0.07165381095219742, -0.0, -0.08902040178278302, 0.0015197767288302603, 0.011817125862619706, -0.008106719730306845, -0.0, -0.0, -0.0, 0.0018875036456319117, -0.002936690411928771, 0.0037325249145255617, -0.011406420463949761, -0.0, -0.0, -0.0, 0.035596535260333184, -0.11351152551480784, -0.0]",-1.0379683952352932,"['num__satisfaction_employee_environnement', 'num__note_evaluation_precedente', 'num__niveau_hierarchique_poste', 'num__satisfaction_employee_nature_travail', 'num__satisfaction_employee_equipe', 'num__satisfaction_employee_equilibre_pro_perso', 'num__note_evaluation_actuelle', 'num__heures_supplementaires', 'num__id_employee', 'num__age', 'num__genre', 'num__revenu_mensuel', 'num__nombre_experiences_precedentes', 'num__annee_experience_totale', 'num__annees_dans_l_entreprise', 'num__annees_dans_le_poste_actuel', 'num__nombre_participation_pee', 'num__nb_formations_suivies', 'num__nombre_employee_sous_responsabilite', 'num__distance_domicile_travail', 'num__niveau_education', 'num__annees_depuis_la_derniere_promotion', 'num__annes_sous_responsable_actuel', 'num__improvement_evaluation', 'num__total_satisfaction', 'num__work_mobility', 'cat__augementation_salaire_precedente_11 %', 'cat__augementation_salaire_precedente_12 %', 'cat__augementation_salaire_precedente_13 %', 'cat__augementation_salaire_precedente_14 %', 'cat__augementation_salaire_precedente_15 %', 'cat__augementation_salaire_precedente_16 %', 'cat__augementation_salaire_precedente_17 %', 'cat__augementation_salaire_precedente_18 %', 'cat__augementation_salaire_precedente_19 %', 'cat__augementation_salaire_precedente_20 %', 'cat__augementation_salaire_precedente_21 %', 'cat__augementation_salaire_precedente_22 %', 'cat__augementation_salaire_precedente_23 %', 'cat__augementation_salaire_precedente_24 %', 'cat__augementation_salaire_precedente_25 %', 'cat__statut_marital_Célibataire', 'cat__statut_marital_Divorcé(e)', 'cat__statut_marital_Marié(e)', 'cat__departement_Commercial', 'cat__departement_Consulting', 'cat__departement_Ressources Humaines', 'cat__poste_Assistant de Direction', 'cat__poste_Cadre Commercial', 'cat__poste_Consultant', 'cat__poste_Directeur Technique', 'cat__poste_Manager', 'cat__poste_Représentant Commercial', 'cat__poste_Ressources Humaines', 'cat__poste_Senior Manager', 'cat__poste_Tech Lead', 'cat__domaine_etude_Autre', 'cat__domaine_etude_Entrepreunariat', 'cat__domaine_etude_Infra & Cloud', 'cat__domaine_etude_Marketing', 'cat__domaine_etude_Ressources Humaines', 'cat__domaine_etude_Transformation Digitale', 'cat__ayant_enfants_Y', 'cat__frequence_deplacement_Aucun', 'cat__frequence_deplacement_Frequent', 'cat__frequence_deplacement_Occasionnel']",2025-12-05 18:46:35.933756+00:00
117,17884,"[-0.11799551889381826, -0.10371139177328444, 0.0029916518820057563, -0.3449610660543126, -0.08313356667656446, -0.019036080566459973, -0.1829824029236773, -0.4543563582277338, 3.2836049802468086, 0.08002766970722806, 0.10138183817461895, 0.01623918090131024, -0.09491596234798821, 0.12258578878830305, 0.04915905806018195, -0.0, -0.0452064027265629, 0.12153569153302007, -0.0, 0.17182338740459216, 0.0, -0.007778549247964336, 0.19690280653061076, 0.02140967333811745, -0.07955050609844841, -0.01283086001138259, -0.00686203179120519, -0.0, -0.0, 0.023954424573350914, -0.0, -0.0, -0.0, -0.0, 0.004853875970295928, 0.002946598898926316, -0.0, -0.00017803260482038435, 0.0, 0.0, -0.0, -0.10743518189069683, 0.017179526218022052, 0.007344058689886419, -0.06258185761554942, 0.24805574764539004, -0.0, 0.07165381095219742, -0.0, -0.08902040178278302, 0.0015197767288302603, 0.011817125862619706, -0.008106719730306845, -0.0, -0.0, -0.0, 0.0018875036456319117, -0.002936690411928771, 0.0037325249145255617, -0.011406420463949761, -0.0, -0.0, -0.0, 0.035596535260333184, -0.11351152551480784, -0.0]",-1.0379683952352932,"['num__satisfaction_employee_environnement', 'num__note_evaluation_precedente', 'num__niveau_hierarchique_poste', 'num__satisfaction_employee_nature_travail', 'num__satisfaction_employee_equipe', 'num__satisfaction_employee_equilibre_pro_perso', 'num__note_evaluation_actuelle', 'num__heures_supplementaires', 'num__id_employee', 'num__age', 'num__genre', 'num__revenu_mensuel', 'num__nombre_experiences_precedentes', 'num__annee_experience_totale', 'num__annees_dans_l_entreprise', 'num__annees_dans_le_poste_actuel', 'num__nombre_participation_pee', 'num__nb_formations_suivies', 'num__nombre_employee_sous_responsabilite', 'num__distance_domicile_travail', 'num__niveau_education', 'num__annees_depuis_la_derniere_promotion', 'num__annes_sous_responsable_actuel', 'num__improvement_evaluation', 'num__total_satisfaction', 'num__work_mobility', 'cat__augementation_salaire_precedente_11 %', 'cat__augementation_salaire_precedente_12 %', 'cat__augementation_salaire_precedente_13 %', 'cat__augementation_salaire_precedente_14 %', 'cat__augementation_salaire_precedente_15 %', 'cat__augementation_salaire_precedente_16 %', 'cat__augementation_salaire_precedente_17 %', 'cat__augementation_salaire_precedente_18 %', 'cat__augementation_salaire_precedente_19 %', 'cat__augementation_salaire_precedente_20 %', 'cat__augementation_salaire_precedente_21 %', 'cat__augementation_salaire_precedente_22 %', 'cat__augementation_salaire_precedente_23 %', 'cat__augementation_salaire_precedente_24 %', 'cat__augementation_salaire_precedente_25 %', 'cat__statut_marital_Célibataire', 'cat__statut_marital_Divorcé(e)', 'cat__statut_marital_Marié(e)', 'cat__departement_Commercial', 'cat__departement_Consulting', 'cat__departement_Ressources Humaines', 'cat__poste_Assistant de Direction', 'cat__poste_Cadre Commercial', 'cat__poste_Consultant', 'cat__poste_Directeur Technique', 'cat__poste_Manager', 'cat__poste_Représentant Commercial', 'cat__poste_Ressources Humaines', 'cat__poste_Senior Manager', 'cat__poste_Tech Lead', 'cat__domaine_etude_Autre', 'cat__domaine_etude_Entrepreunariat', 'cat__domaine_etude_Infra & Cloud', 'cat__domaine_etude_Marketing', 'cat__domaine_etude_Ressources Humaines', 'cat__domaine_etude_Transformation Digitale', 'cat__ayant_enfants_Y', 'cat__frequence_deplacement_Aucun', 'cat__frequence_deplacement_Frequent', 'cat__frequence_deplacement_Occasionnel']",2025-12-05 18:46:35.911187+00:00
116,17883,"[-0.11799551889381826, -0.10371139177328444, 0.0029916518820057563, -0.3449610660543126, -0.08313356667656446, -0.019036080566459973, -0.1829824029236773, -0.4543563582277338, 3.283571474757326, 0.08002766970722806, 0.10138183817461895, 0.01623918090131024, -0.09491596234798821, 0.12258578878830305, 0.04915905806018195, -0.0, -0.0452064027265629, 0.12153569153302007, -0.0, 0.17182338740459216, 0.0, -0.007778549247964336, 0.19690280653061076, 0.02140967333811745, -0.07955050609844841, -0.01283086001138259, -0.00686203179120519, -0.0, -0.0, 0.023954424573350914, -0.0, -0.0, -0.0, -0.0, 0.004853875970295928, 0.002946598898926316, -0.0, -0.00017803260482038435, 0.0, 0.0, -0.0, -0.10743518189069683, 0.017179526218022052, 0.007344058689886419, -0.06258185761554942, 0.24805574764539004, -0.0, 0.07165381095219742, -0.0, -0.08902040178278302, 0.0015197767288302603, 0.011817125862619706, -0.008106719730306845, -0.0, -0.0, -0.0, 0.0018875036456319117, -0.002936690411928771, 0.0037325249145255617, -0.011406420463949761, -0.0, -0.0, -0.0, 0.035596535260333184, -0.11351152551480784, -0.0]",-1.0379683952352932,"['num__satisfaction_employee_environnement', 'num__note_evaluation_precedente', 'num__niveau_hierarchique_poste', 'num__satisfaction_employee_nature_travail', 'num__satisfaction_employee_equipe', 'num__satisfaction_employee_equilibre_pro_perso', 'num__note_evaluation_actuelle', 'num__heures_supplementaires', 'num__id_employee', 'num__age', 'num__genre', 'num__revenu_mensuel', 'num__nombre_experiences_precedentes', 'num__annee_experience_totale', 'num__annees_dans_l_entreprise', 'num__annees_dans_le_poste_actuel', 'num__nombre_participation_pee', 'num__nb_formations_suivies', 'num__nombre_employee_sous_responsabilite', 'num__distance_domicile_travail', 'num__niveau_education', 'num__annees_depuis_la_derniere_promotion', 'num__annes_sous_responsable_actuel', 'num__improvement_evaluation', 'num__total_satisfaction', 'num__work_mobility', 'cat__augementation_salaire_precedente_11 %', 'cat__augementation_salaire_precedente_12 %', 'cat__augementation_salaire_precedente_13 %', 'cat__augementation_salaire_precedente_14 %', 'cat__augementation_salaire_precedente_15 %', 'cat__augementation_salaire_precedente_16 %', 'cat__augementation_salaire_precedente_17 %', 'cat__augementation_salaire_precedente_18 %', 'cat__augementation_salaire_precedente_19 %', 'cat__augementation_salaire_precedente_20 %', 'cat__augementation_salaire_precedente_21 %', 'cat__augementation_salaire_precedente_22 %', 'cat__augementation_salaire_precedente_23 %', 'cat__augementation_salaire_precedente_24 %', 'cat__augementation_salaire_precedente_25 %', 'cat__statut_marital_Célibataire', 'cat__statut_marital_Divorcé(e)', 'cat__statut_marital_Marié(e)', 'cat__departement_Commercial', 'cat__departement_Consulting', 'cat__departement_Ressources Humaines', 'cat__poste_Assistant de Direction', 'cat__poste_Cadre Commercial', 'cat__poste_Consultant', 'cat__poste_Directeur Technique', 'cat__poste_Manager', 'cat__poste_Représentant Commercial', 'cat__poste_Ressources Humaines', 'cat__poste_Senior Manager', 'cat__poste_Tech Lead', 'cat__domaine_etude_Autre', 'cat__domaine_etude_Entrepreunariat', 'cat__domaine_etude_Infra & Cloud', 'cat__domaine_etude_Marketing', 'cat__domaine_etude_Ressources Humaines', 'cat__domaine_etude_Transformation Digitale', 'cat__ayant_enfants_Y', 'cat__frequence_deplacement_Aucun', 'cat__frequence_deplacement_Frequent', 'cat__frequence_deplacement_Occasionnel']",2025-12-05 18:46:35.886149+00:00
115,17882,"[-0.11799551889381826, -0.10371139177328444, 0.0029916518820057563, -0.3449610660543126, -0.08313356667656446, -0.019036080566459973, -0.1829824029236773, -0.4543563582277338, 3.283571474757326, 0.08002766970722806, 0.10138183817461895, 0.01623918090131024, -0.09491596234798821, 0.12258578878830305, 0.04915905806018195, -0.0, -0.0452064027265629, 0.12153569153302007, -0.0, 0.17182338740459216, 0.0, -0.007778549247964336, 0.19690280653061076, 0.02140967333811745, -0.07955050609844841, -0.01283086001138259, -0.00686203179120519, -0.0, -0.0, 0.023954424573350914, -0.0, -0.0, -0.0, -0.0, 0.004853875970295928, 0.002946598898926316, -0.0, -0.00017803260482038435, 0.0, 0.0, -0.0, -0.10743518189069683, 0.017179526218022052, 0.007344058689886419, -0.06258185761554942, 0.24805574764539004, -0.0, 0.07165381095219742, -0.0, -0.08902040178278302, 0.0015197767288302603, 0.011817125862619706, -0.008106719730306845, -0.0, -0.0, -0.0, 0.0018875036456319117, -0.002936690411928771, 0.0037325249145255617, -0.011406420463949761, -0.0, -0.0, -0.0, 0.035596535260333184, -0.11351152551480784, -0.0]",-1.0379683952352932,"['num__satisfaction_employee_environnement', 'num__note_evaluation_precedente', 'num__niveau_hierarchique_poste', 'num__satisfaction_employee_nature_travail', 'num__satisfaction_employee_equipe', 'num__satisfaction_employee_equilibre_pro_perso', 'num__note_evaluation_actuelle', 'num__heures_supplementaires', 'num__id_employee', 'num__age', 'num__genre', 'num__revenu_mensuel', 'num__nombre_experiences_precedentes', 'num__annee_experience_totale', 'num__annees_dans_l_entreprise', 'num__annees_dans_le_poste_actuel', 'num__nombre_participation_pee', 'num__nb_formations_suivies', 'num__nombre_employee_sous_responsabilite', 'num__distance_domicile_travail', 'num__niveau_education', 'num__annees_depuis_la_derniere_promotion', 'num__annes_sous_responsable_actuel', 'num__improvement_evaluation', 'num__total_satisfaction', 'num__work_mobility', 'cat__augementation_salaire_precedente_11 %', 'cat__augementation_salaire_precedente_12 %', 'cat__augementation_salaire_precedente_13 %', 'cat__augementation_salaire_precedente_14 %', 'cat__augementation_salaire_precedente_15 %', 'cat__augementation_salaire_precedente_16 %', 'cat__augementation_salaire_precedente_17 %', 'cat__augementation_salaire_precedente_18 %', 'cat__augementation_salaire_precedente_19 %', 'cat__augementation_salaire_precedente_20 %', 'cat__augementation_salaire_precedente_21 %', 'cat__augementation_salaire_precedente_22 %', 'cat__augementation_salaire_precedente_23 %', 'cat__augementation_salaire_precedente_24 %', 'cat__augementation_salaire_precedente_25 %', 'cat__statut_marital_Célibataire', 'cat__statut_marital_Divorcé(e)', 'cat__statut_marital_Marié(e)', 'cat__departement_Commercial', 'cat__departement_Consulting', 'cat__departement_Ressources Humaines', 'cat__poste_Assistant de Direction', 'cat__poste_Cadre Commercial', 'cat__poste_Consultant', 'cat__poste_Directeur Technique', 'cat__poste_Manager', 'cat__poste_Représentant Commercial', 'cat__poste_Ressources Humaines', 'cat__poste_Senior Manager', 'cat__poste_Tech Lead', 'cat__domaine_etude_Autre', 'cat__domaine_etude_Entrepreunariat', 'cat__domaine_etude_Infra & Cloud', 'cat__domaine_etude_Marketing', 'cat__domaine_etude_Ressources Humaines', 'cat__domaine_etude_Transformation Digitale', 'cat__ayant_enfants_Y', 'cat__frequence_deplacement_Aucun', 'cat__frequence_deplacement_Frequent', 'cat__frequence_deplacement_Occasionnel']",2025-12-05 18:46:35.720170+00:00
114,17881,"[-0.11799551889381826, -0.10371139177328444, 0.0029916518820057563, -0.3449610660543126, -0.08313356667656446, -0.019036080566459973, -0.1829824029236773, -0.4543563582277338, 3.283671991225773, 0.08002766970722806, 0.10138183817461895, 0.01623918090131024, -0.09491596234798821, 0.12258578878830305, 0.04915905806018195, -0.0, -0.0452064027265629, 0.12153569153302007, -0.0, 0.17182338740459216, 0.0, -0.007778549247964336, 0.19690280653061076, 0.02140967333811745, -0.07955050609844841, -0.01283086001138259, -0.00686203179120519, -0.0, -0.0, 0.023954424573350914, -0.0, -0.0, -0.0, -0.0, 0.004853875970295928, 0.002946598898926316, -0.0, -0.00017803260482038435, 0.0, 0.0, -0.0, -0.10743518189069683, 0.017179526218022052, 0.007344058689886419, -0.06258185761554942, 0.24805574764539004, -0.0, 0.07165381095219742, -0.0, -0.08902040178278302, 0.0015197767288302603, 0.011817125862619706, -0.008106719730306845, -0.0, -0.0, -0.0, 0.0018875036456319117, -0.002936690411928771, 0.0037325249145255617, -0.011406420463949761, -0.0, -0.0, -0.0, 0.035596535260333184, -0.11351152551480784, -0.0]",-1.0379683952352932,"['num__satisfaction_employee_environnement', 'num__note_evaluation_precedente', 'num__niveau_hierarchique_poste', 'num__satisfaction_employee_nature_travail', 'num__satisfaction_employee_equipe', 'num__satisfaction_employee_equilibre_pro_perso', 'num__note_evaluation_actuelle', 'num__heures_supplementaires', 'num__id_employee', 'num__age', 'num__genre', 'num__revenu_mensuel', 'num__nombre_experiences_precedentes', 'num__annee_experience_totale', 'num__annees_dans_l_entreprise', 'num__annees_dans_le_poste_actuel', 'num__nombre_participation_pee', 'num__nb_formations_suivies', 'num__nombre_employee_sous_responsabilite', 'num__distance_domicile_travail', 'num__niveau_education', 'num__annees_depuis_la_derniere_promotion', 'num__annes_sous_responsable_actuel', 'num__improvement_evaluation', 'num__total_satisfaction', 'num__work_mobility', 'cat__augementation_salaire_precedente_11 %', 'cat__augementation_salaire_precedente_12 %', 'cat__augementation_salaire_precedente_13 %', 'cat__augementation_salaire_precedente_14 %', 'cat__augementation_salaire_precedente_15 %', 'cat__augementation_salaire_precedente_16 %', 'cat__augementation_salaire_precedente_17 %', 'cat__augementation_salaire_precedente_18 %', 'cat__augementation_salaire_precedente_19 %', 'cat__augementation_salaire_precedente_20 %', 'cat__augementation_salaire_precedente_21 %', 'cat__augementation_salaire_precedente_22 %', 'cat__augementation_salaire_precedente_23 %', 'cat__augementation_salaire_precedente_24 %', 'cat__augementation_salaire_precedente_25 %', 'cat__statut_marital_Célibataire', 'cat__statut_marital_Divorcé(e)', 'cat__statut_marital_Marié(e)', 'cat__departement_Commercial', 'cat__departement_Consulting', 'cat__departement_Ressources Humaines', 'cat__poste_Assistant de Direction', 'cat__poste_Cadre Commercial', 'cat__poste_Consultant', 'cat__poste_Directeur Technique', 'cat__poste_Manager', 'cat__poste_Représentant Commercial', 'cat__poste_Ressources Humaines', 'cat__poste_Senior Manager', 'cat__poste_Tech Lead', 'cat__domaine_etude_Autre', 'cat__domaine_etude_Entrepreunariat', 'cat__domaine_etude_Infra & Cloud', 'cat__domaine_etude_Marketing', 'cat__domaine_etude_Ressources Humaines', 'cat__domaine_etude_Transformation Digitale', 'cat__ayant_enfants_Y', 'cat__frequence_deplacement_Aucun', 'cat__frequence_deplacement_Frequent', 'cat__frequence_deplacement_Occasionnel']",2025-12-05 18:46:34.332812+00:00
113,17880,"[-0.11799551889381826, -0.10371139177328444, 0.0029916518820057563, -0.3449610660543126, -0.08313356667656446, -0.019036080566459973, -0.1829824029236773, -0.4543563582277338, 3.2836384857362906, 0.08002766970722806, 0.10138183817461895, 0.01623918090131024, -0.09491596234798821, 0.12258578878830305, 0.04915905806018195, -0.0, -0.0452064027265629, 0.12153569153302007, -0.0, 0.17182338740459216, 0.0, -0.007778549247964336, 0.19690280653061076, 0.02140967333811745, -0.07955050609844841, -0.01283086001138259, -0.00686203179120519, -0.0, -0.0, 0.023954424573350914, -0.0, -0.0, -0.0, -0.0, 0.004853875970295928, 0.002946598898926316, -0.0, -0.00017803260482038435, 0.0, 0.0, -0.0, -0.10743518189069683, 0.017179526218022052, 0.007344058689886419, -0.06258185761554942, 0.24805574764539004, -0.0, 0.07165381095219742, -0.0, -0.08902040178278302, 0.0015197767288302603, 0.011817125862619706, -0.008106719730306845, -0.0, -0.0, -0.0, 0.0018875036456319117, -0.002936690411928771, 0.0037325249145255617, -0.011406420463949761, -0.0, -0.0, -0.0, 0.035596535260333184, -0.11351152551480784, -0.0]",-1.0379683952352932,"['num__satisfaction_employee_environnement', 'num__note_evaluation_precedente', 'num__niveau_hierarchique_poste', 'num__satisfaction_employee_nature_travail', 'num__satisfaction_employee_equipe', 'num__satisfaction_employee_equilibre_pro_perso', 'num__note_evaluation_actuelle', 'num__heures_supplementaires', 'num__id_employee', 'num__age', 'num__genre', 'num__revenu_mensuel', 'num__nombre_experiences_precedentes', 'num__annee_experience_totale', 'num__annees_dans_l_entreprise', 'num__annees_dans_le_poste_actuel', 'num__nombre_participation_pee', 'num__nb_formations_suivies', 'num__nombre_employee_sous_responsabilite', 'num__distance_domicile_travail', 'num__niveau_education', 'num__annees_depuis_la_derniere_promotion', 'num__annes_sous_responsable_actuel', 'num__improvement_evaluation', 'num__total_satisfaction', 'num__work_mobility', 'cat__augementation_salaire_precedente_11 %', 'cat__augementation_salaire_precedente_12 %', 'cat__augementation_salaire_precedente_13 %', 'cat__augementation_salaire_precedente_14 %', 'cat__augementation_salaire_precedente_15 %', 'cat__augementation_salaire_precedente_16 %', 'cat__augementation_salaire_precedente_17 %', 'cat__augementation_salaire_precedente_18 %', 'cat__augementation_salaire_precedente_19 %', 'cat__augementation_salaire_precedente_20 %', 'cat__augementation_salaire_precedente_21 %', 'cat__augementation_salaire_precedente_22 %', 'cat__augementation_salaire_precedente_23 %', 'cat__augementation_salaire_precedente_24 %', 'cat__augementation_salaire_precedente_25 %', 'cat__statut_marital_Célibataire', 'cat__statut_marital_Divorcé(e)', 'cat__statut_marital_Marié(e)', 'cat__departement_Commercial', 'cat__departement_Consulting', 'cat__departement_Ressources Humaines', 'cat__poste_Assistant de Direction', 'cat__poste_Cadre Commercial', 'cat__poste_Consultant', 'cat__poste_Directeur Technique', 'cat__poste_Manager', 'cat__poste_Représentant Commercial', 'cat__poste_Ressources Humaines', 'cat__poste_Senior Manager', 'cat__poste_Tech Lead', 'cat__domaine_etude_Autre', 'cat__domaine_etude_Entrepreunariat', 'cat__domaine_etude_Infra & Cloud', 'cat__domaine_etude_Marketing', 'cat__domaine_etude_Ressources Humaines', 'cat__domaine_etude_Transformation Digitale', 'cat__ayant_enfants_Y', 'cat__frequence_deplacement_Aucun', 'cat__frequence_deplacement_Frequent', 'cat__frequence_deplacement_Occasionnel']",2025-12-05 18:46:34.310967+00:00
112,17879,"[-0.11799551889381826, -0.10371139177328444, 0.0029916518820057563, -0.3449610660543126, -0.08313356667656446, -0.019036080566459973, -0.1829824029236773, -0.4543563582277338, 3.2836049802468086, 0.08002766970722806, 0.10138183817461895, 0.01623918090131024, -0.09491596234798821, 0.12258578878830305, 0.04915905806018195, -0.0, -0.0452064027265629, 0.12153569153302007, -0.0, 0.17182338740459216, 0.0, -0.007778549247964336, 0.19690280653061076, 0.02140967333811745, -0.07955050609844841, -0.01283086001138259, -0.00686203179120519, -0.0, -0.0, 0.023954424573350914, -0.0, -0.0, -0.0, -0.0, 0.004853875970295928, 0.002946598898926316, -0.0, -0.00017803260482038435, 0.0, 0.0, -0.0, -0.10743518189069683, 0.017179526218022052, 0.007344058689886419, -0.06258185761554942, 0.24805574764539004, -0.0, 0.07165381095219742, -0.0, -0.08902040178278302, 0.0015197767288302603, 0.011817125862619706, -0.008106719730306845, -0.0, -0.0, -0.0, 0.0018875036456319117, -0.002936690411928771, 0.0037325249145255617, -0.011406420463949761, -0.0, -0.0, -0.0, 0.035596535260333184, -0.11351152551480784, -0.0]",-1.0379683952352932,"['num__satisfaction_employee_environnement', 'num__note_evaluation_precedente', 'num__niveau_hierarchique_poste', 'num__satisfaction_employee_nature_travail', 'num__satisfaction_employee_equipe', 'num__satisfaction_employee_equilibre_pro_perso', 'num__note_evaluation_actuelle', 'num__heures_supplementaires', 'num__id_employee', 'num__age', 'num__genre', 'num__revenu_mensuel', 'num__nombre_experiences_precedentes', 'num__annee_experience_totale', 'num__annees_dans_l_entreprise', 'num__annees_dans_le_poste_actuel', 'num__nombre_participation_pee', 'num__nb_formations_suivies', 'num__nombre_employee_sous_responsabilite', 'num__distance_domicile_travail', 'num__niveau_education', 'num__annees_depuis_la_derniere_promotion', 'num__annes_sous_responsable_actuel', 'num__improvement_evaluation', 'num__total_satisfaction', 'num__work_mobility', 'cat__augementation_salaire_precedente_11 %', 'cat__augementation_salaire_precedente_12 %', 'cat__augementation_salaire_precedente_13 %', 'cat__augementation_salaire_precedente_14 %', 'cat__augementation_salaire_precedente_15 %', 'cat__augementation_salaire_precedente_16 %', 'cat__augementation_salaire_precedente_17 %', 'cat__augementation_salaire_precedente_18 %', 'cat__augementation_salaire_precedente_19 %', 'cat__augementation_salaire_precedente_20 %', 'cat__augementation_salaire_precedente_21 %', 'cat__augementation_salaire_precedente_22 %', 'cat__augementation_salaire_precedente_23 %', 'cat__augementation_salaire_precedente_24 %', 'cat__augementation_salaire_precedente_25 %', 'cat__statut_marital_Célibataire', 'cat__statut_marital_Divorcé(e)', 'cat__statut_marital_Marié(e)', 'cat__departement_Commercial', 'cat__departement_Consulting', 'cat__departement_Ressources Humaines', 'cat__poste_Assistant de Direction', 'cat__poste_Cadre Commercial', 'cat__poste_Consultant', 'cat__poste_Directeur Technique', 'cat__poste_Manager', 'cat__poste_Représentant Commercial', 'cat__poste_Ressources Humaines', 'cat__poste_Senior Manager', 'cat__poste_Tech Lead', 'cat__domaine_etude_Autre', 'cat__domaine_etude_Entrepreunariat', 'cat__domaine_etude_Infra & Cloud', 'cat__domaine_etude_Marketing', 'cat__domaine_etude_Ressources Humaines', 'cat__domaine_etude_Transformation Digitale', 'cat__ayant_enfants_Y', 'cat__frequence_deplacement_Aucun', 'cat__frequence_deplacement_Frequent', 'cat__frequence_deplacement_Occasionnel']",2025-12-05 18:46:34.288183+00:00
111,17878,"[-0.11799551889381826, -0.10371139177328444, 0.0029916518820057563, -0.3449610660543126, -0.08313356667656446, -0.019036080566459973, -0.1829824029236773, -0.4543563582277338, 3.283571474757326, 0.08002766970722806, 0.10138183817461895, 0.01623918090131024, -0.09491596234798821, 0.12258578878830305, 0.04915905806018195, -0.0, -0.0452064027265629, 0.12153569153302007, -0.0, 0.17182338740459216, 0.0, -0.007778549247964336, 0.19690280653061076, 0.02140967333811745, -0.07955050609844841, -0.01283086001138259, -0.00686203179120519, -0.0, -0.0, 0.023954424573350914, -0.0, -0.0, -0.0, -0.0, 0.004853875970295928, 0.002946598898926316, -0.0, -0.00017803260482038435, 0.0, 0.0, -0.0, -0.10743518189069683, 0.017179526218022052, 0.007344058689886419, -0.06258185761554942, 0.24805574764539004, -0.0, 0.07165381095219742, -0.0, -0.08902040178278302, 0.0015197767288302603, 0.011817125862619706, -0.008106719730306845, -0.0, -0.0, -0.0, 0.0018875036456319117, -0.002936690411928771, 0.0037325249145255617, -0.011406420463949761, -0.0, -0.0, -0.0, 0.035596535260333184, -0.11351152551480784, -0.0]",-1.0379683952352932,"['num__satisfaction_employee_environnement', 'num__note_evaluation_precedente', 'num__niveau_hierarchique_poste', 'num__satisfaction_employee_nature_travail', 'num__satisfaction_employee_equipe', 'num__satisfaction_employee_equilibre_pro_perso', 'num__note_evaluation_actuelle', 'num__heures_supplementaires', 'num__id_employee', 'num__age', 'num__genre', 'num__revenu_mensuel', 'num__nombre_experiences_precedentes', 'num__annee_experience_totale', 'num__annees_dans_l_entreprise', 'num__annees_dans_le_poste_actuel', 'num__nombre_participation_pee', 'num__nb_formations_suivies', 'num__nombre_employee_sous_responsabilite', 'num__distance_domicile_travail', 'num__niveau_education', 'num__annees_depuis_la_derniere_promotion', 'num__annes_sous_responsable_actuel', 'num__improvement_evaluation', 'num__total_satisfaction', 'num__work_mobility', 'cat__augementation_salaire_precedente_11 %', 'cat__augementation_salaire_precedente_12 %', 'cat__augementation_salaire_precedente_13 %', 'cat__augementation_salaire_precedente_14 %', 'cat__augementation_salaire_precedente_15 %', 'cat__augementation_salaire_precedente_16 %', 'cat__augementation_salaire_precedente_17 %', 'cat__augementation_salaire_precedente_18 %', 'cat__augementation_salaire_precedente_19 %', 'cat__augementation_salaire_precedente_20 %', 'cat__augementation_salaire_precedente_21 %', 'cat__augementation_salaire_precedente_22 %', 'cat__augementation_salaire_precedente_23 %', 'cat__augementation_salaire_precedente_24 %', 'cat__augementation_salaire_precedente_25 %', 'cat__statut_marital_Célibataire', 'cat__statut_marital_Divorcé(e)', 'cat__statut_marital_Marié(e)', 'cat__departement_Commercial', 'cat__departement_Consulting', 'cat__departement_Ressources Humaines', 'cat__poste_Assistant de Direction', 'cat__poste_Cadre Commercial', 'cat__poste_Consultant', 'cat__poste_Directeur Technique', 'cat__poste_Manager', 'cat__poste_Représentant Commercial', 'cat__poste_Ressources Humaines', 'cat__poste_Senior Manager', 'cat__poste_Tech Lead', 'cat__domaine_etude_Autre', 'cat__domaine_etude_Entrepreunariat', 'cat__domaine_etude_Infra & Cloud', 'cat__domaine_etude_Marketing', 'cat__domaine_etude_Ressources Humaines', 'cat__domaine_etude_Transformation Digitale', 'cat__ayant_enfants_Y', 'cat__frequence_deplacement_Aucun', 'cat__frequence_deplacement_Frequent', 'cat__frequence_deplacement_Occasionnel']",2025-12-05 18:46:34.252946+00:00
110,17877,"[-0.11799551889381826, -0.10371139177328444, 0.0029916518820057563, -0.3449610660543126, -0.08313356667656446, -0.019036080566459973, -0.1829824029236773, -0.4543563582277338, 3.283571474757326, 0.08002766970722806, 0.10138183817461895, 0.01623918090131024, -0.09491596234798821, 0.12258578878830305, 0.04915905806018195, -0.0, -0.0452064027265629, 0.12153569153302007, -0.0, 0.17182338740459216, 0.0, -0.007778549247964336, 0.19690280653061076, 0.02140967333811745, -0.07955050609844841, -0.01283086001138259, -0.00686203179120519, -0.0, -0.0, 0.023954424573350914, -0.0, -0.0, -0.0, -0.0, 0.004853875970295928, 0.002946598898926316, -0.0, -0.00017803260482038435, 0.0, 0.0, -0.0, -0.10743518189069683, 0.017179526218022052, 0.007344058689886419, -0.06258185761554942, 0.24805574764539004, -0.0, 0.07165381095219742, -0.0, -0.08902040178278302, 0.0015197767288302603, 0.011817125862619706, -0.008106719730306845, -0.0, -0.0, -0.0, 0.0018875036456319117, -0.002936690411928771, 0.0037325249145255617, -0.011406420463949761, -0.0, -0.0, -0.0, 0.035596535260333184, -0.11351152551480784, -0.0]",-1.0379683952352932,"['num__satisfaction_employee_environnement', 'num__note_evaluation_precedente', 'num__niveau_hierarchique_poste', 'num__satisfaction_employee_nature_travail', 'num__satisfaction_employee_equipe', 'num__satisfaction_employee_equilibre_pro_perso', 'num__note_evaluation_actuelle', 'num__heures_supplementaires', 'num__id_employee', 'num__age', 'num__genre', 'num__revenu_mensuel', 'num__nombre_experiences_precedentes', 'num__annee_experience_totale', 'num__annees_dans_l_entreprise', 'num__annees_dans_le_poste_actuel', 'num__nombre_participation_pee', 'num__nb_formations_suivies', 'num__nombre_employee_sous_responsabilite', 'num__distance_domicile_travail', 'num__niveau_education', 'num__annees_depuis_la_derniere_promotion', 'num__annes_sous_responsable_actuel', 'num__improvement_evaluation', 'num__total_satisfaction', 'num__work_mobility', 'cat__augementation_salaire_precedente_11 %', 'cat__augementation_salaire_precedente_12 %', 'cat__augementation_salaire_precedente_13 %', 'cat__augementation_salaire_precedente_14 %', 'cat__augementation_salaire_precedente_15 %', 'cat__augementation_salaire_precedente_16 %', 'cat__augementation_salaire_precedente_17 %', 'cat__augementation_salaire_precedente_18 %', 'cat__augementation_salaire_precedente_19 %', 'cat__augementation_salaire_precedente_20 %', 'cat__augementation_salaire_precedente_21 %', 'cat__augementation_salaire_precedente_22 %', 'cat__augementation_salaire_precedente_23 %', 'cat__augementation_salaire_precedente_24 %', 'cat__augementation_salaire_precedente_25 %', 'cat__statut_marital_Célibataire', 'cat__statut_marital_Divorcé(e)', 'cat__statut_marital_Marié(e)', 'cat__departement_Commercial', 'cat__departement_Consulting', 'cat__departement_Ressources Humaines', 'cat__poste_Assistant de Direction', 'cat__poste_Cadre Commercial', 'cat__poste_Consultant', 'cat__poste_Directeur Technique', 'cat__poste_Manager', 'cat__poste_Représentant Commercial', 'cat__poste_Ressources Humaines', 'cat__poste_Senior Manager', 'cat__poste_Tech Lead', 'cat__domaine_etude_Autre', 'cat__domaine_etude_Entrepreunariat', 'cat__domaine_etude_Infra & Cloud', 'cat__domaine_etude_Marketing', 'cat__domaine_etude_Ressources Humaines', 'cat__domaine_etude_Transformation Digitale', 'cat__ayant_enfants_Y', 'cat__frequence_deplacement_Aucun', 'cat__frequence_deplacement_Frequent', 'cat__frequence_deplacement_Occasionnel']",2025-12-05 18:46:33.736653+00:00
109,17876,"[-0.11799551889381826, -0.10371139177328444, 0.0029916518820057563, -0.3449610660543126, -0.08313356667656446, -0.019036080566459973, -0.1829824029236773, -0.4543563582277338, 3.283571474757326, 0.08002766970722806, 0.10138183817461895, 0.01623918090131024, -0.09491596234798821, 0.12258578878830305, 0.04915905806018195, -0.0, -0.0452064027265629, 0.12153569153302007, -0.0, 0.17182338740459216, 0.0, -0.007778549247964336, 0.19690280653061076, 0.02140967333811745, -0.07955050609844841, -0.01283086001138259, -0.00686203179120519, -0.0, -0.0, 0.023954424573350914, -0.0, -0.0, -0.0, -0.0, 0.004853875970295928, 0.002946598898926316, -0.0, -0.00017803260482038435, 0.0, 0.0, -0.0, -0.10743518189069683, 0.017179526218022052, 0.007344058689886419, -0.06258185761554942, 0.24805574764539004, -0.0, 0.07165381095219742, -0.0, -0.08902040178278302, 0.0015197767288302603, 0.011817125862619706, -0.008106719730306845, -0.0, -0.0, -0.0, 0.0018875036456319117, -0.002936690411928771, 0.0037325249145255617, -0.011406420463949761, -0.0, -0.0, -0.0, 0.035596535260333184, -0.11351152551480784, -0.0]",-1.0379683952352932,"['num__satisfaction_employee_environnement', 'num__note_evaluation_precedente', 'num__niveau_hierarchique_poste', 'num__satisfaction_employee_nature_travail', 'num__satisfaction_employee_equipe', 'num__satisfaction_employee_equilibre_pro_perso', 'num__note_evaluation_actuelle', 'num__heures_supplementaires', 'num__id_employee', 'num__age', 'num__genre', 'num__revenu_mensuel', 'num__nombre_experiences_precedentes', 'num__annee_experience_totale', 'num__annees_dans_l_entreprise', 'num__annees_dans_le_poste_actuel', 'num__nombre_participation_pee', 'num__nb_formations_suivies', 'num__nombre_employee_sous_responsabilite', 'num__distance_domicile_travail', 'num__niveau_education', 'num__annees_depuis_la_derniere_promotion', 'num__annes_sous_responsable_actuel', 'num__improvement_evaluation', 'num__total_satisfaction', 'num__work_mobility', 'cat__augementation_salaire_precedente_11 %', 'cat__augementation_salaire_precedente_12 %', 'cat__augementation_salaire_precedente_13 %', 'cat__augementation_salaire_precedente_14 %', 'cat__augementation_salaire_precedente_15 %', 'cat__augementation_salaire_precedente_16 %', 'cat__augementation_salaire_precedente_17 %', 'cat__augementation_salaire_precedente_18 %', 'cat__augementation_salaire_precedente_19 %', 'cat__augementation_salaire_precedente_20 %', 'cat__augementation_salaire_precedente_21 %', 'cat__augementation_salaire_precedente_22 %', 'cat__augementation_salaire_precedente_23 %', 'cat__augementation_salaire_precedente_24 %', 'cat__augementation_salaire_precedente_25 %', 'cat__statut_marital_Célibataire', 'cat__statut_marital_Divorcé(e)', 'cat__statut_marital_Marié(e)', 'cat__departement_Commercial', 'cat__departement_Consulting', 'cat__departement_Ressources Humaines', 'cat__poste_Assistant de Direction', 'cat__poste_Cadre Commercial', 'cat__poste_Consultant', 'cat__poste_Directeur Technique', 'cat__poste_Manager', 'cat__poste_Représentant Commercial', 'cat__poste_Ressources Humaines', 'cat__poste_Senior Manager', 'cat__poste_Tech Lead', 'cat__domaine_etude_Autre', 'cat__domaine_etude_Entrepreunariat', 'cat__domaine_etude_Infra & Cloud', 'cat__domaine_etude_Marketing', 'cat__domaine_etude_Ressources Humaines', 'cat__domaine_etude_Transformation Digitale', 'cat__ayant_enfants_Y', 'cat__frequence_deplacement_Aucun', 'cat__frequence_deplacement_Frequent', 'cat__frequence_deplacement_Occasionnel']",2025-12-05 18:46:33.234514+00:00
108,16397,"[-0.11799551889381826, -0.10371139177328444, 0.0029916518820057563, -0.3449610660543126, -0.08313356667656446, -0.019036080566459973, -0.1829824029236773, -0.4543563582277338, 3.283571474757326, 0.08002766970722806, 0.10138183817461895, 0.01623918090131024, -0.09491596234798821, 0.12258578878830305, 0.04915905806018195, -0.0, -0.0452064027265629, 0.12153569153302007, -0.0, 0.17182338740459216, 0.0, -0.007778549247964336, 0.19690280653061076, 0.02140967333811745, -0.07955050609844841, -0.01283086001138259, -0.00686203179120519, -0.0, -0.0, 0.023954424573350914, -0.0, -0.0, -0.0, -0.0, 0.004853875970295928, 0.002946598898926316, -0.0, -0.00017803260482038435, 0.0, 0.0, -0.0, -0.10743518189069683, 0.017179526218022052, 0.007344058689886419, -0.06258185761554942, 0.24805574764539004, -0.0, 0.07165381095219742, -0.0, -0.08902040178278302, 0.0015197767288302603, 0.011817125862619706, -0.008106719730306845, -0.0, -0.0, -0.0, 0.0018875036456319117, -0.002936690411928771, 0.0037325249145255617, -0.011406420463949761, -0.0, -0.0, -0.0, 0.035596535260333184, -0.11351152551480784, -0.0]",-1.0379683952352932,"['num__satisfaction_employee_environnement', 'num__note_evaluation_precedente', 'num__niveau_hierarchique_poste', 'num__satisfaction_employee_nature_travail', 'num__satisfaction_employee_equipe', 'num__satisfaction_employee_equilibre_pro_perso', 'num__note_evaluation_actuelle', 'num__heures_supplementaires', 'num__id_employee', 'num__age', 'num__genre', 'num__revenu_mensuel', 'num__nombre_experiences_precedentes', 'num__annee_experience_totale', 'num__annees_dans_l_entreprise', 'num__annees_dans_le_poste_actuel', 'num__nombre_participation_pee', 'num__nb_formations_suivies', 'num__nombre_employee_sous_responsabilite', 'num__distance_domicile_travail', 'num__niveau_education', 'num__annees_depuis_la_derniere_promotion', 'num__annes_sous_responsable_actuel', 'num__improvement_evaluation', 'num__total_satisfaction', 'num__work_mobility', 'cat__augementation_salaire_precedente_11 %', 'cat__augementation_salaire_precedente_12 %', 'cat__augementation_salaire_precedente_13 %', 'cat__augementation_salaire_precedente_14 %', 'cat__augementation_salaire_precedente_15 %', 'cat__augementation_salaire_precedente_16 %', 'cat__augementation_salaire_precedente_17 %', 'cat__augementation_salaire_precedente_18 %', 'cat__augementation_salaire_precedente_19 %', 'cat__augementation_salaire_precedente_20 %', 'cat__augementation_salaire_precedente_21 %', 'cat__augementation_salaire_precedente_22 %', 'cat__augementation_salaire_precedente_23 %', 'cat__augementation_salaire_precedente_24 %', 'cat__augementation_salaire_precedente_25 %', 'cat__statut_marital_Célibataire', 'cat__statut_marital_Divorcé(e)', 'cat__statut_marital_Marié(e)', 'cat__departement_Commercial', 'cat__departement_Consulting', 'cat__departement_Ressources Humaines', 'cat__poste_Assistant de Direction', 'cat__poste_Cadre Commercial', 'cat__poste_Consultant', 'cat__poste_Directeur Technique', 'cat__poste_Manager', 'cat__poste_Représentant Commercial', 'cat__poste_Ressources Humaines', 'cat__poste_Senior Manager', 'cat__poste_Tech Lead', 'cat__domaine_etude_Autre', 'cat__domaine_etude_Entrepreunariat', 'cat__domaine_etude_Infra & Cloud', 'cat__domaine_etude_Marketing', 'cat__domaine_etude_Ressources Humaines', 'cat__domaine_etude_Transformation Digitale', 'cat__ayant_enfants_Y', 'cat__frequence_deplacement_Aucun', 'cat__frequence_deplacement_Frequent', 'cat__frequence_deplacement_Occasionnel']",2025-12-05 18:28:26.033248+00:00
107,16396,"[-0.11799551889381826, -0.10371139177328444, 0.0029916518820057563, -0.3449610660543126, -0.08313356667656446, -0.019036080566459973, -0.1829824029236773, -0.4543563582277338, 3.283571474757326, 0.08002766970722806, 0.10138183817461895, 0.01623918090131024, -0.09491596234798821, 0.12258578878830305, 0.04915905806018195, -0.0, -0.0452064027265629, 0.12153569153302007, -0.0, 0.17182338740459216, 0.0, -0.007778549247964336, 0.19690280653061076, 0.02140967333811745, -0.07955050609844841, -0.01283086001138259, -0.00686203179120519, -0.0, -0.0, 0.023954424573350914, -0.0, -0.0, -0.0, -0.0, 0.004853875970295928, 0.002946598898926316, -0.0, -0.00017803260482038435, 0.0, 0.0, -0.0, -0.10743518189069683, 0.017179526218022052, 0.007344058689886419, -0.06258185761554942, 0.24805574764539004, -0.0, 0.07165381095219742, -0.0, -0.08902040178278302, 0.0015197767288302603, 0.011817125862619706, -0.008106719730306845, -0.0, -0.0, -0.0, 0.0018875036456319117, -0.002936690411928771, 0.0037325249145255617, -0.011406420463949761, -0.0, -0.0, -0.0, 0.035596535260333184, -0.11351152551480784, -0.0]",-1.0379683952352932,"['num__satisfaction_employee_environnement', 'num__note_evaluation_precedente', 'num__niveau_hierarchique_poste', 'num__satisfaction_employee_nature_travail', 'num__satisfaction_employee_equipe', 'num__satisfaction_employee_equilibre_pro_perso', 'num__note_evaluation_actuelle', 'num__heures_supplementaires', 'num__id_employee', 'num__age', 'num__genre', 'num__revenu_mensuel', 'num__nombre_experiences_precedentes', 'num__annee_experience_totale', 'num__annees_dans_l_entreprise', 'num__annees_dans_le_poste_actuel', 'num__nombre_participation_pee', 'num__nb_formations_suivies', 'num__nombre_employee_sous_responsabilite', 'num__distance_domicile_travail', 'num__niveau_education', 'num__annees_depuis_la_derniere_promotion', 'num__annes_sous_responsable_actuel', 'num__improvement_evaluation', 'num__total_satisfaction', 'num__work_mobility', 'cat__augementation_salaire_precedente_11 %', 'cat__augementation_salaire_precedente_12 %', 'cat__augementation_salaire_precedente_13 %', 'cat__augementation_salaire_precedente_14 %', 'cat__augementation_salaire_precedente_15 %', 'cat__augementation_salaire_precedente_16 %', 'cat__augementation_salaire_precedente_17 %', 'cat__augementation_salaire_precedente_18 %', 'cat__augementation_salaire_precedente_19 %', 'cat__augementation_salaire_precedente_20 %', 'cat__augementation_salaire_precedente_21 %', 'cat__augementation_salaire_precedente_22 %', 'cat__augementation_salaire_precedente_23 %', 'cat__augementation_salaire_precedente_24 %', 'cat__augementation_salaire_precedente_25 %', 'cat__statut_marital_Célibataire', 'cat__statut_marital_Divorcé(e)', 'cat__statut_marital_Marié(e)', 'cat__departement_Commercial', 'cat__departement_Consulting', 'cat__departement_Ressources Humaines', 'cat__poste_Assistant de Direction', 'cat__poste_Cadre Commercial', 'cat__poste_Consultant', 'cat__poste_Directeur Technique', 'cat__poste_Manager', 'cat__poste_Représentant Commercial', 'cat__poste_Ressources Humaines', 'cat__poste_Senior Manager', 'cat__poste_Tech Lead', 'cat__domaine_etude_Autre', 'cat__domaine_etude_Entrepreunariat', 'cat__domaine_etude_Infra & Cloud', 'cat__domaine_etude_Marketing', 'cat__domaine_etude_Ressources Humaines', 'cat__domaine_etude_Transformation Digitale', 'cat__ayant_enfants_Y', 'cat__frequence_deplacement_Aucun', 'cat__frequence_deplacement_Frequent', 'cat__frequence_deplacement_Occasionnel']",2025-12-05 18:28:25.153072+00:00
106,16395,"[-0.11799551889381826, -0.10371139177328444, 0.0029916518820057563, -0.3449610660543126, -0.08313356667656446, -0.019036080566459973, -0.1829824029236773, -0.4543563582277338, 3.2836384857362906, 0.08002766970722806, 0.10138183817461895, 0.01623918090131024, -0.09491596234798821, 0.12258578878830305, 0.04915905806018195, -0.0, -0.0452064027265629, 0.12153569153302007, -0.0, 0.17182338740459216, 0.0, -0.007778549247964336, 0.19690280653061076, 0.02140967333811745, -0.07955050609844841, -0.01283086001138259, -0.00686203179120519, -0.0, -0.0, 0.023954424573350914, -0.0, -0.0, -0.0, -0.0, 0.004853875970295928, 0.002946598898926316, -0.0, -0.00017803260482038435, 0.0, 0.0, -0.0, -0.10743518189069683, 0.017179526218022052, 0.007344058689886419, -0.06258185761554942, 0.24805574764539004, -0.0, 0.07165381095219742, -0.0, -0.08902040178278302, 0.0015197767288302603, 0.011817125862619706, -0.008106719730306845, -0.0, -0.0, -0.0, 0.0018875036456319117, -0.002936690411928771, 0.0037325249145255617, -0.011406420463949761, -0.0, -0.0, -0.0, 0.035596535260333184, -0.11351152551480784, -0.0]",-1.0379683952352932,"['num__satisfaction_employee_environnement', 'num__note_evaluation_precedente', 'num__niveau_hierarchique_poste', 'num__satisfaction_employee_nature_travail', 'num__satisfaction_employee_equipe', 'num__satisfaction_employee_equilibre_pro_perso', 'num__note_evaluation_actuelle', 'num__heures_supplementaires', 'num__id_employee', 'num__age', 'num__genre', 'num__revenu_mensuel', 'num__nombre_experiences_precedentes', 'num__annee_experience_totale', 'num__annees_dans_l_entreprise', 'num__annees_dans_le_poste_actuel', 'num__nombre_participation_pee', 'num__nb_formations_suivies', 'num__nombre_employee_sous_responsabilite', 'num__distance_domicile_travail', 'num__niveau_education', 'num__annees_depuis_la_derniere_promotion', 'num__annes_sous_responsable_actuel', 'num__improvement_evaluation', 'num__total_satisfaction', 'num__work_mobility', 'cat__augementation_salaire_precedente_11 %', 'cat__augementation_salaire_precedente_12 %', 'cat__augementation_salaire_precedente_13 %', 'cat__augementation_salaire_precedente_14 %', 'cat__augementation_salaire_precedente_15 %', 'cat__augementation_salaire_precedente_16 %', 'cat__augementation_salaire_precedente_17 %', 'cat__augementation_salaire_precedente_18 %', 'cat__augementation_salaire_precedente_19 %', 'cat__augementation_salaire_precedente_20 %', 'cat__augementation_salaire_precedente_21 %', 'cat__augementation_salaire_precedente_22 %', 'cat__augementation_salaire_precedente_23 %', 'cat__augementation_salaire_precedente_24 %', 'cat__augementation_salaire_precedente_25 %', 'cat__statut_marital_Célibataire', 'cat__statut_marital_Divorcé(e)', 'cat__statut_marital_Marié(e)', 'cat__departement_Commercial', 'cat__departement_Consulting', 'cat__departement_Ressources Humaines', 'cat__poste_Assistant de Direction', 'cat__poste_Cadre Commercial', 'cat__poste_Consultant', 'cat__poste_Directeur Technique', 'cat__poste_Manager', 'cat__poste_Représentant Commercial', 'cat__poste_Ressources Humaines', 'cat__poste_Senior Manager', 'cat__poste_Tech Lead', 'cat__domaine_etude_Autre', 'cat__domaine_etude_Entrepreunariat', 'cat__domaine_etude_Infra & Cloud', 'cat__domaine_etude_Marketing', 'cat__domaine_etude_Ressources Humaines', 'cat__domaine_etude_Transformation Digitale', 'cat__ayant_enfants_Y', 'cat__frequence_deplacement_Aucun', 'cat__frequence_deplacement_Frequent', 'cat__frequence_deplacement_Occasionnel']",2025-12-05 18:28:24.949649+00:00
105,16394,"[-0.11799551889381826, -0.10371139177328444, 0.0029916518820057563, -0.3449610660543126, -0.08313356667656446, -0.019036080566459973, -0.1829824029236773, -0.4543563582277338, 3.2836049802468086, 0.08002766970722806, 0.10138183817461895, 0.01623918090131024, -0.09491596234798821, 0.12258578878830305, 0.04915905806018195, -0.0, -0.0452064027265629, 0.12153569153302007, -0.0, 0.17182338740459216, 0.0, -0.007778549247964336, 0.19690280653061076, 0.02140967333811745, -0.07955050609844841, -0.01283086001138259, -0.00686203179120519, -0.0, -0.0, 0.023954424573350914, -0.0, -0.0, -0.0, -0.0, 0.004853875970295928, 0.002946598898926316, -0.0, -0.00017803260482038435, 0.0, 0.0, -0.0, -0.10743518189069683, 0.017179526218022052, 0.007344058689886419, -0.06258185761554942, 0.24805574764539004, -0.0, 0.07165381095219742, -0.0, -0.08902040178278302, 0.0015197767288302603, 0.011817125862619706, -0.008106719730306845, -0.0, -0.0, -0.0, 0.0018875036456319117, -0.002936690411928771, 0.0037325249145255617, -0.011406420463949761, -0.0, -0.0, -0.0, 0.035596535260333184, -0.11351152551480784, -0.0]",-1.0379683952352932,"['num__satisfaction_employee_environnement', 'num__note_evaluation_precedente', 'num__niveau_hierarchique_poste', 'num__satisfaction_employee_nature_travail', 'num__satisfaction_employee_equipe', 'num__satisfaction_employee_equilibre_pro_perso', 'num__note_evaluation_actuelle', 'num__heures_supplementaires', 'num__id_employee', 'num__age', 'num__genre', 'num__revenu_mensuel', 'num__nombre_experiences_precedentes', 'num__annee_experience_totale', 'num__annees_dans_l_entreprise', 'num__annees_dans_le_poste_actuel', 'num__nombre_participation_pee', 'num__nb_formations_suivies', 'num__nombre_employee_sous_responsabilite', 'num__distance_domicile_travail', 'num__niveau_education', 'num__annees_depuis_la_derniere_promotion', 'num__annes_sous_responsable_actuel', 'num__improvement_evaluation', 'num__total_satisfaction', 'num__work_mobility', 'cat__augementation_salaire_precedente_11 %', 'cat__augementation_salaire_precedente_12 %', 'cat__augementation_salaire_precedente_13 %', 'cat__augementation_salaire_precedente_14 %', 'cat__augementation_salaire_precedente_15 %', 'cat__augementation_salaire_precedente_16 %', 'cat__augementation_salaire_precedente_17 %', 'cat__augementation_salaire_precedente_18 %', 'cat__augementation_salaire_precedente_19 %', 'cat__augementation_salaire_precedente_20 %', 'cat__augementation_salaire_precedente_21 %', 'cat__augementation_salaire_precedente_22 %', 'cat__augementation_salaire_precedente_23 %', 'cat__augementation_salaire_precedente_24 %', 'cat__augementation_salaire_precedente_25 %', 'cat__statut_marital_Célibataire', 'cat__statut_marital_Divorcé(e)', 'cat__statut_marital_Marié(e)', 'cat__departement_Commercial', 'cat__departement_Consulting', 'cat__departement_Ressources Humaines', 'cat__poste_Assistant de Direction', 'cat__poste_Cadre Commercial', 'cat__poste_Consultant', 'cat__poste_Directeur Technique', 'cat__poste_Manager', 'cat__poste_Représentant Commercial', 'cat__poste_Ressources Humaines', 'cat__poste_Senior Manager', 'cat__poste_Tech Lead', 'cat__domaine_etude_Autre', 'cat__domaine_etude_Entrepreunariat', 'cat__domaine_etude_Infra & Cloud', 'cat__domaine_etude_Marketing', 'cat__domaine_etude_Ressources Humaines', 'cat__domaine_etude_Transformation Digitale', 'cat__ayant_enfants_Y', 'cat__frequence_deplacement_Aucun', 'cat__frequence_deplacement_Frequent', 'cat__frequence_deplacement_Occasionnel']",2025-12-05 18:28:24.923854+00:00
104,16393,"[-0.11799551889381826, -0.10371139177328444, 0.0029916518820057563, -0.3449610660543126, -0.08313356667656446, -0.019036080566459973, -0.1829824029236773, -0.4543563582277338, 3.283571474757326, 0.08002766970722806, 0.10138183817461895, 0.01623918090131024, -0.09491596234798821, 0.12258578878830305, 0.04915905806018195, -0.0, -0.0452064027265629, 0.12153569153302007, -0.0, 0.17182338740459216, 0.0, -0.007778549247964336, 0.19690280653061076, 0.02140967333811745, -0.07955050609844841, -0.01283086001138259, -0.00686203179120519, -0.0, -0.0, 0.023954424573350914, -0.0, -0.0, -0.0, -0.0, 0.004853875970295928, 0.002946598898926316, -0.0, -0.00017803260482038435, 0.0, 0.0, -0.0, -0.10743518189069683, 0.017179526218022052, 0.007344058689886419, -0.06258185761554942, 0.24805574764539004, -0.0, 0.07165381095219742, -0.0, -0.08902040178278302, 0.0015197767288302603, 0.011817125862619706, -0.008106719730306845, -0.0, -0.0, -0.0, 0.0018875036456319117, -0.002936690411928771, 0.0037325249145255617, -0.011406420463949761, -0.0, -0.0, -0.0, 0.035596535260333184, -0.11351152551480784, -0.0]",-1.0379683952352932,"['num__satisfaction_employee_environnement', 'num__note_evaluation_precedente', 'num__niveau_hierarchique_poste', 'num__satisfaction_employee_nature_travail', 'num__satisfaction_employee_equipe', 'num__satisfaction_employee_equilibre_pro_perso', 'num__note_evaluation_actuelle', 'num__heures_supplementaires', 'num__id_employee', 'num__age', 'num__genre', 'num__revenu_mensuel', 'num__nombre_experiences_precedentes', 'num__annee_experience_totale', 'num__annees_dans_l_entreprise', 'num__annees_dans_le_poste_actuel', 'num__nombre_participation_pee', 'num__nb_formations_suivies', 'num__nombre_employee_sous_responsabilite', 'num__distance_domicile_travail', 'num__niveau_education', 'num__annees_depuis_la_derniere_promotion', 'num__annes_sous_responsable_actuel', 'num__improvement_evaluation', 'num__total_satisfaction', 'num__work_mobility', 'cat__augementation_salaire_precedente_11 %', 'cat__augementation_salaire_precedente_12 %', 'cat__augementation_salaire_precedente_13 %', 'cat__augementation_salaire_precedente_14 %', 'cat__augementation_salaire_precedente_15 %', 'cat__augementation_salaire_precedente_16 %', 'cat__augementation_salaire_precedente_17 %', 'cat__augementation_salaire_precedente_18 %', 'cat__augementation_salaire_precedente_19 %', 'cat__augementation_salaire_precedente_20 %', 'cat__augementation_salaire_precedente_21 %', 'cat__augementation_salaire_precedente_22 %', 'cat__augementation_salaire_precedente_23 %', 'cat__augementation_salaire_precedente_24 %', 'cat__augementation_salaire_precedente_25 %', 'cat__statut_marital_Célibataire', 'cat__statut_marital_Divorcé(e)', 'cat__statut_marital_Marié(e)', 'cat__departement_Commercial', 'cat__departement_Consulting', 'cat__departement_Ressources Humaines', 'cat__poste_Assistant de Direction', 'cat__poste_Cadre Commercial', 'cat__poste_Consultant', 'cat__poste_Directeur Technique', 'cat__poste_Manager', 'cat__poste_Représentant Commercial', 'cat__poste_Ressources Humaines', 'cat__poste_Senior Manager', 'cat__poste_Tech Lead', 'cat__domaine_etude_Autre', 'cat__domaine_etude_Entrepreunariat', 'cat__domaine_etude_Infra & Cloud', 'cat__domaine_etude_Marketing', 'cat__domaine_etude_Ressources Humaines', 'cat__domaine_etude_Transformation Digitale', 'cat__ayant_enfants_Y', 'cat__frequence_deplacement_Aucun', 'cat__frequence_deplacement_Frequent', 'cat__frequence_deplacement_Occasionnel']",2025-12-05 18:28:24.891314+00:00
103,16392,"[-0.11799551889381826, -0.10371139177328444, 0.0029916518820057563, -0.3449610660543126, -0.08313356667656446, -0.019036080566459973, -0.1829824029236773, -0.4543563582277338, 3.283571474757326, 0.08002766970722806, 0.10138183817461895, 0.01623918090131024, -0.09491596234798821, 0.12258578878830305, 0.04915905806018195, -0.0, -0.0452064027265629, 0.12153569153302007, -0.0, 0.17182338740459216, 0.0, -0.007778549247964336, 0.19690280653061076, 0.02140967333811745, -0.07955050609844841, -0.01283086001138259, -0.00686203179120519, -0.0, -0.0, 0.023954424573350914, -0.0, -0.0, -0.0, -0.0, 0.004853875970295928, 0.002946598898926316, -0.0, -0.00017803260482038435, 0.0, 0.0, -0.0, -0.10743518189069683, 0.017179526218022052, 0.007344058689886419, -0.06258185761554942, 0.24805574764539004, -0.0, 0.07165381095219742, -0.0, -0.08902040178278302, 0.0015197767288302603, 0.011817125862619706, -0.008106719730306845, -0.0, -0.0, -0.0, 0.0018875036456319117, -0.002936690411928771, 0.0037325249145255617, -0.011406420463949761, -0.0, -0.0, -0.0, 0.035596535260333184, -0.11351152551480784, -0.0]",-1.0379683952352932,"['num__satisfaction_employee_environnement', 'num__note_evaluation_precedente', 'num__niveau_hierarchique_poste', 'num__satisfaction_employee_nature_travail', 'num__satisfaction_employee_equipe', 'num__satisfaction_employee_equilibre_pro_perso', 'num__note_evaluation_actuelle', 'num__heures_supplementaires', 'num__id_employee', 'num__age', 'num__genre', 'num__revenu_mensuel', 'num__nombre_experiences_precedentes', 'num__annee_experience_totale', 'num__annees_dans_l_entreprise', 'num__annees_dans_le_poste_actuel', 'num__nombre_participation_pee', 'num__nb_formations_suivies', 'num__nombre_employee_sous_responsabilite', 'num__distance_domicile_travail', 'num__niveau_education', 'num__annees_depuis_la_derniere_promotion', 'num__annes_sous_responsable_actuel', 'num__improvement_evaluation', 'num__total_satisfaction', 'num__work_mobility', 'cat__augementation_salaire_precedente_11 %', 'cat__augementation_salaire_precedente_12 %', 'cat__augementation_salaire_precedente_13 %', 'cat__augementation_salaire_precedente_14 %', 'cat__augementation_salaire_precedente_15 %', 'cat__augementation_salaire_precedente_16 %', 'cat__augementation_salaire_precedente_17 %', 'cat__augementation_salaire_precedente_18 %', 'cat__augementation_salaire_precedente_19 %', 'cat__augementation_salaire_precedente_20 %', 'cat__augementation_salaire_precedente_21 %', 'cat__augementation_salaire_precedente_22 %', 'cat__augementation_salaire_precedente_23 %', 'cat__augementation_salaire_precedente_24 %', 'cat__augementation_salaire_precedente_25 %', 'cat__statut_marital_Célibataire', 'cat__statut_marital_Divorcé(e)', 'cat__statut_marital_Marié(e)', 'cat__departement_Commercial', 'cat__departement_Consulting', 'cat__departement_Ressources Humaines', 'cat__poste_Assistant de Direction', 'cat__poste_Cadre Commercial', 'cat__poste_Consultant', 'cat__poste_Directeur Technique', 'cat__poste_Manager', 'cat__poste_Représentant Commercial', 'cat__poste_Ressources Humaines', 'cat__poste_Senior Manager', 'cat__poste_Tech Lead', 'cat__domaine_etude_Autre', 'cat__domaine_etude_Entrepreunariat', 'cat__domaine_etude_Infra & Cloud', 'cat__domaine_etude_Marketing', 'cat__domaine_etude_Ressources Humaines', 'cat__domaine_etude_Transformation Digitale', 'cat__ayant_enfants_Y', 'cat__frequence_deplacement_Aucun', 'cat__frequence_deplacement_Frequent', 'cat__frequence_deplacement_Occasionnel']",2025-12-05 18:28:24.718345+00:00
102,16391,"[-0.11799551889381826, -0.10371139177328444, 0.0029916518820057563, -0.3449610660543126, -0.08313356667656446, -0.019036080566459973, -0.1829824029236773, -0.4543563582277338, 3.283671991225773, 0.08002766970722806, 0.10138183817461895, 0.01623918090131024, -0.09491596234798821, 0.12258578878830305, 0.04915905806018195, -0.0, -0.0452064027265629, 0.12153569153302007, -0.0, 0.17182338740459216, 0.0, -0.007778549247964336, 0.19690280653061076, 0.02140967333811745, -0.07955050609844841, -0.01283086001138259, -0.00686203179120519, -0.0, -0.0, 0.023954424573350914, -0.0, -0.0, -0.0, -0.0, 0.004853875970295928, 0.002946598898926316, -0.0, -0.00017803260482038435, 0.0, 0.0, -0.0, -0.10743518189069683, 0.017179526218022052, 0.007344058689886419, -0.06258185761554942, 0.24805574764539004, -0.0, 0.07165381095219742, -0.0, -0.08902040178278302, 0.0015197767288302603, 0.011817125862619706, -0.008106719730306845, -0.0, -0.0, -0.0, 0.0018875036456319117, -0.002936690411928771, 0.0037325249145255617, -0.011406420463949761, -0.0, -0.0, -0.0, 0.035596535260333184, -0.11351152551480784, -0.0]",-1.0379683952352932,"['num__satisfaction_employee_environnement', 'num__note_evaluation_precedente', 'num__niveau_hierarchique_poste', 'num__satisfaction_employee_nature_travail', 'num__satisfaction_employee_equipe', 'num__satisfaction_employee_equilibre_pro_perso', 'num__note_evaluation_actuelle', 'num__heures_supplementaires', 'num__id_employee', 'num__age', 'num__genre', 'num__revenu_mensuel', 'num__nombre_experiences_precedentes', 'num__annee_experience_totale', 'num__annees_dans_l_entreprise', 'num__annees_dans_le_poste_actuel', 'num__nombre_participation_pee', 'num__nb_formations_suivies', 'num__nombre_employee_sous_responsabilite', 'num__distance_domicile_travail', 'num__niveau_education', 'num__annees_depuis_la_derniere_promotion', 'num__annes_sous_responsable_actuel', 'num__improvement_evaluation', 'num__total_satisfaction', 'num__work_mobility', 'cat__augementation_salaire_precedente_11 %', 'cat__augementation_salaire_precedente_12 %', 'cat__augementation_salaire_precedente_13 %', 'cat__augementation_salaire_precedente_14 %', 'cat__augementation_salaire_precedente_15 %', 'cat__augementation_salaire_precedente_16 %', 'cat__augementation_salaire_precedente_17 %', 'cat__augementation_salaire_precedente_18 %', 'cat__augementation_salaire_precedente_19 %', 'cat__augementation_salaire_precedente_20 %', 'cat__augementation_salaire_precedente_21 %', 'cat__augementation_salaire_precedente_22 %', 'cat__augementation_salaire_precedente_23 %', 'cat__augementation_salaire_precedente_24 %', 'cat__augementation_salaire_precedente_25 %', 'cat__statut_marital_Célibataire', 'cat__statut_marital_Divorcé(e)', 'cat__statut_marital_Marié(e)', 'cat__departement_Commercial', 'cat__departement_Consulting', 'cat__departement_Ressources Humaines', 'cat__poste_Assistant de Direction', 'cat__poste_Cadre Commercial', 'cat__poste_Consultant', 'cat__poste_Directeur Technique', 'cat__poste_Manager', 'cat__poste_Représentant Commercial', 'cat__poste_Ressources Humaines', 'cat__poste_Senior Manager', 'cat__poste_Tech Lead', 'cat__domaine_etude_Autre', 'cat__domaine_etude_Entrepreunariat', 'cat__domaine_etude_Infra & Cloud', 'cat__domaine_etude_Marketing', 'cat__domaine_etude_Ressources Humaines', 'cat__domaine_etude_Transformation Digitale', 'cat__ayant_enfants_Y', 'cat__frequence_deplacement_Aucun', 'cat__frequence_deplacement_Frequent', 'cat__frequence_deplacement_Occasionnel']",2025-12-05 18:28:23.272922+00:00
101,16390,"[-0.11799551889381826, -0.10371139177328444, 0.0029916518820057563, -0.3449610660543126, -0.08313356667656446, -0.019036080566459973, -0.1829824029236773, -0.4543563582277338, 3.2836384857362906, 0.08002766970722806, 0.10138183817461895, 0.01623918090131024, -0.09491596234798821, 0.12258578878830305, 0.04915905806018195, -0.0, -0.0452064027265629, 0.12153569153302007, -0.0, 0.17182338740459216, 0.0, -0.007778549247964336, 0.19690280653061076, 0.02140967333811745, -0.07955050609844841, -0.01283086001138259, -0.00686203179120519, -0.0, -0.0, 0.023954424573350914, -0.0, -0.0, -0.0, -0.0, 0.004853875970295928, 0.002946598898926316, -0.0, -0.00017803260482038435, 0.0, 0.0, -0.0, -0.10743518189069683, 0.017179526218022052, 0.007344058689886419, -0.06258185761554942, 0.24805574764539004, -0.0, 0.07165381095219742, -0.0, -0.08902040178278302, 0.0015197767288302603, 0.011817125862619706, -0.008106719730306845, -0.0, -0.0, -0.0, 0.0018875036456319117, -0.002936690411928771, 0.0037325249145255617, -0.011406420463949761, -0.0, -0.0, -0.0, 0.035596535260333184, -0.11351152551480784, -0.0]",-1.0379683952352932,"['num__satisfaction_employee_environnement', 'num__note_evaluation_precedente', 'num__niveau_hierarchique_poste', 'num__satisfaction_employee_nature_travail', 'num__satisfaction_employee_equipe', 'num__satisfaction_employee_equilibre_pro_perso', 'num__note_evaluation_actuelle', 'num__heures_supplementaires', 'num__id_employee', 'num__age', 'num__genre', 'num__revenu_mensuel', 'num__nombre_experiences_precedentes', 'num__annee_experience_totale', 'num__annees_dans_l_entreprise', 'num__annees_dans_le_poste_actuel', 'num__nombre_participation_pee', 'num__nb_formations_suivies', 'num__nombre_employee_sous_responsabilite', 'num__distance_domicile_travail', 'num__niveau_education', 'num__annees_depuis_la_derniere_promotion', 'num__annes_sous_responsable_actuel', 'num__improvement_evaluation', 'num__total_satisfaction', 'num__work_mobility', 'cat__augementation_salaire_precedente_11 %', 'cat__augementation_salaire_precedente_12 %', 'cat__augementation_salaire_precedente_13 %', 'cat__augementation_salaire_precedente_14 %', 'cat__augementation_salaire_precedente_15 %', 'cat__augementation_salaire_precedente_16 %', 'cat__augementation_salaire_precedente_17 %', 'cat__augementation_salaire_precedente_18 %', 'cat__augementation_salaire_precedente_19 %', 'cat__augementation_salaire_precedente_20 %', 'cat__augementation_salaire_precedente_21 %', 'cat__augementation_salaire_precedente_22 %', 'cat__augementation_salaire_precedente_23 %', 'cat__augementation_salaire_precedente_24 %', 'cat__augementation_salaire_precedente_25 %', 'cat__statut_marital_Célibataire', 'cat__statut_marital_Divorcé(e)', 'cat__statut_marital_Marié(e)', 'cat__departement_Commercial', 'cat__departement_Consulting', 'cat__departement_Ressources Humaines', 'cat__poste_Assistant de Direction', 'cat__poste_Cadre Commercial', 'cat__poste_Consultant', 'cat__poste_Directeur Technique', 'cat__poste_Manager', 'cat__poste_Représentant Commercial', 'cat__poste_Ressources Humaines', 'cat__poste_Senior Manager', 'cat__poste_Tech Lead', 'cat__domaine_etude_Autre', 'cat__domaine_etude_Entrepreunariat', 'cat__domaine_etude_Infra & Cloud', 'cat__domaine_etude_Marketing', 'cat__domaine_etude_Ressources Humaines', 'cat__domaine_etude_Transformation Digitale', 'cat__ayant_enfants_Y', 'cat__frequence_deplacement_Aucun', 'cat__frequence_deplacement_Frequent', 'cat__frequence_deplacement_Occasionnel']",2025-12-05 18:28:23.247550+00:00
100,16389,"[-0.11799551889381826, -0.10371139177328444, 0.0029916518820057563, -0.3449610660543126, -0.08313356667656446, -0.019036080566459973, -0.1829824029236773, -0.4543563582277338, 3.2836049802468086, 0.08002766970722806, 0.10138183817461895, 0.01623918090131024, -0.09491596234798821, 0.12258578878830305, 0.04915905806018195, -0.0, -0.0452064027265629, 0.12153569153302007, -0.0, 0.17182338740459216, 0.0, -0.007778549247964336, 0.19690280653061076, 0.02140967333811745, -0.07955050609844841, -0.01283086001138259, -0.00686203179120519, -0.0, -0.0, 0.023954424573350914, -0.0, -0.0, -0.0, -0.0, 0.004853875970295928, 0.002946598898926316, -0.0, -0.00017803260482038435, 0.0, 0.0, -0.0, -0.10743518189069683, 0.017179526218022052, 0.007344058689886419, -0.06258185761554942, 0.24805574764539004, -0.0, 0.07165381095219742, -0.0, -0.08902040178278302, 0.0015197767288302603, 0.011817125862619706, -0.008106719730306845, -0.0, -0.0, -0.0, 0.0018875036456319117, -0.002936690411928771, 0.0037325249145255617, -0.011406420463949761, -0.0, -0.0, -0.0, 0.035596535260333184, -0.11351152551480784, -0.0]",-1.0379683952352932,"['num__satisfaction_employee_environnement', 'num__note_evaluation_precedente', 'num__niveau_hierarchique_poste', 'num__satisfaction_employee_nature_travail', 'num__satisfaction_employee_equipe', 'num__satisfaction_employee_equilibre_pro_perso', 'num__note_evaluation_actuelle', 'num__heures_supplementaires', 'num__id_employee', 'num__age', 'num__genre', 'num__revenu_mensuel', 'num__nombre_experiences_precedentes', 'num__annee_experience_totale', 'num__annees_dans_l_entreprise', 'num__annees_dans_le_poste_actuel', 'num__nombre_participation_pee', 'num__nb_formations_suivies', 'num__nombre_employee_sous_responsabilite', 'num__distance_domicile_travail', 'num__niveau_education', 'num__annees_depuis_la_derniere_promotion', 'num__annes_sous_responsable_actuel', 'num__improvement_evaluation', 'num__total_satisfaction', 'num__work_mobility', 'cat__augementation_salaire_precedente_11 %', 'cat__augementation_salaire_precedente_12 %', 'cat__augementation_salaire_precedente_13 %', 'cat__augementation_salaire_precedente_14 %', 'cat__augementation_salaire_precedente_15 %', 'cat__augementation_salaire_precedente_16 %', 'cat__augementation_salaire_precedente_17 %', 'cat__augementation_salaire_precedente_18 %', 'cat__augementation_salaire_precedente_19 %', 'cat__augementation_salaire_precedente_20 %', 'cat__augementation_salaire_precedente_21 %', 'cat__augementation_salaire_precedente_22 %', 'cat__augementation_salaire_precedente_23 %', 'cat__augementation_salaire_precedente_24 %', 'cat__augementation_salaire_precedente_25 %', 'cat__statut_marital_Célibataire', 'cat__statut_marital_Divorcé(e)', 'cat__statut_marital_Marié(e)', 'cat__departement_Commercial', 'cat__departement_Consulting', 'cat__departement_Ressources Humaines', 'cat__poste_Assistant de Direction', 'cat__poste_Cadre Commercial', 'cat__poste_Consultant', 'cat__poste_Directeur Technique', 'cat__poste_Manager', 'cat__poste_Représentant Commercial', 'cat__poste_Ressources Humaines', 'cat__poste_Senior Manager', 'cat__poste_Tech Lead', 'cat__domaine_etude_Autre', 'cat__domaine_etude_Entrepreunariat', 'cat__domaine_etude_Infra & Cloud', 'cat__domaine_etude_Marketing', 'cat__domaine_etude_Ressources Humaines', 'cat__domaine_etude_Transformation Digitale', 'cat__ayant_enfants_Y', 'cat__frequence_deplacement_Aucun', 'cat__frequence_deplacement_Frequent', 'cat__frequence_deplacement_Occasionnel']",2025-12-05 18:28:23.222119+00:00
99,16388,"[-0.11799551889381826, -0.10371139177328444, 0.0029916518820057563, -0.3449610660543126, -0.08313356667656446, -0.019036080566459973, -0.1829824029236773, -0.4543563582277338, 3.283571474757326, 0.08002766970722806, 0.10138183817461895, 0.01623918090131024, -0.09491596234798821, 0.12258578878830305, 0.04915905806018195, -0.0, -0.0452064027265629, 0.12153569153302007, -0.0, 0.17182338740459216, 0.0, -0.007778549247964336, 0.19690280653061076, 0.02140967333811745, -0.07955050609844841, -0.01283086001138259, -0.00686203179120519, -0.0, -0.0, 0.023954424573350914, -0.0, -0.0, -0.0, -0.0, 0.004853875970295928, 0.002946598898926316, -0.0, -0.00017803260482038435, 0.0, 0.0, -0.0, -0.10743518189069683, 0.017179526218022052, 0.007344058689886419, -0.06258185761554942, 0.24805574764539004, -0.0, 0.07165381095219742, -0.0, -0.08902040178278302, 0.0015197767288302603, 0.011817125862619706, -0.008106719730306845, -0.0, -0.0, -0.0, 0.0018875036456319117, -0.002936690411928771, 0.0037325249145255617, -0.011406420463949761, -0.0, -0.0, -0.0, 0.035596535260333184, -0.11351152551480784, -0.0]",-1.0379683952352932,"['num__satisfaction_employee_environnement', 'num__note_evaluation_precedente', 'num__niveau_hierarchique_poste', 'num__satisfaction_employee_nature_travail', 'num__satisfaction_employee_equipe', 'num__satisfaction_employee_equilibre_pro_perso', 'num__note_evaluation_actuelle', 'num__heures_supplementaires', 'num__id_employee', 'num__age', 'num__genre', 'num__revenu_mensuel', 'num__nombre_experiences_precedentes', 'num__annee_experience_totale', 'num__annees_dans_l_entreprise', 'num__annees_dans_le_poste_actuel', 'num__nombre_participation_pee', 'num__nb_formations_suivies', 'num__nombre_employee_sous_responsabilite', 'num__distance_domicile_travail', 'num__niveau_education', 'num__annees_depuis_la_derniere_promotion', 'num__annes_sous_responsable_actuel', 'num__improvement_evaluation', 'num__total_satisfaction', 'num__work_mobility', 'cat__augementation_salaire_precedente_11 %', 'cat__augementation_salaire_precedente_12 %', 'cat__augementation_salaire_precedente_13 %', 'cat__augementation_salaire_precedente_14 %', 'cat__augementation_salaire_precedente_15 %', 'cat__augementation_salaire_precedente_16 %', 'cat__augementation_salaire_precedente_17 %', 'cat__augementation_salaire_precedente_18 %', 'cat__augementation_salaire_precedente_19 %', 'cat__augementation_salaire_precedente_20 %', 'cat__augementation_salaire_precedente_21 %', 'cat__augementation_salaire_precedente_22 %', 'cat__augementation_salaire_precedente_23 %', 'cat__augementation_salaire_precedente_24 %', 'cat__augementation_salaire_precedente_25 %', 'cat__statut_marital_Célibataire', 'cat__statut_marital_Divorcé(e)', 'cat__statut_marital_Marié(e)', 'cat__departement_Commercial', 'cat__departement_Consulting', 'cat__departement_Ressources Humaines', 'cat__poste_Assistant de Direction', 'cat__poste_Cadre Commercial', 'cat__poste_Consultant', 'cat__poste_Directeur Technique', 'cat__poste_Manager', 'cat__poste_Représentant Commercial', 'cat__poste_Ressources Humaines', 'cat__poste_Senior Manager', 'cat__poste_Tech Lead', 'cat__domaine_etude_Autre', 'cat__domaine_etude_Entrepreunariat', 'cat__domaine_etude_Infra & Cloud', 'cat__domaine_etude_Marketing', 'cat__domaine_etude_Ressources Humaines', 'cat__domaine_etude_Transformation Digitale', 'cat__ayant_enfants_Y', 'cat__frequence_deplacement_Aucun', 'cat__frequence_deplacement_Frequent', 'cat__frequence_deplacement_Occasionnel']",2025-12-05 18:28:23.196689+00:00
98,16387,"[-0.11799551889381826, -0.10371139177328444, 0.0029916518820057563, -0.3449610660543126, -0.08313356667656446, -0.019036080566459973, -0.1829824029236773, -0.4543563582277338, 3.283571474757326, 0.08002766970722806, 0.10138183817461895, 0.01623918090131024, -0.09491596234798821, 0.12258578878830305, 0.04915905806018195, -0.0, -0.0452064027265629, 0.12153569153302007, -0.0, 0.17182338740459216, 0.0, -0.007778549247964336, 0.19690280653061076, 0.02140967333811745, -0.07955050609844841, -0.01283086001138259, -0.00686203179120519, -0.0, -0.0, 0.023954424573350914, -0.0, -0.0, -0.0, -0.0, 0.004853875970295928, 0.002946598898926316, -0.0, -0.00017803260482038435, 0.0, 0.0, -0.0, -0.10743518189069683, 0.017179526218022052, 0.007344058689886419, -0.06258185761554942, 0.24805574764539004, -0.0, 0.07165381095219742, -0.0, -0.08902040178278302, 0.0015197767288302603, 0.011817125862619706, -0.008106719730306845, -0.0, -0.0, -0.0, 0.0018875036456319117, -0.002936690411928771, 0.0037325249145255617, -0.011406420463949761, -0.0, -0.0, -0.0, 0.035596535260333184, -0.11351152551480784, -0.0]",-1.0379683952352932,"['num__satisfaction_employee_environnement', 'num__note_evaluation_precedente', 'num__niveau_hierarchique_poste', 'num__satisfaction_employee_nature_travail', 'num__satisfaction_employee_equipe', 'num__satisfaction_employee_equilibre_pro_perso', 'num__note_evaluation_actuelle', 'num__heures_supplementaires', 'num__id_employee', 'num__age', 'num__genre', 'num__revenu_mensuel', 'num__nombre_experiences_precedentes', 'num__annee_experience_totale', 'num__annees_dans_l_entreprise', 'num__annees_dans_le_poste_actuel', 'num__nombre_participation_pee', 'num__nb_formations_suivies', 'num__nombre_employee_sous_responsabilite', 'num__distance_domicile_travail', 'num__niveau_education', 'num__annees_depuis_la_derniere_promotion', 'num__annes_sous_responsable_actuel', 'num__improvement_evaluation', 'num__total_satisfaction', 'num__work_mobility', 'cat__augementation_salaire_precedente_11 %', 'cat__augementation_salaire_precedente_12 %', 'cat__augementation_salaire_precedente_13 %', 'cat__augementation_salaire_precedente_14 %', 'cat__augementation_salaire_precedente_15 %', 'cat__augementation_salaire_precedente_16 %', 'cat__augementation_salaire_precedente_17 %', 'cat__augementation_salaire_precedente_18 %', 'cat__augementation_salaire_precedente_19 %', 'cat__augementation_salaire_precedente_20 %', 'cat__augementation_salaire_precedente_21 %', 'cat__augementation_salaire_precedente_22 %', 'cat__augementation_salaire_precedente_23 %', 'cat__augementation_salaire_precedente_24 %', 'cat__augementation_salaire_precedente_25 %', 'cat__statut_marital_Célibataire', 'cat__statut_marital_Divorcé(e)', 'cat__statut_marital_Marié(e)', 'cat__departement_Commercial', 'cat__departement_Consulting', 'cat__departement_Ressources Humaines', 'cat__poste_Assistant de Direction', 'cat__poste_Cadre Commercial', 'cat__poste_Consultant', 'cat__poste_Directeur Technique', 'cat__poste_Manager', 'cat__poste_Représentant Commercial', 'cat__poste_Ressources Humaines', 'cat__poste_Senior Manager', 'cat__poste_Tech Lead', 'cat__domaine_etude_Autre', 'cat__domaine_etude_Entrepreunariat', 'cat__domaine_etude_Infra & Cloud', 'cat__domaine_etude_Marketing', 'cat__domaine_etude_Ressources Humaines', 'cat__domaine_etude_Transformation Digitale', 'cat__ayant_enfants_Y', 'cat__frequence_deplacement_Aucun', 'cat__frequence_deplacement_Frequent', 'cat__frequence_deplacement_Occasionnel']",2025-12-05 18:28:22.722723+00:00
97,16386,"[-0.11799551889381826, -0.10371139177328444, 0.0029916518820057563, -0.3449610660543126, -0.08313356667656446, -0.019036080566459973, -0.1829824029236773, -0.4543563582277338, 3.283571474757326, 0.08002766970722806, 0.10138183817461895, 0.01623918090131024, -0.09491596234798821, 0.12258578878830305, 0.04915905806018195, -0.0, -0.0452064027265629, 0.12153569153302007, -0.0, 0.17182338740459216, 0.0, -0.007778549247964336, 0.19690280653061076, 0.02140967333811745, -0.07955050609844841, -0.01283086001138259, -0.00686203179120519, -0.0, -0.0, 0.023954424573350914, -0.0, -0.0, -0.0, -0.0, 0.004853875970295928, 0.002946598898926316, -0.0, -0.00017803260482038435, 0.0, 0.0, -0.0, -0.10743518189069683, 0.017179526218022052, 0.007344058689886419, -0.06258185761554942, 0.24805574764539004, -0.0, 0.07165381095219742, -0.0, -0.08902040178278302, 0.0015197767288302603, 0.011817125862619706, -0.008106719730306845, -0.0, -0.0, -0.0, 0.0018875036456319117, -0.002936690411928771, 0.0037325249145255617, -0.011406420463949761, -0.0, -0.0, -0.0, 0.035596535260333184, -0.11351152551480784, -0.0]",-1.0379683952352932,"['num__satisfaction_employee_environnement', 'num__note_evaluation_precedente', 'num__niveau_hierarchique_poste', 'num__satisfaction_employee_nature_travail', 'num__satisfaction_employee_equipe', 'num__satisfaction_employee_equilibre_pro_perso', 'num__note_evaluation_actuelle', 'num__heures_supplementaires', 'num__id_employee', 'num__age', 'num__genre', 'num__revenu_mensuel', 'num__nombre_experiences_precedentes', 'num__annee_experience_totale', 'num__annees_dans_l_entreprise', 'num__annees_dans_le_poste_actuel', 'num__nombre_participation_pee', 'num__nb_formations_suivies', 'num__nombre_employee_sous_responsabilite', 'num__distance_domicile_travail', 'num__niveau_education', 'num__annees_depuis_la_derniere_promotion', 'num__annes_sous_responsable_actuel', 'num__improvement_evaluation', 'num__total_satisfaction', 'num__work_mobility', 'cat__augementation_salaire_precedente_11 %', 'cat__augementation_salaire_precedente_12 %', 'cat__augementation_salaire_precedente_13 %', 'cat__augementation_salaire_precedente_14 %', 'cat__augementation_salaire_precedente_15 %', 'cat__augementation_salaire_precedente_16 %', 'cat__augementation_salaire_precedente_17 %', 'cat__augementation_salaire_precedente_18 %', 'cat__augementation_salaire_precedente_19 %', 'cat__augementation_salaire_precedente_20 %', 'cat__augementation_salaire_precedente_21 %', 'cat__augementation_salaire_precedente_22 %', 'cat__augementation_salaire_precedente_23 %', 'cat__augementation_salaire_precedente_24 %', 'cat__augementation_salaire_precedente_25 %', 'cat__statut_marital_Célibataire', 'cat__statut_marital_Divorcé(e)', 'cat__statut_marital_Marié(e)', 'cat__departement_Commercial', 'cat__departement_Consulting', 'cat__departement_Ressources Humaines', 'cat__poste_Assistant de Direction', 'cat__poste_Cadre Commercial', 'cat__poste_Consultant', 'cat__poste_Directeur Technique', 'cat__poste_Manager', 'cat__poste_Représentant Commercial', 'cat__poste_Ressources Humaines', 'cat__poste_Senior Manager', 'cat__poste_Tech Lead', 'cat__domaine_etude_Autre', 'cat__domaine_etude_Entrepreunariat', 'cat__domaine_etude_Infra & Cloud', 'cat__domaine_etude_Marketing', 'cat__domaine_etude_Ressources Humaines', 'cat__domaine_etude_Transformation Digitale', 'cat__ayant_enfants_Y', 'cat__frequence_deplacement_Aucun', 'cat__frequence_deplacement_Frequent', 'cat__frequence_deplacement_Occasionnel']",2025-12-05 18:28:22.277400+00:00
96,14907,"[-0.11799551889381826, -0.10371139177328444, 0.0029916518820057563, -0.3449610660543126, -0.08313356667656446, -0.019036080566459973, -0.1829824029236773, -0.4543563582277338, 3.283571474757326, 0.08002766970722806, 0.10138183817461895, 0.01623918090131024, -0.09491596234798821, 0.12258578878830305, 0.04915905806018195, -0.0, -0.0452064027265629, 0.12153569153302007, -0.0, 0.17182338740459216, 0.0, -0.007778549247964336, 0.19690280653061076, 0.02140967333811745, -0.07955050609844841, -0.01283086001138259, -0.00686203179120519, -0.0, -0.0, 0.023954424573350914, -0.0, -0.0, -0.0, -0.0, 0.004853875970295928, 0.002946598898926316, -0.0, -0.00017803260482038435, 0.0, 0.0, -0.0, -0.10743518189069683, 0.017179526218022052, 0.007344058689886419, -0.06258185761554942, 0.24805574764539004, -0.0, 0.07165381095219742, -0.0, -0.08902040178278302, 0.0015197767288302603, 0.011817125862619706, -0.008106719730306845, -0.0, -0.0, -0.0, 0.0018875036456319117, -0.002936690411928771, 0.0037325249145255617, -0.011406420463949761, -0.0, -0.0, -0.0, 0.035596535260333184, -0.11351152551480784, -0.0]",-1.0379683952352932,"['num__satisfaction_employee_environnement', 'num__note_evaluation_precedente', 'num__niveau_hierarchique_poste', 'num__satisfaction_employee_nature_travail', 'num__satisfaction_employee_equipe', 'num__satisfaction_employee_equilibre_pro_perso', 'num__note_evaluation_actuelle', 'num__heures_supplementaires', 'num__id_employee', 'num__age', 'num__genre', 'num__revenu_mensuel', 'num__nombre_experiences_precedentes', 'num__annee_experience_totale', 'num__annees_dans_l_entreprise', 'num__annees_dans_le_poste_actuel', 'num__nombre_participation_pee', 'num__nb_formations_suivies', 'num__nombre_employee_sous_responsabilite', 'num__distance_domicile_travail', 'num__niveau_education', 'num__annees_depuis_la_derniere_promotion', 'num__annes_sous_responsable_actuel', 'num__improvement_evaluation', 'num__total_satisfaction', 'num__work_mobility', 'cat__augementation_salaire_precedente_11 %', 'cat__augementation_salaire_precedente_12 %', 'cat__augementation_salaire_precedente_13 %', 'cat__augementation_salaire_precedente_14 %', 'cat__augementation_salaire_precedente_15 %', 'cat__augementation_salaire_precedente_16 %', 'cat__augementation_salaire_precedente_17 %', 'cat__augementation_salaire_precedente_18 %', 'cat__augementation_salaire_precedente_19 %', 'cat__augementation_salaire_precedente_20 %', 'cat__augementation_salaire_precedente_21 %', 'cat__augementation_salaire_precedente_22 %', 'cat__augementation_salaire_precedente_23 %', 'cat__augementation_salaire_precedente_24 %', 'cat__augementation_salaire_precedente_25 %', 'cat__statut_marital_Célibataire', 'cat__statut_marital_Divorcé(e)', 'cat__statut_marital_Marié(e)', 'cat__departement_Commercial', 'cat__departement_Consulting', 'cat__departement_Ressources Humaines', 'cat__poste_Assistant de Direction', 'cat__poste_Cadre Commercial', 'cat__poste_Consultant', 'cat__poste_Directeur Technique', 'cat__poste_Manager', 'cat__poste_Représentant Commercial', 'cat__poste_Ressources Humaines', 'cat__poste_Senior Manager', 'cat__poste_Tech Lead', 'cat__domaine_etude_Autre', 'cat__domaine_etude_Entrepreunariat', 'cat__domaine_etude_Infra & Cloud', 'cat__domaine_etude_Marketing', 'cat__domaine_etude_Ressources Humaines', 'cat__domaine_etude_Transformation Digitale', 'cat__ayant_enfants_Y', 'cat__frequence_deplacement_Aucun', 'cat__frequence_deplacement_Frequent', 'cat__frequence_deplacement_Occasionnel']",2025-12-05 18:26:37.312874+00:00
95,14906,"[-0.11799551889381826, -0.10371139177328444, 0.0029916518820057563, -0.3449610660543126, -0.08313356667656446, -0.019036080566459973, -0.1829824029236773, -0.4543563582277338, 3.283571474757326, 0.08002766970722806, 0.10138183817461895, 0.01623918090131024, -0.09491596234798821, 0.12258578878830305, 0.04915905806018195, -0.0, -0.0452064027265629, 0.12153569153302007, -0.0, 0.17182338740459216, 0.0, -0.007778549247964336, 0.19690280653061076, 0.02140967333811745, -0.07955050609844841, -0.01283086001138259, -0.00686203179120519, -0.0, -0.0, 0.023954424573350914, -0.0, -0.0, -0.0, -0.0, 0.004853875970295928, 0.002946598898926316, -0.0, -0.00017803260482038435, 0.0, 0.0, -0.0, -0.10743518189069683, 0.017179526218022052, 0.007344058689886419, -0.06258185761554942, 0.24805574764539004, -0.0, 0.07165381095219742, -0.0, -0.08902040178278302, 0.0015197767288302603, 0.011817125862619706, -0.008106719730306845, -0.0, -0.0, -0.0, 0.0018875036456319117, -0.002936690411928771, 0.0037325249145255617, -0.011406420463949761, -0.0, -0.0, -0.0, 0.035596535260333184, -0.11351152551480784, -0.0]",-1.0379683952352932,"['num__satisfaction_employee_environnement', 'num__note_evaluation_precedente', 'num__niveau_hierarchique_poste', 'num__satisfaction_employee_nature_travail', 'num__satisfaction_employee_equipe', 'num__satisfaction_employee_equilibre_pro_perso', 'num__note_evaluation_actuelle', 'num__heures_supplementaires', 'num__id_employee', 'num__age', 'num__genre', 'num__revenu_mensuel', 'num__nombre_experiences_precedentes', 'num__annee_experience_totale', 'num__annees_dans_l_entreprise', 'num__annees_dans_le_poste_actuel', 'num__nombre_participation_pee', 'num__nb_formations_suivies', 'num__nombre_employee_sous_responsabilite', 'num__distance_domicile_travail', 'num__niveau_education', 'num__annees_depuis_la_derniere_promotion', 'num__annes_sous_responsable_actuel', 'num__improvement_evaluation', 'num__total_satisfaction', 'num__work_mobility', 'cat__augementation_salaire_precedente_11 %', 'cat__augementation_salaire_precedente_12 %', 'cat__augementation_salaire_precedente_13 %', 'cat__augementation_salaire_precedente_14 %', 'cat__augementation_salaire_precedente_15 %', 'cat__augementation_salaire_precedente_16 %', 'cat__augementation_salaire_precedente_17 %', 'cat__augementation_salaire_precedente_18 %', 'cat__augementation_salaire_precedente_19 %', 'cat__augementation_salaire_precedente_20 %', 'cat__augementation_salaire_precedente_21 %', 'cat__augementation_salaire_precedente_22 %', 'cat__augementation_salaire_precedente_23 %', 'cat__augementation_salaire_precedente_24 %', 'cat__augementation_salaire_precedente_25 %', 'cat__statut_marital_Célibataire', 'cat__statut_marital_Divorcé(e)', 'cat__statut_marital_Marié(e)', 'cat__departement_Commercial', 'cat__departement_Consulting', 'cat__departement_Ressources Humaines', 'cat__poste_Assistant de Direction', 'cat__poste_Cadre Commercial', 'cat__poste_Consultant', 'cat__poste_Directeur Technique', 'cat__poste_Manager', 'cat__poste_Représentant Commercial', 'cat__poste_Ressources Humaines', 'cat__poste_Senior Manager', 'cat__poste_Tech Lead', 'cat__domaine_etude_Autre', 'cat__domaine_etude_Entrepreunariat', 'cat__domaine_etude_Infra & Cloud', 'cat__domaine_etude_Marketing', 'cat__domaine_etude_Ressources Humaines', 'cat__domaine_etude_Transformation Digitale', 'cat__ayant_enfants_Y', 'cat__frequence_deplacement_Aucun', 'cat__frequence_deplacement_Frequent', 'cat__frequence_deplacement_Occasionnel']",2025-12-05 18:26:36.751251+00:00
94,14905,"[-0.11799551889381826, -0.10371139177328444, 0.0029916518820057563, -0.3449610660543126, -0.08313356667656446, -0.019036080566459973, -0.1829824029236773, -0.4543563582277338, 3.2836384857362906, 0.08002766970722806, 0.10138183817461895, 0.01623918090131024, -0.09491596234798821, 0.12258578878830305, 0.04915905806018195, -0.0, -0.0452064027265629, 0.12153569153302007, -0.0, 0.17182338740459216, 0.0, -0.007778549247964336, 0.19690280653061076, 0.02140967333811745, -0.07955050609844841, -0.01283086001138259, -0.00686203179120519, -0.0, -0.0, 0.023954424573350914, -0.0, -0.0, -0.0, -0.0, 0.004853875970295928, 0.002946598898926316, -0.0, -0.00017803260482038435, 0.0, 0.0, -0.0, -0.10743518189069683, 0.017179526218022052, 0.007344058689886419, -0.06258185761554942, 0.24805574764539004, -0.0, 0.07165381095219742, -0.0, -0.08902040178278302, 0.0015197767288302603, 0.011817125862619706, -0.008106719730306845, -0.0, -0.0, -0.0, 0.0018875036456319117, -0.002936690411928771, 0.0037325249145255617, -0.011406420463949761, -0.0, -0.0, -0.0, 0.035596535260333184, -0.11351152551480784, -0.0]",-1.0379683952352932,"['num__satisfaction_employee_environnement', 'num__note_evaluation_precedente', 'num__niveau_hierarchique_poste', 'num__satisfaction_employee_nature_travail', 'num__satisfaction_employee_equipe', 'num__satisfaction_employee_equilibre_pro_perso', 'num__note_evaluation_actuelle', 'num__heures_supplementaires', 'num__id_employee', 'num__age', 'num__genre', 'num__revenu_mensuel', 'num__nombre_experiences_precedentes', 'num__annee_experience_totale', 'num__annees_dans_l_entreprise', 'num__annees_dans_le_poste_actuel', 'num__nombre_participation_pee', 'num__nb_formations_suivies', 'num__nombre_employee_sous_responsabilite', 'num__distance_domicile_travail', 'num__niveau_education', 'num__annees_depuis_la_derniere_promotion', 'num__annes_sous_responsable_actuel', 'num__improvement_evaluation', 'num__total_satisfaction', 'num__work_mobility', 'cat__augementation_salaire_precedente_11 %', 'cat__augementation_salaire_precedente_12 %', 'cat__augementation_salaire_precedente_13 %', 'cat__augementation_salaire_precedente_14 %', 'cat__augementation_salaire_precedente_15 %', 'cat__augementation_salaire_precedente_16 %', 'cat__augementation_salaire_precedente_17 %', 'cat__augementation_salaire_precedente_18 %', 'cat__augementation_salaire_precedente_19 %', 'cat__augementation_salaire_precedente_20 %', 'cat__augementation_salaire_precedente_21 %', 'cat__augementation_salaire_precedente_22 %', 'cat__augementation_salaire_precedente_23 %', 'cat__augementation_salaire_precedente_24 %', 'cat__augementation_salaire_precedente_25 %', 'cat__statut_marital_Célibataire', 'cat__statut_marital_Divorcé(e)', 'cat__statut_marital_Marié(e)', 'cat__departement_Commercial', 'cat__departement_Consulting', 'cat__departement_Ressources Humaines', 'cat__poste_Assistant de Direction', 'cat__poste_Cadre Commercial', 'cat__poste_Consultant', 'cat__poste_Directeur Technique', 'cat__poste_Manager', 'cat__poste_Représentant Commercial', 'cat__poste_Ressources Humaines', 'cat__poste_Senior Manager', 'cat__poste_Tech Lead', 'cat__domaine_etude_Autre', 'cat__domaine_etude_Entrepreunariat', 'cat__domaine_etude_Infra & Cloud', 'cat__domaine_etude_Marketing', 'cat__domaine_etude_Ressources Humaines', 'cat__domaine_etude_Transformation Digitale', 'cat__ayant_enfants_Y', 'cat__frequence_deplacement_Aucun', 'cat__frequence_deplacement_Frequent', 'cat__frequence_deplacement_Occasionnel']",2025-12-05 18:26:31.329056+00:00
93,14904,"[-0.11799551889381826, -0.10371139177328444, 0.0029916518820057563, -0.3449610660543126, -0.08313356667656446, -0.019036080566459973, -0.1829824029236773, -0.4543563582277338, 3.2836049802468086, 0.08002766970722806, 0.10138183817461895, 0.01623918090131024, -0.09491596234798821, 0.12258578878830305, 0.04915905806018195, -0.0, -0.0452064027265629, 0.12153569153302007, -0.0, 0.17182338740459216, 0.0, -0.007778549247964336, 0.19690280653061076, 0.02140967333811745, -0.07955050609844841, -0.01283086001138259, -0.00686203179120519, -0.0, -0.0, 0.023954424573350914, -0.0, -0.0, -0.0, -0.0, 0.004853875970295928, 0.002946598898926316, -0.0, -0.00017803260482038435, 0.0, 0.0, -0.0, -0.10743518189069683, 0.017179526218022052, 0.007344058689886419, -0.06258185761554942, 0.24805574764539004, -0.0, 0.07165381095219742, -0.0, -0.08902040178278302, 0.0015197767288302603, 0.011817125862619706, -0.008106719730306845, -0.0, -0.0, -0.0, 0.0018875036456319117, -0.002936690411928771, 0.0037325249145255617, -0.011406420463949761, -0.0, -0.0, -0.0, 0.035596535260333184, -0.11351152551480784, -0.0]",-1.0379683952352932,"['num__satisfaction_employee_environnement', 'num__note_evaluation_precedente', 'num__niveau_hierarchique_poste', 'num__satisfaction_employee_nature_travail', 'num__satisfaction_employee_equipe', 'num__satisfaction_employee_equilibre_pro_perso', 'num__note_evaluation_actuelle', 'num__heures_supplementaires', 'num__id_employee', 'num__age', 'num__genre', 'num__revenu_mensuel', 'num__nombre_experiences_precedentes', 'num__annee_experience_totale', 'num__annees_dans_l_entreprise', 'num__annees_dans_le_poste_actuel', 'num__nombre_participation_pee', 'num__nb_formations_suivies', 'num__nombre_employee_sous_responsabilite', 'num__distance_domicile_travail', 'num__niveau_education', 'num__annees_depuis_la_derniere_promotion', 'num__annes_sous_responsable_actuel', 'num__improvement_evaluation', 'num__total_satisfaction', 'num__work_mobility', 'cat__augementation_salaire_precedente_11 %', 'cat__augementation_salaire_precedente_12 %', 'cat__augementation_salaire_precedente_13 %', 'cat__augementation_salaire_precedente_14 %', 'cat__augementation_salaire_precedente_15 %', 'cat__augementation_salaire_precedente_16 %', 'cat__augementation_salaire_precedente_17 %', 'cat__augementation_salaire_precedente_18 %', 'cat__augementation_salaire_precedente_19 %', 'cat__augementation_salaire_precedente_20 %', 'cat__augementation_salaire_precedente_21 %', 'cat__augementation_salaire_precedente_22 %', 'cat__augementation_salaire_precedente_23 %', 'cat__augementation_salaire_precedente_24 %', 'cat__augementation_salaire_precedente_25 %', 'cat__statut_marital_Célibataire', 'cat__statut_marital_Divorcé(e)', 'cat__statut_marital_Marié(e)', 'cat__departement_Commercial', 'cat__departement_Consulting', 'cat__departement_Ressources Humaines', 'cat__poste_Assistant de Direction', 'cat__poste_Cadre Commercial', 'cat__poste_Consultant', 'cat__poste_Directeur Technique', 'cat__poste_Manager', 'cat__poste_Représentant Commercial', 'cat__poste_Ressources Humaines', 'cat__poste_Senior Manager', 'cat__poste_Tech Lead', 'cat__domaine_etude_Autre', 'cat__domaine_etude_Entrepreunariat', 'cat__domaine_etude_Infra & Cloud', 'cat__domaine_etude_Marketing', 'cat__domaine_etude_Ressources Humaines', 'cat__domaine_etude_Transformation Digitale', 'cat__ayant_enfants_Y', 'cat__frequence_deplacement_Aucun', 'cat__frequence_deplacement_Frequent', 'cat__frequence_deplacement_Occasionnel']",2025-12-05 18:26:31.307966+00:00
92,14903,"[-0.11799551889381826, -0.10371139177328444, 0.0029916518820057563, -0.3449610660543126, -0.08313356667656446, -0.019036080566459973, -0.1829824029236773, -0.4543563582277338, 3.283571474757326, 0.08002766970722806, 0.10138183817461895, 0.01623918090131024, -0.09491596234798821, 0.12258578878830305, 0.04915905806018195, -0.0, -0.0452064027265629, 0.12153569153302007, -0.0, 0.17182338740459216, 0.0, -0.007778549247964336, 0.19690280653061076, 0.02140967333811745, -0.07955050609844841, -0.01283086001138259, -0.00686203179120519, -0.0, -0.0, 0.023954424573350914, -0.0, -0.0, -0.0, -0.0, 0.004853875970295928, 0.002946598898926316, -0.0, -0.00017803260482038435, 0.0, 0.0, -0.0, -0.10743518189069683, 0.017179526218022052, 0.007344058689886419, -0.06258185761554942, 0.24805574764539004, -0.0, 0.07165381095219742, -0.0, -0.08902040178278302, 0.0015197767288302603, 0.011817125862619706, -0.008106719730306845, -0.0, -0.0, -0.0, 0.0018875036456319117, -0.002936690411928771, 0.0037325249145255617, -0.011406420463949761, -0.0, -0.0, -0.0, 0.035596535260333184, -0.11351152551480784, -0.0]",-1.0379683952352932,"['num__satisfaction_employee_environnement', 'num__note_evaluation_precedente', 'num__niveau_hierarchique_poste', 'num__satisfaction_employee_nature_travail', 'num__satisfaction_employee_equipe', 'num__satisfaction_employee_equilibre_pro_perso', 'num__note_evaluation_actuelle', 'num__heures_supplementaires', 'num__id_employee', 'num__age', 'num__genre', 'num__revenu_mensuel', 'num__nombre_experiences_precedentes', 'num__annee_experience_totale', 'num__annees_dans_l_entreprise', 'num__annees_dans_le_poste_actuel', 'num__nombre_participation_pee', 'num__nb_formations_suivies', 'num__nombre_employee_sous_responsabilite', 'num__distance_domicile_travail', 'num__niveau_education', 'num__annees_depuis_la_derniere_promotion', 'num__annes_sous_responsable_actuel', 'num__improvement_evaluation', 'num__total_satisfaction', 'num__work_mobility', 'cat__augementation_salaire_precedente_11 %', 'cat__augementation_salaire_precedente_12 %', 'cat__augementation_salaire_precedente_13 %', 'cat__augementation_salaire_precedente_14 %', 'cat__augementation_salaire_precedente_15 %', 'cat__augementation_salaire_precedente_16 %', 'cat__augementation_salaire_precedente_17 %', 'cat__augementation_salaire_precedente_18 %', 'cat__augementation_salaire_precedente_19 %', 'cat__augementation_salaire_precedente_20 %', 'cat__augementation_salaire_precedente_21 %', 'cat__augementation_salaire_precedente_22 %', 'cat__augementation_salaire_precedente_23 %', 'cat__augementation_salaire_precedente_24 %', 'cat__augementation_salaire_precedente_25 %', 'cat__statut_marital_Célibataire', 'cat__statut_marital_Divorcé(e)', 'cat__statut_marital_Marié(e)', 'cat__departement_Commercial', 'cat__departement_Consulting', 'cat__departement_Ressources Humaines', 'cat__poste_Assistant de Direction', 'cat__poste_Cadre Commercial', 'cat__poste_Consultant', 'cat__poste_Directeur Technique', 'cat__poste_Manager', 'cat__poste_Représentant Commercial', 'cat__poste_Ressources Humaines', 'cat__poste_Senior Manager', 'cat__poste_Tech Lead', 'cat__domaine_etude_Autre', 'cat__domaine_etude_Entrepreunariat', 'cat__domaine_etude_Infra & Cloud', 'cat__domaine_etude_Marketing', 'cat__domaine_etude_Ressources Humaines', 'cat__domaine_etude_Transformation Digitale', 'cat__ayant_enfants_Y', 'cat__frequence_deplacement_Aucun', 'cat__frequence_deplacement_Frequent', 'cat__frequence_deplacement_Occasionnel']",2025-12-05 18:26:31.280984+00:00
91,14902,"[-0.11799551889381826, -0.10371139177328444, 0.0029916518820057563, -0.3449610660543126, -0.08313356667656446, -0.019036080566459973, -0.1829824029236773, -0.4543563582277338, 3.283571474757326, 0.08002766970722806, 0.10138183817461895, 0.01623918090131024, -0.09491596234798821, 0.12258578878830305, 0.04915905806018195, -0.0, -0.0452064027265629, 0.12153569153302007, -0.0, 0.17182338740459216, 0.0, -0.007778549247964336, 0.19690280653061076, 0.02140967333811745, -0.07955050609844841, -0.01283086001138259, -0.00686203179120519, -0.0, -0.0, 0.023954424573350914, -0.0, -0.0, -0.0, -0.0, 0.004853875970295928, 0.002946598898926316, -0.0, -0.00017803260482038435, 0.0, 0.0, -0.0, -0.10743518189069683, 0.017179526218022052, 0.007344058689886419, -0.06258185761554942, 0.24805574764539004, -0.0, 0.07165381095219742, -0.0, -0.08902040178278302, 0.0015197767288302603, 0.011817125862619706, -0.008106719730306845, -0.0, -0.0, -0.0, 0.0018875036456319117, -0.002936690411928771, 0.0037325249145255617, -0.011406420463949761, -0.0, -0.0, -0.0, 0.035596535260333184, -0.11351152551480784, -0.0]",-1.0379683952352932,"['num__satisfaction_employee_environnement', 'num__note_evaluation_precedente', 'num__niveau_hierarchique_poste', 'num__satisfaction_employee_nature_travail', 'num__satisfaction_employee_equipe', 'num__satisfaction_employee_equilibre_pro_perso', 'num__note_evaluation_actuelle', 'num__heures_supplementaires', 'num__id_employee', 'num__age', 'num__genre', 'num__revenu_mensuel', 'num__nombre_experiences_precedentes', 'num__annee_experience_totale', 'num__annees_dans_l_entreprise', 'num__annees_dans_le_poste_actuel', 'num__nombre_participation_pee', 'num__nb_formations_suivies', 'num__nombre_employee_sous_responsabilite', 'num__distance_domicile_travail', 'num__niveau_education', 'num__annees_depuis_la_derniere_promotion', 'num__annes_sous_responsable_actuel', 'num__improvement_evaluation', 'num__total_satisfaction', 'num__work_mobility', 'cat__augementation_salaire_precedente_11 %', 'cat__augementation_salaire_precedente_12 %', 'cat__augementation_salaire_precedente_13 %', 'cat__augementation_salaire_precedente_14 %', 'cat__augementation_salaire_precedente_15 %', 'cat__augementation_salaire_precedente_16 %', 'cat__augementation_salaire_precedente_17 %', 'cat__augementation_salaire_precedente_18 %', 'cat__augementation_salaire_precedente_19 %', 'cat__augementation_salaire_precedente_20 %', 'cat__augementation_salaire_precedente_21 %', 'cat__augementation_salaire_precedente_22 %', 'cat__augementation_salaire_precedente_23 %', 'cat__augementation_salaire_precedente_24 %', 'cat__augementation_salaire_precedente_25 %', 'cat__statut_marital_Célibataire', 'cat__statut_marital_Divorcé(e)', 'cat__statut_marital_Marié(e)', 'cat__departement_Commercial', 'cat__departement_Consulting', 'cat__departement_Ressources Humaines', 'cat__poste_Assistant de Direction', 'cat__poste_Cadre Commercial', 'cat__poste_Consultant', 'cat__poste_Directeur Technique', 'cat__poste_Manager', 'cat__poste_Représentant Commercial', 'cat__poste_Ressources Humaines', 'cat__poste_Senior Manager', 'cat__poste_Tech Lead', 'cat__domaine_etude_Autre', 'cat__domaine_etude_Entrepreunariat', 'cat__domaine_etude_Infra & Cloud', 'cat__domaine_etude_Marketing', 'cat__domaine_etude_Ressources Humaines', 'cat__domaine_etude_Transformation Digitale', 'cat__ayant_enfants_Y', 'cat__frequence_deplacement_Aucun', 'cat__frequence_deplacement_Frequent', 'cat__frequence_deplacement_Occasionnel']",2025-12-05 18:26:31.098514+00:00
90,14901,"[-0.11799551889381826, -0.10371139177328444, 0.0029916518820057563, -0.3449610660543126, -0.08313356667656446, -0.019036080566459973, -0.1829824029236773, -0.4543563582277338, 3.283671991225773, 0.08002766970722806, 0.10138183817461895, 0.01623918090131024, -0.09491596234798821, 0.12258578878830305, 0.04915905806018195, -0.0, -0.0452064027265629, 0.12153569153302007, -0.0, 0.17182338740459216, 0.0, -0.007778549247964336, 0.19690280653061076, 0.02140967333811745, -0.07955050609844841, -0.01283086001138259, -0.00686203179120519, -0.0, -0.0, 0.023954424573350914, -0.0, -0.0, -0.0, -0.0, 0.004853875970295928, 0.002946598898926316, -0.0, -0.00017803260482038435, 0.0, 0.0, -0.0, -0.10743518189069683, 0.017179526218022052, 0.007344058689886419, -0.06258185761554942, 0.24805574764539004, -0.0, 0.07165381095219742, -0.0, -0.08902040178278302, 0.0015197767288302603, 0.011817125862619706, -0.008106719730306845, -0.0, -0.0, -0.0, 0.0018875036456319117, -0.002936690411928771, 0.0037325249145255617, -0.011406420463949761, -0.0, -0.0, -0.0, 0.035596535260333184, -0.11351152551480784, -0.0]",-1.0379683952352932,"['num__satisfaction_employee_environnement', 'num__note_evaluation_precedente', 'num__niveau_hierarchique_poste', 'num__satisfaction_employee_nature_travail', 'num__satisfaction_employee_equipe', 'num__satisfaction_employee_equilibre_pro_perso', 'num__note_evaluation_actuelle', 'num__heures_supplementaires', 'num__id_employee', 'num__age', 'num__genre', 'num__revenu_mensuel', 'num__nombre_experiences_precedentes', 'num__annee_experience_totale', 'num__annees_dans_l_entreprise', 'num__annees_dans_le_poste_actuel', 'num__nombre_participation_pee', 'num__nb_formations_suivies', 'num__nombre_employee_sous_responsabilite', 'num__distance_domicile_travail', 'num__niveau_education', 'num__annees_depuis_la_derniere_promotion', 'num__annes_sous_responsable_actuel', 'num__improvement_evaluation', 'num__total_satisfaction', 'num__work_mobility', 'cat__augementation_salaire_precedente_11 %', 'cat__augementation_salaire_precedente_12 %', 'cat__augementation_salaire_precedente_13 %', 'cat__augementation_salaire_precedente_14 %', 'cat__augementation_salaire_precedente_15 %', 'cat__augementation_salaire_precedente_16 %', 'cat__augementation_salaire_precedente_17 %', 'cat__augementation_salaire_precedente_18 %', 'cat__augementation_salaire_precedente_19 %', 'cat__augementation_salaire_precedente_20 %', 'cat__augementation_salaire_precedente_21 %', 'cat__augementation_salaire_precedente_22 %', 'cat__augementation_salaire_precedente_23 %', 'cat__augementation_salaire_precedente_24 %', 'cat__augementation_salaire_precedente_25 %', 'cat__statut_marital_Célibataire', 'cat__statut_marital_Divorcé(e)', 'cat__statut_marital_Marié(e)', 'cat__departement_Commercial', 'cat__departement_Consulting', 'cat__departement_Ressources Humaines', 'cat__poste_Assistant de Direction', 'cat__poste_Cadre Commercial', 'cat__poste_Consultant', 'cat__poste_Directeur Technique', 'cat__poste_Manager', 'cat__poste_Représentant Commercial', 'cat__poste_Ressources Humaines', 'cat__poste_Senior Manager', 'cat__poste_Tech Lead', 'cat__domaine_etude_Autre', 'cat__domaine_etude_Entrepreunariat', 'cat__domaine_etude_Infra & Cloud', 'cat__domaine_etude_Marketing', 'cat__domaine_etude_Ressources Humaines', 'cat__domaine_etude_Transformation Digitale', 'cat__ayant_enfants_Y', 'cat__frequence_deplacement_Aucun', 'cat__frequence_deplacement_Frequent', 'cat__frequence_deplacement_Occasionnel']",2025-12-05 18:26:29.252207+00:00
89,14900,"[-0.11799551889381826, -0.10371139177328444, 0.0029916518820057563, -0.3449610660543126, -0.08313356667656446, -0.019036080566459973, -0.1829824029236773, -0.4543563582277338, 3.2836384857362906, 0.08002766970722806, 0.10138183817461895, 0.01623918090131024, -0.09491596234798821, 0.12258578878830305, 0.04915905806018195, -0.0, -0.0452064027265629, 0.12153569153302007, -0.0, 0.17182338740459216, 0.0, -0.007778549247964336, 0.19690280653061076, 0.02140967333811745, -0.07955050609844841, -0.01283086001138259, -0.00686203179120519, -0.0, -0.0, 0.023954424573350914, -0.0, -0.0, -0.0, -0.0, 0.004853875970295928, 0.002946598898926316, -0.0, -0.00017803260482038435, 0.0, 0.0, -0.0, -0.10743518189069683, 0.017179526218022052, 0.007344058689886419, -0.06258185761554942, 0.24805574764539004, -0.0, 0.07165381095219742, -0.0, -0.08902040178278302, 0.0015197767288302603, 0.011817125862619706, -0.008106719730306845, -0.0, -0.0, -0.0, 0.0018875036456319117, -0.002936690411928771, 0.0037325249145255617, -0.011406420463949761, -0.0, -0.0, -0.0, 0.035596535260333184, -0.11351152551480784, -0.0]",-1.0379683952352932,"['num__satisfaction_employee_environnement', 'num__note_evaluation_precedente', 'num__niveau_hierarchique_poste', 'num__satisfaction_employee_nature_travail', 'num__satisfaction_employee_equipe', 'num__satisfaction_employee_equilibre_pro_perso', 'num__note_evaluation_actuelle', 'num__heures_supplementaires', 'num__id_employee', 'num__age', 'num__genre', 'num__revenu_mensuel', 'num__nombre_experiences_precedentes', 'num__annee_experience_totale', 'num__annees_dans_l_entreprise', 'num__annees_dans_le_poste_actuel', 'num__nombre_participation_pee', 'num__nb_formations_suivies', 'num__nombre_employee_sous_responsabilite', 'num__distance_domicile_travail', 'num__niveau_education', 'num__annees_depuis_la_derniere_promotion', 'num__annes_sous_responsable_actuel', 'num__improvement_evaluation', 'num__total_satisfaction', 'num__work_mobility', 'cat__augementation_salaire_precedente_11 %', 'cat__augementation_salaire_precedente_12 %', 'cat__augementation_salaire_precedente_13 %', 'cat__augementation_salaire_precedente_14 %', 'cat__augementation_salaire_precedente_15 %', 'cat__augementation_salaire_precedente_16 %', 'cat__augementation_salaire_precedente_17 %', 'cat__augementation_salaire_precedente_18 %', 'cat__augementation_salaire_precedente_19 %', 'cat__augementation_salaire_precedente_20 %', 'cat__augementation_salaire_precedente_21 %', 'cat__augementation_salaire_precedente_22 %', 'cat__augementation_salaire_precedente_23 %', 'cat__augementation_salaire_precedente_24 %', 'cat__augementation_salaire_precedente_25 %', 'cat__statut_marital_Célibataire', 'cat__statut_marital_Divorcé(e)', 'cat__statut_marital_Marié(e)', 'cat__departement_Commercial', 'cat__departement_Consulting', 'cat__departement_Ressources Humaines', 'cat__poste_Assistant de Direction', 'cat__poste_Cadre Commercial', 'cat__poste_Consultant', 'cat__poste_Directeur Technique', 'cat__poste_Manager', 'cat__poste_Représentant Commercial', 'cat__poste_Ressources Humaines', 'cat__poste_Senior Manager', 'cat__poste_Tech Lead', 'cat__domaine_etude_Autre', 'cat__domaine_etude_Entrepreunariat', 'cat__domaine_etude_Infra & Cloud', 'cat__domaine_etude_Marketing', 'cat__domaine_etude_Ressources Humaines', 'cat__domaine_etude_Transformation Digitale', 'cat__ayant_enfants_Y', 'cat__frequence_deplacement_Aucun', 'cat__frequence_deplacement_Frequent', 'cat__frequence_deplacement_Occasionnel']",2025-12-05 18:26:29.225963+00:00
88,14899,"[-0.11799551889381826, -0.10371139177328444, 0.0029916518820057563, -0.3449610660543126, -0.08313356667656446, -0.019036080566459973, -0.1829824029236773, -0.4543563582277338, 3.2836049802468086, 0.08002766970722806, 0.10138183817461895, 0.01623918090131024, -0.09491596234798821, 0.12258578878830305, 0.04915905806018195, -0.0, -0.0452064027265629, 0.12153569153302007, -0.0, 0.17182338740459216, 0.0, -0.007778549247964336, 0.19690280653061076, 0.02140967333811745, -0.07955050609844841, -0.01283086001138259, -0.00686203179120519, -0.0, -0.0, 0.023954424573350914, -0.0, -0.0, -0.0, -0.0, 0.004853875970295928, 0.002946598898926316, -0.0, -0.00017803260482038435, 0.0, 0.0, -0.0, -0.10743518189069683, 0.017179526218022052, 0.007344058689886419, -0.06258185761554942, 0.24805574764539004, -0.0, 0.07165381095219742, -0.0, -0.08902040178278302, 0.0015197767288302603, 0.011817125862619706, -0.008106719730306845, -0.0, -0.0, -0.0, 0.0018875036456319117, -0.002936690411928771, 0.0037325249145255617, -0.011406420463949761, -0.0, -0.0, -0.0, 0.035596535260333184, -0.11351152551480784, -0.0]",-1.0379683952352932,"['num__satisfaction_employee_environnement', 'num__note_evaluation_precedente', 'num__niveau_hierarchique_poste', 'num__satisfaction_employee_nature_travail', 'num__satisfaction_employee_equipe', 'num__satisfaction_employee_equilibre_pro_perso', 'num__note_evaluation_actuelle', 'num__heures_supplementaires', 'num__id_employee', 'num__age', 'num__genre', 'num__revenu_mensuel', 'num__nombre_experiences_precedentes', 'num__annee_experience_totale', 'num__annees_dans_l_entreprise', 'num__annees_dans_le_poste_actuel', 'num__nombre_participation_pee', 'num__nb_formations_suivies', 'num__nombre_employee_sous_responsabilite', 'num__distance_domicile_travail', 'num__niveau_education', 'num__annees_depuis_la_derniere_promotion', 'num__annes_sous_responsable_actuel', 'num__improvement_evaluation', 'num__total_satisfaction', 'num__work_mobility', 'cat__augementation_salaire_precedente_11 %', 'cat__augementation_salaire_precedente_12 %', 'cat__augementation_salaire_precedente_13 %', 'cat__augementation_salaire_precedente_14 %', 'cat__augementation_salaire_precedente_15 %', 'cat__augementation_salaire_precedente_16 %', 'cat__augementation_salaire_precedente_17 %', 'cat__augementation_salaire_precedente_18 %', 'cat__augementation_salaire_precedente_19 %', 'cat__augementation_salaire_precedente_20 %', 'cat__augementation_salaire_precedente_21 %', 'cat__augementation_salaire_precedente_22 %', 'cat__augementation_salaire_precedente_23 %', 'cat__augementation_salaire_precedente_24 %', 'cat__augementation_salaire_precedente_25 %', 'cat__statut_marital_Célibataire', 'cat__statut_marital_Divorcé(e)', 'cat__statut_marital_Marié(e)', 'cat__departement_Commercial', 'cat__departement_Consulting', 'cat__departement_Ressources Humaines', 'cat__poste_Assistant de Direction', 'cat__poste_Cadre Commercial', 'cat__poste_Consultant', 'cat__poste_Directeur Technique', 'cat__poste_Manager', 'cat__poste_Représentant Commercial', 'cat__poste_Ressources Humaines', 'cat__poste_Senior Manager', 'cat__poste_Tech Lead', 'cat__domaine_etude_Autre', 'cat__domaine_etude_Entrepreunariat', 'cat__domaine_etude_Infra & Cloud', 'cat__domaine_etude_Marketing', 'cat__domaine_etude_Ressources Humaines', 'cat__domaine_etude_Transformation Digitale', 'cat__ayant_enfants_Y', 'cat__frequence_deplacement_Aucun', 'cat__frequence_deplacement_Frequent', 'cat__frequence_deplacement_Occasionnel']",2025-12-05 18:26:29.195313+00:00
87,14898,"[-0.11799551889381826, -0.10371139177328444, 0.0029916518820057563, -0.3449610660543126, -0.08313356667656446, -0.019036080566459973, -0.1829824029236773, -0.4543563582277338, 3.283571474757326, 0.08002766970722806, 0.10138183817461895, 0.01623918090131024, -0.09491596234798821, 0.12258578878830305, 0.04915905806018195, -0.0, -0.0452064027265629, 0.12153569153302007, -0.0, 0.17182338740459216, 0.0, -0.007778549247964336, 0.19690280653061076, 0.02140967333811745, -0.07955050609844841, -0.01283086001138259, -0.00686203179120519, -0.0, -0.0, 0.023954424573350914, -0.0, -0.0, -0.0, -0.0, 0.004853875970295928, 0.002946598898926316, -0.0, -0.00017803260482038435, 0.0, 0.0, -0.0, -0.10743518189069683, 0.017179526218022052, 0.007344058689886419, -0.06258185761554942, 0.24805574764539004, -0.0, 0.07165381095219742, -0.0, -0.08902040178278302, 0.0015197767288302603, 0.011817125862619706, -0.008106719730306845, -0.0, -0.0, -0.0, 0.0018875036456319117, -0.002936690411928771, 0.0037325249145255617, -0.011406420463949761, -0.0, -0.0, -0.0, 0.035596535260333184, -0.11351152551480784, -0.0]",-1.0379683952352932,"['num__satisfaction_employee_environnement', 'num__note_evaluation_precedente', 'num__niveau_hierarchique_poste', 'num__satisfaction_employee_nature_travail', 'num__satisfaction_employee_equipe', 'num__satisfaction_employee_equilibre_pro_perso', 'num__note_evaluation_actuelle', 'num__heures_supplementaires', 'num__id_employee', 'num__age', 'num__genre', 'num__revenu_mensuel', 'num__nombre_experiences_precedentes', 'num__annee_experience_totale', 'num__annees_dans_l_entreprise', 'num__annees_dans_le_poste_actuel', 'num__nombre_participation_pee', 'num__nb_formations_suivies', 'num__nombre_employee_sous_responsabilite', 'num__distance_domicile_travail', 'num__niveau_education', 'num__annees_depuis_la_derniere_promotion', 'num__annes_sous_responsable_actuel', 'num__improvement_evaluation', 'num__total_satisfaction', 'num__work_mobility', 'cat__augementation_salaire_precedente_11 %', 'cat__augementation_salaire_precedente_12 %', 'cat__augementation_salaire_precedente_13 %', 'cat__augementation_salaire_precedente_14 %', 'cat__augementation_salaire_precedente_15 %', 'cat__augementation_salaire_precedente_16 %', 'cat__augementation_salaire_precedente_17 %', 'cat__augementation_salaire_precedente_18 %', 'cat__augementation_salaire_precedente_19 %', 'cat__augementation_salaire_precedente_20 %', 'cat__augementation_salaire_precedente_21 %', 'cat__augementation_salaire_precedente_22 %', 'cat__augementation_salaire_precedente_23 %', 'cat__augementation_salaire_precedente_24 %', 'cat__augementation_salaire_precedente_25 %', 'cat__statut_marital_Célibataire', 'cat__statut_marital_Divorcé(e)', 'cat__statut_marital_Marié(e)', 'cat__departement_Commercial', 'cat__departement_Consulting', 'cat__departement_Ressources Humaines', 'cat__poste_Assistant de Direction', 'cat__poste_Cadre Commercial', 'cat__poste_Consultant', 'cat__poste_Directeur Technique', 'cat__poste_Manager', 'cat__poste_Représentant Commercial', 'cat__poste_Ressources Humaines', 'cat__poste_Senior Manager', 'cat__poste_Tech Lead', 'cat__domaine_etude_Autre', 'cat__domaine_etude_Entrepreunariat', 'cat__domaine_etude_Infra & Cloud', 'cat__domaine_etude_Marketing', 'cat__domaine_etude_Ressources Humaines', 'cat__domaine_etude_Transformation Digitale', 'cat__ayant_enfants_Y', 'cat__frequence_deplacement_Aucun', 'cat__frequence_deplacement_Frequent', 'cat__frequence_deplacement_Occasionnel']",2025-12-05 18:26:29.145358+00:00
86,14897,"[-0.11799551889381826, -0.10371139177328444, 0.0029916518820057563, -0.3449610660543126, -0.08313356667656446, -0.019036080566459973, -0.1829824029236773, -0.4543563582277338, 3.283571474757326, 0.08002766970722806, 0.10138183817461895, 0.01623918090131024, -0.09491596234798821, 0.12258578878830305, 0.04915905806018195, -0.0, -0.0452064027265629, 0.12153569153302007, -0.0, 0.17182338740459216, 0.0, -0.007778549247964336, 0.19690280653061076, 0.02140967333811745, -0.07955050609844841, -0.01283086001138259, -0.00686203179120519, -0.0, -0.0, 0.023954424573350914, -0.0, -0.0, -0.0, -0.0, 0.004853875970295928, 0.002946598898926316, -0.0, -0.00017803260482038435, 0.0, 0.0, -0.0, -0.10743518189069683, 0.017179526218022052, 0.007344058689886419, -0.06258185761554942, 0.24805574764539004, -0.0, 0.07165381095219742, -0.0, -0.08902040178278302, 0.0015197767288302603, 0.011817125862619706, -0.008106719730306845, -0.0, -0.0, -0.0, 0.0018875036456319117, -0.002936690411928771, 0.0037325249145255617, -0.011406420463949761, -0.0, -0.0, -0.0, 0.035596535260333184, -0.11351152551480784, -0.0]",-1.0379683952352932,"['num__satisfaction_employee_environnement', 'num__note_evaluation_precedente', 'num__niveau_hierarchique_poste', 'num__satisfaction_employee_nature_travail', 'num__satisfaction_employee_equipe', 'num__satisfaction_employee_equilibre_pro_perso', 'num__note_evaluation_actuelle', 'num__heures_supplementaires', 'num__id_employee', 'num__age', 'num__genre', 'num__revenu_mensuel', 'num__nombre_experiences_precedentes', 'num__annee_experience_totale', 'num__annees_dans_l_entreprise', 'num__annees_dans_le_poste_actuel', 'num__nombre_participation_pee', 'num__nb_formations_suivies', 'num__nombre_employee_sous_responsabilite', 'num__distance_domicile_travail', 'num__niveau_education', 'num__annees_depuis_la_derniere_promotion', 'num__annes_sous_responsable_actuel', 'num__improvement_evaluation', 'num__total_satisfaction', 'num__work_mobility', 'cat__augementation_salaire_precedente_11 %', 'cat__augementation_salaire_precedente_12 %', 'cat__augementation_salaire_precedente_13 %', 'cat__augementation_salaire_precedente_14 %', 'cat__augementation_salaire_precedente_15 %', 'cat__augementation_salaire_precedente_16 %', 'cat__augementation_salaire_precedente_17 %', 'cat__augementation_salaire_precedente_18 %', 'cat__augementation_salaire_precedente_19 %', 'cat__augementation_salaire_precedente_20 %', 'cat__augementation_salaire_precedente_21 %', 'cat__augementation_salaire_precedente_22 %', 'cat__augementation_salaire_precedente_23 %', 'cat__augementation_salaire_precedente_24 %', 'cat__augementation_salaire_precedente_25 %', 'cat__statut_marital_Célibataire', 'cat__statut_marital_Divorcé(e)', 'cat__statut_marital_Marié(e)', 'cat__departement_Commercial', 'cat__departement_Consulting', 'cat__departement_Ressources Humaines', 'cat__poste_Assistant de Direction', 'cat__poste_Cadre Commercial', 'cat__poste_Consultant', 'cat__poste_Directeur Technique', 'cat__poste_Manager', 'cat__poste_Représentant Commercial', 'cat__poste_Ressources Humaines', 'cat__poste_Senior Manager', 'cat__poste_Tech Lead', 'cat__domaine_etude_Autre', 'cat__domaine_etude_Entrepreunariat', 'cat__domaine_etude_Infra & Cloud', 'cat__domaine_etude_Marketing', 'cat__domaine_etude_Ressources Humaines', 'cat__domaine_etude_Transformation Digitale', 'cat__ayant_enfants_Y', 'cat__frequence_deplacement_Aucun', 'cat__frequence_deplacement_Frequent', 'cat__frequence_deplacement_Occasionnel']",2025-12-05 18:26:28.689895+00:00
85,14896,"[-0.11799551889381826, -0.10371139177328444, 0.0029916518820057563, -0.3449610660543126, -0.08313356667656446, -0.019036080566459973, -0.1829824029236773, -0.4543563582277338, 3.283571474757326, 0.08002766970722806, 0.10138183817461895, 0.01623918090131024, -0.09491596234798821, 0.12258578878830305, 0.04915905806018195, -0.0, -0.0452064027265629, 0.12153569153302007, -0.0, 0.17182338740459216, 0.0, -0.007778549247964336, 0.19690280653061076, 0.02140967333811745, -0.07955050609844841, -0.01283086001138259, -0.00686203179120519, -0.0, -0.0, 0.023954424573350914, -0.0, -0.0, -0.0, -0.0, 0.004853875970295928, 0.002946598898926316, -0.0, -0.00017803260482038435, 0.0, 0.0, -0.0, -0.10743518189069683, 0.017179526218022052, 0.007344058689886419, -0.06258185761554942, 0.24805574764539004, -0.0, 0.07165381095219742, -0.0, -0.08902040178278302, 0.0015197767288302603, 0.011817125862619706, -0.008106719730306845, -0.0, -0.0, -0.0, 0.0018875036456319117, -0.002936690411928771, 0.0037325249145255617, -0.011406420463949761, -0.0, -0.0, -0.0, 0.035596535260333184, -0.11351152551480784, -0.0]",-1.0379683952352932,"['num__satisfaction_employee_environnement', 'num__note_evaluation_precedente', 'num__niveau_hierarchique_poste', 'num__satisfaction_employee_nature_travail', 'num__satisfaction_employee_equipe', 'num__satisfaction_employee_equilibre_pro_perso', 'num__note_evaluation_actuelle', 'num__heures_supplementaires', 'num__id_employee', 'num__age', 'num__genre', 'num__revenu_mensuel', 'num__nombre_experiences_precedentes', 'num__annee_experience_totale', 'num__annees_dans_l_entreprise', 'num__annees_dans_le_poste_actuel', 'num__nombre_participation_pee', 'num__nb_formations_suivies', 'num__nombre_employee_sous_responsabilite', 'num__distance_domicile_travail', 'num__niveau_education', 'num__annees_depuis_la_derniere_promotion', 'num__annes_sous_responsable_actuel', 'num__improvement_evaluation', 'num__total_satisfaction', 'num__work_mobility', 'cat__augementation_salaire_precedente_11 %', 'cat__augementation_salaire_precedente_12 %', 'cat__augementation_salaire_precedente_13 %', 'cat__augementation_salaire_precedente_14 %', 'cat__augementation_salaire_precedente_15 %', 'cat__augementation_salaire_precedente_16 %', 'cat__augementation_salaire_precedente_17 %', 'cat__augementation_salaire_precedente_18 %', 'cat__augementation_salaire_precedente_19 %', 'cat__augementation_salaire_precedente_20 %', 'cat__augementation_salaire_precedente_21 %', 'cat__augementation_salaire_precedente_22 %', 'cat__augementation_salaire_precedente_23 %', 'cat__augementation_salaire_precedente_24 %', 'cat__augementation_salaire_precedente_25 %', 'cat__statut_marital_Célibataire', 'cat__statut_marital_Divorcé(e)', 'cat__statut_marital_Marié(e)', 'cat__departement_Commercial', 'cat__departement_Consulting', 'cat__departement_Ressources Humaines', 'cat__poste_Assistant de Direction', 'cat__poste_Cadre Commercial', 'cat__poste_Consultant', 'cat__poste_Directeur Technique', 'cat__poste_Manager', 'cat__poste_Représentant Commercial', 'cat__poste_Ressources Humaines', 'cat__poste_Senior Manager', 'cat__poste_Tech Lead', 'cat__domaine_etude_Autre', 'cat__domaine_etude_Entrepreunariat', 'cat__domaine_etude_Infra & Cloud', 'cat__domaine_etude_Marketing', 'cat__domaine_etude_Ressources Humaines', 'cat__domaine_etude_Transformation Digitale', 'cat__ayant_enfants_Y', 'cat__frequence_deplacement_Aucun', 'cat__frequence_deplacement_Frequent', 'cat__frequence_deplacement_Occasionnel']",2025-12-05 18:26:28.037463+00:00
84,13417,"[-0.11799551889381826, -0.10371139177328444, 0.0029916518820057563, -0.3449610660543126, -0.08313356667656446, -0.019036080566459973, -0.1829824029236773, -0.4543563582277338, 3.283571474757326, 0.08002766970722806, 0.10138183817461895, 0.01623918090131024, -0.09491596234798821, 0.12258578878830305, 0.04915905806018195, -0.0, -0.0452064027265629, 0.12153569153302007, -0.0, 0.17182338740459216, 0.0, -0.007778549247964336, 0.19690280653061076, 0.02140967333811745, -0.07955050609844841, -0.01283086001138259, -0.00686203179120519, -0.0, -0.0, 0.023954424573350914, -0.0, -0.0, -0.0, -0.0, 0.004853875970295928, 0.002946598898926316, -0.0, -0.00017803260482038435, 0.0, 0.0, -0.0, -0.10743518189069683, 0.017179526218022052, 0.007344058689886419, -0.06258185761554942, 0.24805574764539004, -0.0, 0.07165381095219742, -0.0, -0.08902040178278302, 0.0015197767288302603, 0.011817125862619706, -0.008106719730306845, -0.0, -0.0, -0.0, 0.0018875036456319117, -0.002936690411928771, 0.0037325249145255617, -0.011406420463949761, -0.0, -0.0, -0.0, 0.035596535260333184, -0.11351152551480784, -0.0]",-1.0379683952352932,"['num__satisfaction_employee_environnement', 'num__note_evaluation_precedente', 'num__niveau_hierarchique_poste', 'num__satisfaction_employee_nature_travail', 'num__satisfaction_employee_equipe', 'num__satisfaction_employee_equilibre_pro_perso', 'num__note_evaluation_actuelle', 'num__heures_supplementaires', 'num__id_employee', 'num__age', 'num__genre', 'num__revenu_mensuel', 'num__nombre_experiences_precedentes', 'num__annee_experience_totale', 'num__annees_dans_l_entreprise', 'num__annees_dans_le_poste_actuel', 'num__nombre_participation_pee', 'num__nb_formations_suivies', 'num__nombre_employee_sous_responsabilite', 'num__distance_domicile_travail', 'num__niveau_education', 'num__annees_depuis_la_derniere_promotion', 'num__annes_sous_responsable_actuel', 'num__improvement_evaluation', 'num__total_satisfaction', 'num__work_mobility', 'cat__augementation_salaire_precedente_11 %', 'cat__augementation_salaire_precedente_12 %', 'cat__augementation_salaire_precedente_13 %', 'cat__augementation_salaire_precedente_14 %', 'cat__augementation_salaire_precedente_15 %', 'cat__augementation_salaire_precedente_16 %', 'cat__augementation_salaire_precedente_17 %', 'cat__augementation_salaire_precedente_18 %', 'cat__augementation_salaire_precedente_19 %', 'cat__augementation_salaire_precedente_20 %', 'cat__augementation_salaire_precedente_21 %', 'cat__augementation_salaire_precedente_22 %', 'cat__augementation_salaire_precedente_23 %', 'cat__augementation_salaire_precedente_24 %', 'cat__augementation_salaire_precedente_25 %', 'cat__statut_marital_Célibataire', 'cat__statut_marital_Divorcé(e)', 'cat__statut_marital_Marié(e)', 'cat__departement_Commercial', 'cat__departement_Consulting', 'cat__departement_Ressources Humaines', 'cat__poste_Assistant de Direction', 'cat__poste_Cadre Commercial', 'cat__poste_Consultant', 'cat__poste_Directeur Technique', 'cat__poste_Manager', 'cat__poste_Représentant Commercial', 'cat__poste_Ressources Humaines', 'cat__poste_Senior Manager', 'cat__poste_Tech Lead', 'cat__domaine_etude_Autre', 'cat__domaine_etude_Entrepreunariat', 'cat__domaine_etude_Infra & Cloud', 'cat__domaine_etude_Marketing', 'cat__domaine_etude_Ressources Humaines', 'cat__domaine_etude_Transformation Digitale', 'cat__ayant_enfants_Y', 'cat__frequence_deplacement_Aucun', 'cat__frequence_deplacement_Frequent', 'cat__frequence_deplacement_Occasionnel']",2025-12-05 18:24:48.470257+00:00
83,13416,"[-0.11799551889381826, -0.10371139177328444, 0.0029916518820057563, -0.3449610660543126, -0.08313356667656446, -0.019036080566459973, -0.1829824029236773, -0.4543563582277338, 3.283571474757326, 0.08002766970722806, 0.10138183817461895, 0.01623918090131024, -0.09491596234798821, 0.12258578878830305, 0.04915905806018195, -0.0, -0.0452064027265629, 0.12153569153302007, -0.0, 0.17182338740459216, 0.0, -0.007778549247964336, 0.19690280653061076, 0.02140967333811745, -0.07955050609844841, -0.01283086001138259, -0.00686203179120519, -0.0, -0.0, 0.023954424573350914, -0.0, -0.0, -0.0, -0.0, 0.004853875970295928, 0.002946598898926316, -0.0, -0.00017803260482038435, 0.0, 0.0, -0.0, -0.10743518189069683, 0.017179526218022052, 0.007344058689886419, -0.06258185761554942, 0.24805574764539004, -0.0, 0.07165381095219742, -0.0, -0.08902040178278302, 0.0015197767288302603, 0.011817125862619706, -0.008106719730306845, -0.0, -0.0, -0.0, 0.0018875036456319117, -0.002936690411928771, 0.0037325249145255617, -0.011406420463949761, -0.0, -0.0, -0.0, 0.035596535260333184, -0.11351152551480784, -0.0]",-1.0379683952352932,"['num__satisfaction_employee_environnement', 'num__note_evaluation_precedente', 'num__niveau_hierarchique_poste', 'num__satisfaction_employee_nature_travail', 'num__satisfaction_employee_equipe', 'num__satisfaction_employee_equilibre_pro_perso', 'num__note_evaluation_actuelle', 'num__heures_supplementaires', 'num__id_employee', 'num__age', 'num__genre', 'num__revenu_mensuel', 'num__nombre_experiences_precedentes', 'num__annee_experience_totale', 'num__annees_dans_l_entreprise', 'num__annees_dans_le_poste_actuel', 'num__nombre_participation_pee', 'num__nb_formations_suivies', 'num__nombre_employee_sous_responsabilite', 'num__distance_domicile_travail', 'num__niveau_education', 'num__annees_depuis_la_derniere_promotion', 'num__annes_sous_responsable_actuel', 'num__improvement_evaluation', 'num__total_satisfaction', 'num__work_mobility', 'cat__augementation_salaire_precedente_11 %', 'cat__augementation_salaire_precedente_12 %', 'cat__augementation_salaire_precedente_13 %', 'cat__augementation_salaire_precedente_14 %', 'cat__augementation_salaire_precedente_15 %', 'cat__augementation_salaire_precedente_16 %', 'cat__augementation_salaire_precedente_17 %', 'cat__augementation_salaire_precedente_18 %', 'cat__augementation_salaire_precedente_19 %', 'cat__augementation_salaire_precedente_20 %', 'cat__augementation_salaire_precedente_21 %', 'cat__augementation_salaire_precedente_22 %', 'cat__augementation_salaire_precedente_23 %', 'cat__augementation_salaire_precedente_24 %', 'cat__augementation_salaire_precedente_25 %', 'cat__statut_marital_Célibataire', 'cat__statut_marital_Divorcé(e)', 'cat__statut_marital_Marié(e)', 'cat__departement_Commercial', 'cat__departement_Consulting', 'cat__departement_Ressources Humaines', 'cat__poste_Assistant de Direction', 'cat__poste_Cadre Commercial', 'cat__poste_Consultant', 'cat__poste_Directeur Technique', 'cat__poste_Manager', 'cat__poste_Représentant Commercial', 'cat__poste_Ressources Humaines', 'cat__poste_Senior Manager', 'cat__poste_Tech Lead', 'cat__domaine_etude_Autre', 'cat__domaine_etude_Entrepreunariat', 'cat__domaine_etude_Infra & Cloud', 'cat__domaine_etude_Marketing', 'cat__domaine_etude_Ressources Humaines', 'cat__domaine_etude_Transformation Digitale', 'cat__ayant_enfants_Y', 'cat__frequence_deplacement_Aucun', 'cat__frequence_deplacement_Frequent', 'cat__frequence_deplacement_Occasionnel']",2025-12-05 18:24:47.835703+00:00
82,13415,"[-0.11799551889381826, -0.10371139177328444, 0.0029916518820057563, -0.3449610660543126, -0.08313356667656446, -0.019036080566459973, -0.1829824029236773, -0.4543563582277338, 3.2836384857362906, 0.08002766970722806, 0.10138183817461895, 0.01623918090131024, -0.09491596234798821, 0.12258578878830305, 0.04915905806018195, -0.0, -0.0452064027265629, 0.12153569153302007, -0.0, 0.17182338740459216, 0.0, -0.007778549247964336, 0.19690280653061076, 0.02140967333811745, -0.07955050609844841, -0.01283086001138259, -0.00686203179120519, -0.0, -0.0, 0.023954424573350914, -0.0, -0.0, -0.0, -0.0, 0.004853875970295928, 0.002946598898926316, -0.0, -0.00017803260482038435, 0.0, 0.0, -0.0, -0.10743518189069683, 0.017179526218022052, 0.007344058689886419, -0.06258185761554942, 0.24805574764539004, -0.0, 0.07165381095219742, -0.0, -0.08902040178278302, 0.0015197767288302603, 0.011817125862619706, -0.008106719730306845, -0.0, -0.0, -0.0, 0.0018875036456319117, -0.002936690411928771, 0.0037325249145255617, -0.011406420463949761, -0.0, -0.0, -0.0, 0.035596535260333184, -0.11351152551480784, -0.0]",-1.0379683952352932,"['num__satisfaction_employee_environnement', 'num__note_evaluation_precedente', 'num__niveau_hierarchique_poste', 'num__satisfaction_employee_nature_travail', 'num__satisfaction_employee_equipe', 'num__satisfaction_employee_equilibre_pro_perso', 'num__note_evaluation_actuelle', 'num__heures_supplementaires', 'num__id_employee', 'num__age', 'num__genre', 'num__revenu_mensuel', 'num__nombre_experiences_precedentes', 'num__annee_experience_totale', 'num__annees_dans_l_entreprise', 'num__annees_dans_le_poste_actuel', 'num__nombre_participation_pee', 'num__nb_formations_suivies', 'num__nombre_employee_sous_responsabilite', 'num__distance_domicile_travail', 'num__niveau_education', 'num__annees_depuis_la_derniere_promotion', 'num__annes_sous_responsable_actuel', 'num__improvement_evaluation', 'num__total_satisfaction', 'num__work_mobility', 'cat__augementation_salaire_precedente_11 %', 'cat__augementation_salaire_precedente_12 %', 'cat__augementation_salaire_precedente_13 %', 'cat__augementation_salaire_precedente_14 %', 'cat__augementation_salaire_precedente_15 %', 'cat__augementation_salaire_precedente_16 %', 'cat__augementation_salaire_precedente_17 %', 'cat__augementation_salaire_precedente_18 %', 'cat__augementation_salaire_precedente_19 %', 'cat__augementation_salaire_precedente_20 %', 'cat__augementation_salaire_precedente_21 %', 'cat__augementation_salaire_precedente_22 %', 'cat__augementation_salaire_precedente_23 %', 'cat__augementation_salaire_precedente_24 %', 'cat__augementation_salaire_precedente_25 %', 'cat__statut_marital_Célibataire', 'cat__statut_marital_Divorcé(e)', 'cat__statut_marital_Marié(e)', 'cat__departement_Commercial', 'cat__departement_Consulting', 'cat__departement_Ressources Humaines', 'cat__poste_Assistant de Direction', 'cat__poste_Cadre Commercial', 'cat__poste_Consultant', 'cat__poste_Directeur Technique', 'cat__poste_Manager', 'cat__poste_Représentant Commercial', 'cat__poste_Ressources Humaines', 'cat__poste_Senior Manager', 'cat__poste_Tech Lead', 'cat__domaine_etude_Autre', 'cat__domaine_etude_Entrepreunariat', 'cat__domaine_etude_Infra & Cloud', 'cat__domaine_etude_Marketing', 'cat__domaine_etude_Ressources Humaines', 'cat__domaine_etude_Transformation Digitale', 'cat__ayant_enfants_Y', 'cat__frequence_deplacement_Aucun', 'cat__frequence_deplacement_Frequent', 'cat__frequence_deplacement_Occasionnel']",2025-12-05 18:24:47.643373+00:00
81,13414,"[-0.11799551889381826, -0.10371139177328444, 0.0029916518820057563, -0.3449610660543126, -0.08313356667656446, -0.019036080566459973, -0.1829824029236773, -0.4543563582277338, 3.2836049802468086, 0.08002766970722806, 0.10138183817461895, 0.01623918090131024, -0.09491596234798821, 0.12258578878830305, 0.04915905806018195, -0.0, -0.0452064027265629, 0.12153569153302007, -0.0, 0.17182338740459216, 0.0, -0.007778549247964336, 0.19690280653061076, 0.02140967333811745, -0.07955050609844841, -0.01283086001138259, -0.00686203179120519, -0.0, -0.0, 0.023954424573350914, -0.0, -0.0, -0.0, -0.0, 0.004853875970295928, 0.002946598898926316, -0.0, -0.00017803260482038435, 0.0, 0.0, -0.0, -0.10743518189069683, 0.017179526218022052, 0.007344058689886419, -0.06258185761554942, 0.24805574764539004, -0.0, 0.07165381095219742, -0.0, -0.08902040178278302, 0.0015197767288302603, 0.011817125862619706, -0.008106719730306845, -0.0, -0.0, -0.0, 0.0018875036456319117, -0.002936690411928771, 0.0037325249145255617, -0.011406420463949761, -0.0, -0.0, -0.0, 0.035596535260333184, -0.11351152551480784, -0.0]",-1.0379683952352932,"['num__satisfaction_employee_environnement', 'num__note_evaluation_precedente', 'num__niveau_hierarchique_poste', 'num__satisfaction_employee_nature_travail', 'num__satisfaction_employee_equipe', 'num__satisfaction_employee_equilibre_pro_perso', 'num__note_evaluation_actuelle', 'num__heures_supplementaires', 'num__id_employee', 'num__age', 'num__genre', 'num__revenu_mensuel', 'num__nombre_experiences_precedentes', 'num__annee_experience_totale', 'num__annees_dans_l_entreprise', 'num__annees_dans_le_poste_actuel', 'num__nombre_participation_pee', 'num__nb_formations_suivies', 'num__nombre_employee_sous_responsabilite', 'num__distance_domicile_travail', 'num__niveau_education', 'num__annees_depuis_la_derniere_promotion', 'num__annes_sous_responsable_actuel', 'num__improvement_evaluation', 'num__total_satisfaction', 'num__work_mobility', 'cat__augementation_salaire_precedente_11 %', 'cat__augementation_salaire_precedente_12 %', 'cat__augementation_salaire_precedente_13 %', 'cat__augementation_salaire_precedente_14 %', 'cat__augementation_salaire_precedente_15 %', 'cat__augementation_salaire_precedente_16 %', 'cat__augementation_salaire_precedente_17 %', 'cat__augementation_salaire_precedente_18 %', 'cat__augementation_salaire_precedente_19 %', 'cat__augementation_salaire_precedente_20 %', 'cat__augementation_salaire_precedente_21 %', 'cat__augementation_salaire_precedente_22 %', 'cat__augementation_salaire_precedente_23 %', 'cat__augementation_salaire_precedente_24 %', 'cat__augementation_salaire_precedente_25 %', 'cat__statut_marital_Célibataire', 'cat__statut_marital_Divorcé(e)', 'cat__statut_marital_Marié(e)', 'cat__departement_Commercial', 'cat__departement_Consulting', 'cat__departement_Ressources Humaines', 'cat__poste_Assistant de Direction', 'cat__poste_Cadre Commercial', 'cat__poste_Consultant', 'cat__poste_Directeur Technique', 'cat__poste_Manager', 'cat__poste_Représentant Commercial', 'cat__poste_Ressources Humaines', 'cat__poste_Senior Manager', 'cat__poste_Tech Lead', 'cat__domaine_etude_Autre', 'cat__domaine_etude_Entrepreunariat', 'cat__domaine_etude_Infra & Cloud', 'cat__domaine_etude_Marketing', 'cat__domaine_etude_Ressources Humaines', 'cat__domaine_etude_Transformation Digitale', 'cat__ayant_enfants_Y', 'cat__frequence_deplacement_Aucun', 'cat__frequence_deplacement_Frequent', 'cat__frequence_deplacement_Occasionnel']",2025-12-05 18:24:47.619627+00:00
80,13413,"[-0.11799551889381826, -0.10371139177328444, 0.0029916518820057563, -0.3449610660543126, -0.08313356667656446, -0.019036080566459973, -0.1829824029236773, -0.4543563582277338, 3.283571474757326, 0.08002766970722806, 0.10138183817461895, 0.01623918090131024, -0.09491596234798821, 0.12258578878830305, 0.04915905806018195, -0.0, -0.0452064027265629, 0.12153569153302007, -0.0, 0.17182338740459216, 0.0, -0.007778549247964336, 0.19690280653061076, 0.02140967333811745, -0.07955050609844841, -0.01283086001138259, -0.00686203179120519, -0.0, -0.0, 0.023954424573350914, -0.0, -0.0, -0.0, -0.0, 0.004853875970295928, 0.002946598898926316, -0.0, -0.00017803260482038435, 0.0, 0.0, -0.0, -0.10743518189069683, 0.017179526218022052, 0.007344058689886419, -0.06258185761554942, 0.24805574764539004, -0.0, 0.07165381095219742, -0.0, -0.08902040178278302, 0.0015197767288302603, 0.011817125862619706, -0.008106719730306845, -0.0, -0.0, -0.0, 0.0018875036456319117, -0.002936690411928771, 0.0037325249145255617, -0.011406420463949761, -0.0, -0.0, -0.0, 0.035596535260333184, -0.11351152551480784, -0.0]",-1.0379683952352932,"['num__satisfaction_employee_environnement', 'num__note_evaluation_precedente', 'num__niveau_hierarchique_poste', 'num__satisfaction_employee_nature_travail', 'num__satisfaction_employee_equipe', 'num__satisfaction_employee_equilibre_pro_perso', 'num__note_evaluation_actuelle', 'num__heures_supplementaires', 'num__id_employee', 'num__age', 'num__genre', 'num__revenu_mensuel', 'num__nombre_experiences_precedentes', 'num__annee_experience_totale', 'num__annees_dans_l_entreprise', 'num__annees_dans_le_poste_actuel', 'num__nombre_participation_pee', 'num__nb_formations_suivies', 'num__nombre_employee_sous_responsabilite', 'num__distance_domicile_travail', 'num__niveau_education', 'num__annees_depuis_la_derniere_promotion', 'num__annes_sous_responsable_actuel', 'num__improvement_evaluation', 'num__total_satisfaction', 'num__work_mobility', 'cat__augementation_salaire_precedente_11 %', 'cat__augementation_salaire_precedente_12 %', 'cat__augementation_salaire_precedente_13 %', 'cat__augementation_salaire_precedente_14 %', 'cat__augementation_salaire_precedente_15 %', 'cat__augementation_salaire_precedente_16 %', 'cat__augementation_salaire_precedente_17 %', 'cat__augementation_salaire_precedente_18 %', 'cat__augementation_salaire_precedente_19 %', 'cat__augementation_salaire_precedente_20 %', 'cat__augementation_salaire_precedente_21 %', 'cat__augementation_salaire_precedente_22 %', 'cat__augementation_salaire_precedente_23 %', 'cat__augementation_salaire_precedente_24 %', 'cat__augementation_salaire_precedente_25 %', 'cat__statut_marital_Célibataire', 'cat__statut_marital_Divorcé(e)', 'cat__statut_marital_Marié(e)', 'cat__departement_Commercial', 'cat__departement_Consulting', 'cat__departement_Ressources Humaines', 'cat__poste_Assistant de Direction', 'cat__poste_Cadre Commercial', 'cat__poste_Consultant', 'cat__poste_Directeur Technique', 'cat__poste_Manager', 'cat__poste_Représentant Commercial', 'cat__poste_Ressources Humaines', 'cat__poste_Senior Manager', 'cat__poste_Tech Lead', 'cat__domaine_etude_Autre', 'cat__domaine_etude_Entrepreunariat', 'cat__domaine_etude_Infra & Cloud', 'cat__domaine_etude_Marketing', 'cat__domaine_etude_Ressources Humaines', 'cat__domaine_etude_Transformation Digitale', 'cat__ayant_enfants_Y', 'cat__frequence_deplacement_Aucun', 'cat__frequence_deplacement_Frequent', 'cat__frequence_deplacement_Occasionnel']",2025-12-05 18:24:47.594252+00:00
79,13412,"[-0.11799551889381826, -0.10371139177328444, 0.0029916518820057563, -0.3449610660543126, -0.08313356667656446, -0.019036080566459973, -0.1829824029236773, -0.4543563582277338, 3.283571474757326, 0.08002766970722806, 0.10138183817461895, 0.01623918090131024, -0.09491596234798821, 0.12258578878830305, 0.04915905806018195, -0.0, -0.0452064027265629, 0.12153569153302007, -0.0, 0.17182338740459216, 0.0, -0.007778549247964336, 0.19690280653061076, 0.02140967333811745, -0.07955050609844841, -0.01283086001138259, -0.00686203179120519, -0.0, -0.0, 0.023954424573350914, -0.0, -0.0, -0.0, -0.0, 0.004853875970295928, 0.002946598898926316, -0.0, -0.00017803260482038435, 0.0, 0.0, -0.0, -0.10743518189069683, 0.017179526218022052, 0.007344058689886419, -0.06258185761554942, 0.24805574764539004, -0.0, 0.07165381095219742, -0.0, -0.08902040178278302, 0.0015197767288302603, 0.011817125862619706, -0.008106719730306845, -0.0, -0.0, -0.0, 0.0018875036456319117, -0.002936690411928771, 0.0037325249145255617, -0.011406420463949761, -0.0, -0.0, -0.0, 0.035596535260333184, -0.11351152551480784, -0.0]",-1.0379683952352932,"['num__satisfaction_employee_environnement', 'num__note_evaluation_precedente', 'num__niveau_hierarchique_poste', 'num__satisfaction_employee_nature_travail', 'num__satisfaction_employee_equipe', 'num__satisfaction_employee_equilibre_pro_perso', 'num__note_evaluation_actuelle', 'num__heures_supplementaires', 'num__id_employee', 'num__age', 'num__genre', 'num__revenu_mensuel', 'num__nombre_experiences_precedentes', 'num__annee_experience_totale', 'num__annees_dans_l_entreprise', 'num__annees_dans_le_poste_actuel', 'num__nombre_participation_pee', 'num__nb_formations_suivies', 'num__nombre_employee_sous_responsabilite', 'num__distance_domicile_travail', 'num__niveau_education', 'num__annees_depuis_la_derniere_promotion', 'num__annes_sous_responsable_actuel', 'num__improvement_evaluation', 'num__total_satisfaction', 'num__work_mobility', 'cat__augementation_salaire_precedente_11 %', 'cat__augementation_salaire_precedente_12 %', 'cat__augementation_salaire_precedente_13 %', 'cat__augementation_salaire_precedente_14 %', 'cat__augementation_salaire_precedente_15 %', 'cat__augementation_salaire_precedente_16 %', 'cat__augementation_salaire_precedente_17 %', 'cat__augementation_salaire_precedente_18 %', 'cat__augementation_salaire_precedente_19 %', 'cat__augementation_salaire_precedente_20 %', 'cat__augementation_salaire_precedente_21 %', 'cat__augementation_salaire_precedente_22 %', 'cat__augementation_salaire_precedente_23 %', 'cat__augementation_salaire_precedente_24 %', 'cat__augementation_salaire_precedente_25 %', 'cat__statut_marital_Célibataire', 'cat__statut_marital_Divorcé(e)', 'cat__statut_marital_Marié(e)', 'cat__departement_Commercial', 'cat__departement_Consulting', 'cat__departement_Ressources Humaines', 'cat__poste_Assistant de Direction', 'cat__poste_Cadre Commercial', 'cat__poste_Consultant', 'cat__poste_Directeur Technique', 'cat__poste_Manager', 'cat__poste_Représentant Commercial', 'cat__poste_Ressources Humaines', 'cat__poste_Senior Manager', 'cat__poste_Tech Lead', 'cat__domaine_etude_Autre', 'cat__domaine_etude_Entrepreunariat', 'cat__domaine_etude_Infra & Cloud', 'cat__domaine_etude_Marketing', 'cat__domaine_etude_Ressources Humaines', 'cat__domaine_etude_Transformation Digitale', 'cat__ayant_enfants_Y', 'cat__frequence_deplacement_Aucun', 'cat__frequence_deplacement_Frequent', 'cat__frequence_deplacement_Occasionnel']",2025-12-05 18:24:47.439655+00:00
78,13411,"[-0.11799551889381826, -0.10371139177328444, 0.0029916518820057563, -0.3449610660543126, -0.08313356667656446, -0.019036080566459973, -0.1829824029236773, -0.4543563582277338, 3.283671991225773, 0.08002766970722806, 0.10138183817461895, 0.01623918090131024, -0.09491596234798821, 0.12258578878830305, 0.04915905806018195, -0.0, -0.0452064027265629, 0.12153569153302007, -0.0, 0.17182338740459216, 0.0, -0.007778549247964336, 0.19690280653061076, 0.02140967333811745, -0.07955050609844841, -0.01283086001138259, -0.00686203179120519, -0.0, -0.0, 0.023954424573350914, -0.0, -0.0, -0.0, -0.0, 0.004853875970295928, 0.002946598898926316, -0.0, -0.00017803260482038435, 0.0, 0.0, -0.0, -0.10743518189069683, 0.017179526218022052, 0.007344058689886419, -0.06258185761554942, 0.24805574764539004, -0.0, 0.07165381095219742, -0.0, -0.08902040178278302, 0.0015197767288302603, 0.011817125862619706, -0.008106719730306845, -0.0, -0.0, -0.0, 0.0018875036456319117, -0.002936690411928771, 0.0037325249145255617, -0.011406420463949761, -0.0, -0.0, -0.0, 0.035596535260333184, -0.11351152551480784, -0.0]",-1.0379683952352932,"['num__satisfaction_employee_environnement', 'num__note_evaluation_precedente', 'num__niveau_hierarchique_poste', 'num__satisfaction_employee_nature_travail', 'num__satisfaction_employee_equipe', 'num__satisfaction_employee_equilibre_pro_perso', 'num__note_evaluation_actuelle', 'num__heures_supplementaires', 'num__id_employee', 'num__age', 'num__genre', 'num__revenu_mensuel', 'num__nombre_experiences_precedentes', 'num__annee_experience_totale', 'num__annees_dans_l_entreprise', 'num__annees_dans_le_poste_actuel', 'num__nombre_participation_pee', 'num__nb_formations_suivies', 'num__nombre_employee_sous_responsabilite', 'num__distance_domicile_travail', 'num__niveau_education', 'num__annees_depuis_la_derniere_promotion', 'num__annes_sous_responsable_actuel', 'num__improvement_evaluation', 'num__total_satisfaction', 'num__work_mobility', 'cat__augementation_salaire_precedente_11 %', 'cat__augementation_salaire_precedente_12 %', 'cat__augementation_salaire_precedente_13 %', 'cat__augementation_salaire_precedente_14 %', 'cat__augementation_salaire_precedente_15 %', 'cat__augementation_salaire_precedente_16 %', 'cat__augementation_salaire_precedente_17 %', 'cat__augementation_salaire_precedente_18 %', 'cat__augementation_salaire_precedente_19 %', 'cat__augementation_salaire_precedente_20 %', 'cat__augementation_salaire_precedente_21 %', 'cat__augementation_salaire_precedente_22 %', 'cat__augementation_salaire_precedente_23 %', 'cat__augementation_salaire_precedente_24 %', 'cat__augementation_salaire_precedente_25 %', 'cat__statut_marital_Célibataire', 'cat__statut_marital_Divorcé(e)', 'cat__statut_marital_Marié(e)', 'cat__departement_Commercial', 'cat__departement_Consulting', 'cat__departement_Ressources Humaines', 'cat__poste_Assistant de Direction', 'cat__poste_Cadre Commercial', 'cat__poste_Consultant', 'cat__poste_Directeur Technique', 'cat__poste_Manager', 'cat__poste_Représentant Commercial', 'cat__poste_Ressources Humaines', 'cat__poste_Senior Manager', 'cat__poste_Tech Lead', 'cat__domaine_etude_Autre', 'cat__domaine_etude_Entrepreunariat', 'cat__domaine_etude_Infra & Cloud', 'cat__domaine_etude_Marketing', 'cat__domaine_etude_Ressources Humaines', 'cat__domaine_etude_Transformation Digitale', 'cat__ayant_enfants_Y', 'cat__frequence_deplacement_Aucun', 'cat__frequence_deplacement_Frequent', 'cat__frequence_deplacement_Occasionnel']",2025-12-05 18:24:45.890580+00:00
77,13410,"[-0.11799551889381826, -0.10371139177328444, 0.0029916518820057563, -0.3449610660543126, -0.08313356667656446, -0.019036080566459973, -0.1829824029236773, -0.4543563582277338, 3.2836384857362906, 0.08002766970722806, 0.10138183817461895, 0.01623918090131024, -0.09491596234798821, 0.12258578878830305, 0.04915905806018195, -0.0, -0.0452064027265629, 0.12153569153302007, -0.0, 0.17182338740459216, 0.0, -0.007778549247964336, 0.19690280653061076, 0.02140967333811745, -0.07955050609844841, -0.01283086001138259, -0.00686203179120519, -0.0, -0.0, 0.023954424573350914, -0.0, -0.0, -0.0, -0.0, 0.004853875970295928, 0.002946598898926316, -0.0, -0.00017803260482038435, 0.0, 0.0, -0.0, -0.10743518189069683, 0.017179526218022052, 0.007344058689886419, -0.06258185761554942, 0.24805574764539004, -0.0, 0.07165381095219742, -0.0, -0.08902040178278302, 0.0015197767288302603, 0.011817125862619706, -0.008106719730306845, -0.0, -0.0, -0.0, 0.0018875036456319117, -0.002936690411928771, 0.0037325249145255617, -0.011406420463949761, -0.0, -0.0, -0.0, 0.035596535260333184, -0.11351152551480784, -0.0]",-1.0379683952352932,"['num__satisfaction_employee_environnement', 'num__note_evaluation_precedente', 'num__niveau_hierarchique_poste', 'num__satisfaction_employee_nature_travail', 'num__satisfaction_employee_equipe', 'num__satisfaction_employee_equilibre_pro_perso', 'num__note_evaluation_actuelle', 'num__heures_supplementaires', 'num__id_employee', 'num__age', 'num__genre', 'num__revenu_mensuel', 'num__nombre_experiences_precedentes', 'num__annee_experience_totale', 'num__annees_dans_l_entreprise', 'num__annees_dans_le_poste_actuel', 'num__nombre_participation_pee', 'num__nb_formations_suivies', 'num__nombre_employee_sous_responsabilite', 'num__distance_domicile_travail', 'num__niveau_education', 'num__annees_depuis_la_derniere_promotion', 'num__annes_sous_responsable_actuel', 'num__improvement_evaluation', 'num__total_satisfaction', 'num__work_mobility', 'cat__augementation_salaire_precedente_11 %', 'cat__augementation_salaire_precedente_12 %', 'cat__augementation_salaire_precedente_13 %', 'cat__augementation_salaire_precedente_14 %', 'cat__augementation_salaire_precedente_15 %', 'cat__augementation_salaire_precedente_16 %', 'cat__augementation_salaire_precedente_17 %', 'cat__augementation_salaire_precedente_18 %', 'cat__augementation_salaire_precedente_19 %', 'cat__augementation_salaire_precedente_20 %', 'cat__augementation_salaire_precedente_21 %', 'cat__augementation_salaire_precedente_22 %', 'cat__augementation_salaire_precedente_23 %', 'cat__augementation_salaire_precedente_24 %', 'cat__augementation_salaire_precedente_25 %', 'cat__statut_marital_Célibataire', 'cat__statut_marital_Divorcé(e)', 'cat__statut_marital_Marié(e)', 'cat__departement_Commercial', 'cat__departement_Consulting', 'cat__departement_Ressources Humaines', 'cat__poste_Assistant de Direction', 'cat__poste_Cadre Commercial', 'cat__poste_Consultant', 'cat__poste_Directeur Technique', 'cat__poste_Manager', 'cat__poste_Représentant Commercial', 'cat__poste_Ressources Humaines', 'cat__poste_Senior Manager', 'cat__poste_Tech Lead', 'cat__domaine_etude_Autre', 'cat__domaine_etude_Entrepreunariat', 'cat__domaine_etude_Infra & Cloud', 'cat__domaine_etude_Marketing', 'cat__domaine_etude_Ressources Humaines', 'cat__domaine_etude_Transformation Digitale', 'cat__ayant_enfants_Y', 'cat__frequence_deplacement_Aucun', 'cat__frequence_deplacement_Frequent', 'cat__frequence_deplacement_Occasionnel']",2025-12-05 18:24:45.867622+00:00
